maceoff_water_1	6,6,6,6,6,6,6,6,6,1,1,1,1,1,1,1,1,1,1,1,1,1,1,1,1,1,1	0.0,0.0,0.0,0.0,0.0,0.0,0.0,0.0,0.0,0.0,0.0,0.0,0.0,0.0,0.0,0.0,0.0,0.0,0.0,0.0,0.0,0.0,0.0,0.0,0.0,0.0,0.0	0,0,0,0,0,0,0,0,0,0,0,0,0,0,0,0,0,0,0,0,0,0,0,0,0,0,0	2,2,2,2,2,2,2,2,2,1,1,1,1,1,1,1,1,1,1,1,1,1,1,1,1,1,1	1/10,1/11,2/12,2/13,3/14,3/15,4/16,4/17,5/18,5/19,6/20,6/21,7/22,7/23,8/24,8/25,9/26,9/27	10/1/11,12/2/13,14/3/15,16/4/17,18/5/19,20/6/21,22/7/23,24/8/25,26/9/27	-	-	1,2,3,4,5,6,7,8,9,1,1,2,2,3,3,4,4,5,5,6,6,7,7,8,8,9,9
maceoff_water_2	6,6,6,1,1,1,1,1,1	0.0,0.0,0.0,0.0,0.0,0.0,0.0,0.0,0.0	0,0,0,0,0,0,0,0,0	2,2,2,1,1,1,1,1,1	1/4,1/5,2/6,2/7,3/8,3/9	4/1/5,6/2/7,8/3/9	-	-	1,2,3,1,1,2,2,3,3
maceoff_water_3	6,6,6,1,1,1,1,1,1	0.0,0.0,0.0,0.0,0.0,0.0,0.0,0.0,0.0	0,0,0,0,0,0,0,0,0	2,2,2,1,1,1,1,1,1	1/4,1/5,2/6,2/7,3/8,3/9	4/1/5,6/2/7,8/3/9	-	-	1,2,3,1,1,2,2,3,3
maceoff_water_4	6,6,6,6,6,6,6,6,6,6,6,6,1,1,1,1,1,1,1,1,1,1,1,1,1,1,1,1,1,1,1,1,1,1,1,1	0.0,0.0,0.0,0.0,0.0,0.0,0.0,0.0,0.0,0.0,0.0,0.0,0.0,0.0,0.0,0.0,0.0,0.0,0.0,0.0,0.0,0.0,0.0,0.0,0.0,0.0,0.0,0.0,0.0,0.0,0.0,0.0,0.0,0.0,0.0,0.0	0,0,0,0,0,0,0,0,0,0,0,0,0,0,0,0,0,0,0,0,0,0,0,0,0,0,0,0,0,0,0,0,0,0,0,0	2,2,2,2,2,2,2,2,2,2,2,2,1,1,1,1,1,1,1,1,1,1,1,1,1,1,1,1,1,1,1,1,1,1,1,1	1/13,1/14,2/15,2/16,3/17,3/18,4/19,4/20,5/21,5/22,6/23,6/24,7/25,7/26,8/27,8/28,9/29,9/30,10/31,10/32,11/33,11/34,12/35,12/36	13/1/14,15/2/16,17/3/18,19/4/20,21/5/22,23/6/24,25/7/26,27/8/28,29/9/30,31/10/32,33/11/34,35/12/36	-	-	1,2,3,4,5,6,7,8,9,10,11,12,1,1,2,2,3,3,4,4,5,5,6,6,7,7,8,8,9,9,10,10,11,11,12,12
maceoff_water_5	6,6,6,6,6,6,6,6,1,1,1,1,1,1,1,1,1,1,1,1,1,1,1,1	0.0,0.0,0.0,0.0,0.0,0.0,0.0,0.0,0.0,0.0,0.0,0.0,0.0,0.0,0.0,0.0,0.0,0.0,0.0,0.0,0.0,0.0,0.0,0.0	0,0,0,0,0,0,0,0,0,0,0,0,0,0,0,0,0,0,0,0,0,0,0,0	2,2,2,2,2,2,2,2,1,1,1,1,1,1,1,1,1,1,1,1,1,1,1,1	1/9,1/10,2/11,2/12,3/13,3/14,4/15,4/16,5/17,5/18,6/19,6/20,7/21,7/22,8/23,8/24	9/1/10,11/2/12,13/3/14,15/4/16,17/5/18,19/6/20,21/7/22,23/8/24	-	-	1,2,3,4,5,6,7,8,1,1,2,2,3,3,4,4,5,5,6,6,7,7,8,8
maceoff_water_6	6,6,6,6,6,6,6,6,1,1,1,1,1,1,1,1,1,1,1,1,1,1,1,1	0.0,0.0,0.0,0.0,0.0,0.0,0.0,0.0,0.0,0.0,0.0,0.0,0.0,0.0,0.0,0.0,0.0,0.0,0.0,0.0,0.0,0.0,0.0,0.0	0,0,0,0,0,0,0,0,0,0,0,0,0,0,0,0,0,0,0,0,0,0,0,0	2,2,2,2,2,2,2,2,1,1,1,1,1,1,1,1,1,1,1,1,1,1,1,1	1/9,1/10,2/11,2/12,3/13,3/14,4/15,4/16,5/17,5/18,6/19,6/20,7/21,7/22,8/23,8/24	9/1/10,11/2/12,13/3/14,15/4/16,17/5/18,19/6/20,21/7/22,23/8/24	-	-	1,2,3,4,5,6,7,8,1,1,2,2,3,3,4,4,5,5,6,6,7,7,8,8
maceoff_water_7	6,6,6,6,6,1,1,1,1,1,1,1,1,1,1	0.0,0.0,0.0,0.0,0.0,0.0,0.0,0.0,0.0,0.0,0.0,0.0,0.0,0.0,0.0	0,0,0,0,0,0,0,0,0,0,0,0,0,0,0	2,2,2,2,2,1,1,1,1,1,1,1,1,1,1	1/6,1/7,2/8,2/9,3/10,3/11,4/12,4/13,5/14,5/15	6/1/7,8/2/9,10/3/11,12/4/13,14/5/15	-	-	1,2,3,4,5,1,1,2,2,3,3,4,4,5,5
maceoff_water_8	6,6,6,6,6,6,6,1,1,1,1,1,1,1,1,1,1,1,1,1,1	0.0,0.0,0.0,0.0,0.0,0.0,0.0,0.0,0.0,0.0,0.0,0.0,0.0,0.0,0.0,0.0,0.0,0.0,0.0,0.0,0.0	0,0,0,0,0,0,0,0,0,0,0,0,0,0,0,0,0,0,0,0,0	2,2,2,2,2,2,2,1,1,1,1,1,1,1,1,1,1,1,1,1,1	1/8,1/9,2/10,2/11,3/12,3/13,4/14,4/15,5/16,5/17,6/18,6/19,7/20,7/21	8/1/9,10/2/11,12/3/13,14/4/15,16/5/17,18/6/19,20/7/21	-	-	1,2,3,4,5,6,7,1,1,2,2,3,3,4,4,5,5,6,6,7,7
maceoff_water_9	6,6,6,6,6,6,6,6,6,1,1,1,1,1,1,1,1,1,1,1,1,1,1,1,1,1,1	0.0,0.0,0.0,0.0,0.0,0.0,0.0,0.0,0.0,0.0,0.0,0.0,0.0,0.0,0.0,0.0,0.0,0.0,0.0,0.0,0.0,0.0,0.0,0.0,0.0,0.0,0.0	0,0,0,0,0,0,0,0,0,0,0,0,0,0,0,0,0,0,0,0,0,0,0,0,0,0,0	2,2,2,2,2,2,2,2,2,1,1,1,1,1,1,1,1,1,1,1,1,1,1,1,1,1,1	1/10,1/11,2/12,2/13,3/14,3/15,4/16,4/17,5/18,5/19,6/20,6/21,7/22,7/23,8/24,8/25,9/26,9/27	10/1/11,12/2/13,14/3/15,16/4/17,18/5/19,20/6/21,22/7/23,24/8/25,26/9/27	-	-	1,2,3,4,5,6,7,8,9,1,1,2,2,3,3,4,4,5,5,6,6,7,7,8,8,9,9
maceoff_water_10	6,6,6,6,6,6,6,6,6,6,6,6,1,1,1,1,1,1,1,1,1,1,1,1,1,1,1,1,1,1,1,1,1,1,1,1	0.0,0.0,0.0,0.0,0.0,0.0,0.0,0.0,0.0,0.0,0.0,0.0,0.0,0.0,0.0,0.0,0.0,0.0,0.0,0.0,0.0,0.0,0.0,0.0,0.0,0.0,0.0,0.0,0.0,0.0,0.0,0.0,0.0,0.0,0.0,0.0	0,0,0,0,0,0,0,0,0,0,0,0,0,0,0,0,0,0,0,0,0,0,0,0,0,0,0,0,0,0,0,0,0,0,0,0	2,2,2,2,2,2,2,2,2,2,2,2,1,1,1,1,1,1,1,1,1,1,1,1,1,1,1,1,1,1,1,1,1,1,1,1	1/13,1/14,2/15,2/16,3/17,3/18,4/19,4/20,5/21,5/22,6/23,6/24,7/25,7/26,8/27,8/28,9/29,9/30,10/31,10/32,11/33,11/34,12/35,12/36	13/1/14,15/2/16,17/3/18,19/4/20,21/5/22,23/6/24,25/7/26,27/8/28,29/9/30,31/10/32,33/11/34,35/12/36	-	-	1,2,3,4,5,6,7,8,9,10,11,12,1,1,2,2,3,3,4,4,5,5,6,6,7,7,8,8,9,9,10,10,11,11,12,12
maceoff_water_11	6,6,6,6,6,6,6,1,1,1,1,1,1,1,1,1,1,1,1,1,1	0.0,0.0,0.0,0.0,0.0,0.0,0.0,0.0,0.0,0.0,0.0,0.0,0.0,0.0,0.0,0.0,0.0,0.0,0.0,0.0,0.0	0,0,0,0,0,0,0,0,0,0,0,0,0,0,0,0,0,0,0,0,0	2,2,2,2,2,2,2,1,1,1,1,1,1,1,1,1,1,1,1,1,1	1/8,1/9,2/10,2/11,3/12,3/13,4/14,4/15,5/16,5/17,6/18,6/19,7/20,7/21	8/1/9,10/2/11,12/3/13,14/4/15,16/5/17,18/6/19,20/7/21	-	-	1,2,3,4,5,6,7,1,1,2,2,3,3,4,4,5,5,6,6,7,7
maceoff_water_12	6,6,6,6,6,6,6,6,6,6,1,1,1,1,1,1,1,1,1,1,1,1,1,1,1,1,1,1,1,1	0.0,0.0,0.0,0.0,0.0,0.0,0.0,0.0,0.0,0.0,0.0,0.0,0.0,0.0,0.0,0.0,0.0,0.0,0.0,0.0,0.0,0.0,0.0,0.0,0.0,0.0,0.0,0.0,0.0,0.0	0,0,0,0,0,0,0,0,0,0,0,0,0,0,0,0,0,0,0,0,0,0,0,0,0,0,0,0,0,0	2,2,2,2,2,2,2,2,2,2,1,1,1,1,1,1,1,1,1,1,1,1,1,1,1,1,1,1,1,1	1/11,1/12,2/13,2/14,3/15,3/16,4/17,4/18,5/19,5/20,6/21,6/22,7/23,7/24,8/25,8/26,9/27,9/28,10/29,10/30	11/1/12,13/2/14,15/3/16,17/4/18,19/5/20,21/6/22,23/7/24,25/8/26,27/9/28,29/10/30	-	-	1,2,3,4,5,6,7,8,9,10,1,1,2,2,3,3,4,4,5,5,6,6,7,7,8,8,9,9,10,10
maceoff_water_13	6,6,6,6,6,6,6,6,6,6,6,6,1,1,1,1,1,1,1,1,1,1,1,1,1,1,1,1,1,1,1,1,1,1,1,1	0.0,0.0,0.0,0.0,0.0,0.0,0.0,0.0,0.0,0.0,0.0,0.0,0.0,0.0,0.0,0.0,0.0,0.0,0.0,0.0,0.0,0.0,0.0,0.0,0.0,0.0,0.0,0.0,0.0,0.0,0.0,0.0,0.0,0.0,0.0,0.0	0,0,0,0,0,0,0,0,0,0,0,0,0,0,0,0,0,0,0,0,0,0,0,0,0,0,0,0,0,0,0,0,0,0,0,0	2,2,2,2,2,2,2,2,2,2,2,2,1,1,1,1,1,1,1,1,1,1,1,1,1,1,1,1,1,1,1,1,1,1,1,1	1/13,1/14,2/15,2/16,3/17,3/18,4/19,4/20,5/21,5/22,6/23,6/24,7/25,7/26,8/27,8/28,9/29,9/30,10/31,10/32,11/33,11/34,12/35,12/36	13/1/14,15/2/16,17/3/18,19/4/20,21/5/22,23/6/24,25/7/26,27/8/28,29/9/30,31/10/32,33/11/34,35/12/36	-	-	1,2,3,4,5,6,7,8,9,10,11,12,1,1,2,2,3,3,4,4,5,5,6,6,7,7,8,8,9,9,10,10,11,11,12,12
maceoff_water_14	6,6,6,6,6,6,6,6,6,6,1,1,1,1,1,1,1,1,1,1,1,1,1,1,1,1,1,1,1,1	0.0,0.0,0.0,0.0,0.0,0.0,0.0,0.0,0.0,0.0,0.0,0.0,0.0,0.0,0.0,0.0,0.0,0.0,0.0,0.0,0.0,0.0,0.0,0.0,0.0,0.0,0.0,0.0,0.0,0.0	0,0,0,0,0,0,0,0,0,0,0,0,0,0,0,0,0,0,0,0,0,0,0,0,0,0,0,0,0,0	2,2,2,2,2,2,2,2,2,2,1,1,1,1,1,1,1,1,1,1,1,1,1,1,1,1,1,1,1,1	1/11,1/12,2/13,2/14,3/15,3/16,4/17,4/18,5/19,5/20,6/21,6/22,7/23,7/24,8/25,8/26,9/27,9/28,10/29,10/30	11/1/12,13/2/14,15/3/16,17/4/18,19/5/20,21/6/22,23/7/24,25/8/26,27/9/28,29/10/30	-	-	1,2,3,4,5,6,7,8,9,10,1,1,2,2,3,3,4,4,5,5,6,6,7,7,8,8,9,9,10,10
maceoff_water_15	6,6,6,6,6,6,6,6,6,1,1,1,1,1,1,1,1,1,1,1,1,1,1,1,1,1,1	0.0,0.0,0.0,0.0,0.0,0.0,0.0,0.0,0.0,0.0,0.0,0.0,0.0,0.0,0.0,0.0,0.0,0.0,0.0,0.0,0.0,0.0,0.0,0.0,0.0,0.0,0.0	0,0,0,0,0,0,0,0,0,0,0,0,0,0,0,0,0,0,0,0,0,0,0,0,0,0,0	2,2,2,2,2,2,2,2,2,1,1,1,1,1,1,1,1,1,1,1,1,1,1,1,1,1,1	1/10,1/11,2/12,2/13,3/14,3/15,4/16,4/17,5/18,5/19,6/20,6/21,7/22,7/23,8/24,8/25,9/26,9/27	10/1/11,12/2/13,14/3/15,16/4/17,18/5/19,20/6/21,22/7/23,24/8/25,26/9/27	-	-	1,2,3,4,5,6,7,8,9,1,1,2,2,3,3,4,4,5,5,6,6,7,7,8,8,9,9
maceoff_water_16	6,1,1	0.0,0.0,0.0	0,0,0	2,1,1	1/2,1/3	2/1/3	-	-	1,1,1
maceoff_water_17	6,6,6,6,6,6,6,6,1,1,1,1,1,1,1,1,1,1,1,1,1,1,1,1	0.0,0.0,0.0,0.0,0.0,0.0,0.0,0.0,0.0,0.0,0.0,0.0,0.0,0.0,0.0,0.0,0.0,0.0,0.0,0.0,0.0,0.0,0.0,0.0	0,0,0,0,0,0,0,0,0,0,0,0,0,0,0,0,0,0,0,0,0,0,0,0	2,2,2,2,2,2,2,2,1,1,1,1,1,1,1,1,1,1,1,1,1,1,1,1	1/9,1/10,2/11,2/12,3/13,3/14,4/15,4/16,5/17,5/18,6/19,6/20,7/21,7/22,8/23,8/24	9/1/10,11/2/12,13/3/14,15/4/16,17/5/18,19/6/20,21/7/22,23/8/24	-	-	1,2,3,4,5,6,7,8,1,1,2,2,3,3,4,4,5,5,6,6,7,7,8,8
maceoff_water_18	6,6,6,6,6,6,6,1,1,1,1,1,1,1,1,1,1,1,1,1,1	0.0,0.0,0.0,0.0,0.0,0.0,0.0,0.0,0.0,0.0,0.0,0.0,0.0,0.0,0.0,0.0,0.0,0.0,0.0,0.0,0.0	0,0,0,0,0,0,0,0,0,0,0,0,0,0,0,0,0,0,0,0,0	2,2,2,2,2,2,2,1,1,1,1,1,1,1,1,1,1,1,1,1,1	1/8,1/9,2/10,2/11,3/12,3/13,4/14,4/15,5/16,5/17,6/18,6/19,7/20,7/21	8/1/9,10/2/11,12/3/13,14/4/15,16/5/17,18/6/19,20/7/21	-	-	1,2,3,4,5,6,7,1,1,2,2,3,3,4,4,5,5,6,6,7,7
maceoff_water_19	6,6,6,1,1,1,1,1,1	0.0,0.0,0.0,0.0,0.0,0.0,0.0,0.0,0.0	0,0,0,0,0,0,0,0,0	2,2,2,1,1,1,1,1,1	1/4,1/5,2/6,2/7,3/8,3/9	4/1/5,6/2/7,8/3/9	-	-	1,2,3,1,1,2,2,3,3
maceoff_water_20	6,6,6,6,6,6,6,1,1,1,1,1,1,1,1,1,1,1,1,1,1	0.0,0.0,0.0,0.0,0.0,0.0,0.0,0.0,0.0,0.0,0.0,0.0,0.0,0.0,0.0,0.0,0.0,0.0,0.0,0.0,0.0	0,0,0,0,0,0,0,0,0,0,0,0,0,0,0,0,0,0,0,0,0	2,2,2,2,2,2,2,1,1,1,1,1,1,1,1,1,1,1,1,1,1	1/8,1/9,2/10,2/11,3/12,3/13,4/14,4/15,5/16,5/17,6/18,6/19,7/20,7/21	8/1/9,10/2/11,12/3/13,14/4/15,16/5/17,18/6/19,20/7/21	-	-	1,2,3,4,5,6,7,1,1,2,2,3,3,4,4,5,5,6,6,7,7
maceoff_water_21	6,6,6,6,6,6,6,6,6,6,6,1,1,1,1,1,1,1,1,1,1,1,1,1,1,1,1,1,1,1,1,1,1	0.0,0.0,0.0,0.0,0.0,0.0,0.0,0.0,0.0,0.0,0.0,0.0,0.0,0.0,0.0,0.0,0.0,0.0,0.0,0.0,0.0,0.0,0.0,0.0,0.0,0.0,0.0,0.0,0.0,0.0,0.0,0.0,0.0	0,0,0,0,0,0,0,0,0,0,0,0,0,0,0,0,0,0,0,0,0,0,0,0,0,0,0,0,0,0,0,0,0	2,2,2,2,2,2,2,2,2,2,2,1,1,1,1,1,1,1,1,1,1,1,1,1,1,1,1,1,1,1,1,1,1	1/12,1/13,2/14,2/15,3/16,3/17,4/18,4/19,5/20,5/21,6/22,6/23,7/24,7/25,8/26,8/27,9/28,9/29,10/30,10/31,11/32,11/33	12/1/13,14/2/15,16/3/17,18/4/19,20/5/21,22/6/23,24/7/25,26/8/27,28/9/29,30/10/31,32/11/33	-	-	1,2,3,4,5,6,7,8,9,10,11,1,1,2,2,3,3,4,4,5,5,6,6,7,7,8,8,9,9,10,10,11,11
maceoff_water_22	6,6,6,6,6,6,6,1,1,1,1,1,1,1,1,1,1,1,1,1,1	0.0,0.0,0.0,0.0,0.0,0.0,0.0,0.0,0.0,0.0,0.0,0.0,0.0,0.0,0.0,0.0,0.0,0.0,0.0,0.0,0.0	0,0,0,0,0,0,0,0,0,0,0,0,0,0,0,0,0,0,0,0,0	2,2,2,2,2,2,2,1,1,1,1,1,1,1,1,1,1,1,1,1,1	1/8,1/9,2/10,2/11,3/12,3/13,4/14,4/15,5/16,5/17,6/18,6/19,7/20,7/21	8/1/9,10/2/11,12/3/13,14/4/15,16/5/17,18/6/19,20/7/21	-	-	1,2,3,4,5,6,7,1,1,2,2,3,3,4,4,5,5,6,6,7,7
maceoff_water_23	6,1,1	0.0,0.0,0.0	0,0,0	2,1,1	1/2,1/3	2/1/3	-	-	1,1,1
maceoff_water_24	6,6,6,6,1,1,1,1,1,1,1,1	0.0,0.0,0.0,0.0,0.0,0.0,0.0,0.0,0.0,0.0,0.0,0.0	0,0,0,0,0,0,0,0,0,0,0,0	2,2,2,2,1,1,1,1,1,1,1,1	1/5,1/6,2/7,2/8,3/9,3/10,4/11,4/12	5/1/6,7/2/8,9/3/10,11/4/12	-	-	1,2,3,4,1,1,2,2,3,3,4,4
maceoff_water_25	6,6,6,6,6,6,6,1,1,1,1,1,1,1,1,1,1,1,1,1,1	0.0,0.0,0.0,0.0,0.0,0.0,0.0,0.0,0.0,0.0,0.0,0.0,0.0,0.0,0.0,0.0,0.0,0.0,0.0,0.0,0.0	0,0,0,0,0,0,0,0,0,0,0,0,0,0,0,0,0,0,0,0,0	2,2,2,2,2,2,2,1,1,1,1,1,1,1,1,1,1,1,1,1,1	1/8,1/9,2/10,2/11,3/12,3/13,4/14,4/15,5/16,5/17,6/18,6/19,7/20,7/21	8/1/9,10/2/11,12/3/13,14/4/15,16/5/17,18/6/19,20/7/21	-	-	1,2,3,4,5,6,7,1,1,2,2,3,3,4,4,5,5,6,6,7,7
maceoff_water_26	6,6,6,6,6,6,6,6,6,6,6,6,1,1,1,1,1,1,1,1,1,1,1,1,1,1,1,1,1,1,1,1,1,1,1,1	0.0,0.0,0.0,0.0,0.0,0.0,0.0,0.0,0.0,0.0,0.0,0.0,0.0,0.0,0.0,0.0,0.0,0.0,0.0,0.0,0.0,0.0,0.0,0.0,0.0,0.0,0.0,0.0,0.0,0.0,0.0,0.0,0.0,0.0,0.0,0.0	0,0,0,0,0,0,0,0,0,0,0,0,0,0,0,0,0,0,0,0,0,0,0,0,0,0,0,0,0,0,0,0,0,0,0,0	2,2,2,2,2,2,2,2,2,2,2,2,1,1,1,1,1,1,1,1,1,1,1,1,1,1,1,1,1,1,1,1,1,1,1,1	1/13,1/14,2/15,2/16,3/17,3/18,4/19,4/20,5/21,5/22,6/23,6/24,7/25,7/26,8/27,8/28,9/29,9/30,10/31,10/32,11/33,11/34,12/35,12/36	13/1/14,15/2/16,17/3/18,19/4/20,21/5/22,23/6/24,25/7/26,27/8/28,29/9/30,31/10/32,33/11/34,35/12/36	-	-	1,2,3,4,5,6,7,8,9,10,11,12,1,1,2,2,3,3,4,4,5,5,6,6,7,7,8,8,9,9,10,10,11,11,12,12
maceoff_water_27	6,6,6,6,6,6,6,6,6,6,6,1,1,1,1,1,1,1,1,1,1,1,1,1,1,1,1,1,1,1,1,1,1	0.0,0.0,0.0,0.0,0.0,0.0,0.0,0.0,0.0,0.0,0.0,0.0,0.0,0.0,0.0,0.0,0.0,0.0,0.0,0.0,0.0,0.0,0.0,0.0,0.0,0.0,0.0,0.0,0.0,0.0,0.0,0.0,0.0	0,0,0,0,0,0,0,0,0,0,0,0,0,0,0,0,0,0,0,0,0,0,0,0,0,0,0,0,0,0,0,0,0	2,2,2,2,2,2,2,2,2,2,2,1,1,1,1,1,1,1,1,1,1,1,1,1,1,1,1,1,1,1,1,1,1	1/12,1/13,2/14,2/15,3/16,3/17,4/18,4/19,5/20,5/21,6/22,6/23,7/24,7/25,8/26,8/27,9/28,9/29,10/30,10/31,11/32,11/33	12/1/13,14/2/15,16/3/17,18/4/19,20/5/21,22/6/23,24/7/25,26/8/27,28/9/29,30/10/31,32/11/33	-	-	1,2,3,4,5,6,7,8,9,10,11,1,1,2,2,3,3,4,4,5,5,6,6,7,7,8,8,9,9,10,10,11,11
maceoff_water_28	6,6,6,6,6,6,6,6,1,1,1,1,1,1,1,1,1,1,1,1,1,1,1,1	0.0,0.0,0.0,0.0,0.0,0.0,0.0,0.0,0.0,0.0,0.0,0.0,0.0,0.0,0.0,0.0,0.0,0.0,0.0,0.0,0.0,0.0,0.0,0.0	0,0,0,0,0,0,0,0,0,0,0,0,0,0,0,0,0,0,0,0,0,0,0,0	2,2,2,2,2,2,2,2,1,1,1,1,1,1,1,1,1,1,1,1,1,1,1,1	1/9,1/10,2/11,2/12,3/13,3/14,4/15,4/16,5/17,5/18,6/19,6/20,7/21,7/22,8/23,8/24	9/1/10,11/2/12,13/3/14,15/4/16,17/5/18,19/6/20,21/7/22,23/8/24	-	-	1,2,3,4,5,6,7,8,1,1,2,2,3,3,4,4,5,5,6,6,7,7,8,8
maceoff_water_29	6,6,6,1,1,1,1,1,1	0.0,0.0,0.0,0.0,0.0,0.0,0.0,0.0,0.0	0,0,0,0,0,0,0,0,0	2,2,2,1,1,1,1,1,1	1/4,1/5,2/6,2/7,3/8,3/9	4/1/5,6/2/7,8/3/9	-	-	1,2,3,1,1,2,2,3,3
maceoff_water_30	6,6,1,1,1,1	0.0,0.0,0.0,0.0,0.0,0.0	0,0,0,0,0,0	2,2,1,1,1,1	1/3,1/4,2/5,2/6	3/1/4,5/2/6	-	-	1,2,1,1,2,2
maceoff_water_31	6,6,6,6,6,6,6,6,6,6,6,1,1,1,1,1,1,1,1,1,1,1,1,1,1,1,1,1,1,1,1,1,1	0.0,0.0,0.0,0.0,0.0,0.0,0.0,0.0,0.0,0.0,0.0,0.0,0.0,0.0,0.0,0.0,0.0,0.0,0.0,0.0,0.0,0.0,0.0,0.0,0.0,0.0,0.0,0.0,0.0,0.0,0.0,0.0,0.0	0,0,0,0,0,0,0,0,0,0,0,0,0,0,0,0,0,0,0,0,0,0,0,0,0,0,0,0,0,0,0,0,0	2,2,2,2,2,2,2,2,2,2,2,1,1,1,1,1,1,1,1,1,1,1,1,1,1,1,1,1,1,1,1,1,1	1/12,1/13,2/14,2/15,3/16,3/17,4/18,4/19,5/20,5/21,6/22,6/23,7/24,7/25,8/26,8/27,9/28,9/29,10/30,10/31,11/32,11/33	12/1/13,14/2/15,16/3/17,18/4/19,20/5/21,22/6/23,24/7/25,26/8/27,28/9/29,30/10/31,32/11/33	-	-	1,2,3,4,5,6,7,8,9,10,11,1,1,2,2,3,3,4,4,5,5,6,6,7,7,8,8,9,9,10,10,11,11
maceoff_water_32	6,6,1,1,1,1	0.0,0.0,0.0,0.0,0.0,0.0	0,0,0,0,0,0	2,2,1,1,1,1	1/3,1/4,2/5,2/6	3/1/4,5/2/6	-	-	1,2,1,1,2,2
maceoff_water_33	6,6,1,1,1,1	0.0,0.0,0.0,0.0,0.0,0.0	0,0,0,0,0,0	2,2,1,1,1,1	1/3,1/4,2/5,2/6	3/1/4,5/2/6	-	-	1,2,1,1,2,2
maceoff_water_34	6,6,6,6,1,1,1,1,1,1,1,1	0.0,0.0,0.0,0.0,0.0,0.0,0.0,0.0,0.0,0.0,0.0,0.0	0,0,0,0,0,0,0,0,0,0,0,0	2,2,2,2,1,1,1,1,1,1,1,1	1/5,1/6,2/7,2/8,3/9,3/10,4/11,4/12	5/1/6,7/2/8,9/3/10,11/4/12	-	-	1,2,3,4,1,1,2,2,3,3,4,4
maceoff_water_35	6,6,6,6,6,6,6,6,6,1,1,1,1,1,1,1,1,1,1,1,1,1,1,1,1,1,1	0.0,0.0,0.0,0.0,0.0,0.0,0.0,0.0,0.0,0.0,0.0,0.0,0.0,0.0,0.0,0.0,0.0,0.0,0.0,0.0,0.0,0.0,0.0,0.0,0.0,0.0,0.0	0,0,0,0,0,0,0,0,0,0,0,0,0,0,0,0,0,0,0,0,0,0,0,0,0,0,0	2,2,2,2,2,2,2,2,2,1,1,1,1,1,1,1,1,1,1,1,1,1,1,1,1,1,1	1/10,1/11,2/12,2/13,3/14,3/15,4/16,4/17,5/18,5/19,6/20,6/21,7/22,7/23,8/24,8/25,9/26,9/27	10/1/11,12/2/13,14/3/15,16/4/17,18/5/19,20/6/21,22/7/23,24/8/25,26/9/27	-	-	1,2,3,4,5,6,7,8,9,1,1,2,2,3,3,4,4,5,5,6,6,7,7,8,8,9,9
maceoff_water_36	6,6,6,1,1,1,1,1,1	0.0,0.0,0.0,0.0,0.0,0.0,0.0,0.0,0.0	0,0,0,0,0,0,0,0,0	2,2,2,1,1,1,1,1,1	1/4,1/5,2/6,2/7,3/8,3/9	4/1/5,6/2/7,8/3/9	-	-	1,2,3,1,1,2,2,3,3
maceoff_water_37	6,6,6,6,6,6,6,6,6,1,1,1,1,1,1,1,1,1,1,1,1,1,1,1,1,1,1	0.0,0.0,0.0,0.0,0.0,0.0,0.0,0.0,0.0,0.0,0.0,0.0,0.0,0.0,0.0,0.0,0.0,0.0,0.0,0.0,0.0,0.0,0.0,0.0,0.0,0.0,0.0	0,0,0,0,0,0,0,0,0,0,0,0,0,0,0,0,0,0,0,0,0,0,0,0,0,0,0	2,2,2,2,2,2,2,2,2,1,1,1,1,1,1,1,1,1,1,1,1,1,1,1,1,1,1	1/10,1/11,2/12,2/13,3/14,3/15,4/16,4/17,5/18,5/19,6/20,6/21,7/22,7/23,8/24,8/25,9/26,9/27	10/1/11,12/2/13,14/3/15,16/4/17,18/5/19,20/6/21,22/7/23,24/8/25,26/9/27	-	-	1,2,3,4,5,6,7,8,9,1,1,2,2,3,3,4,4,5,5,6,6,7,7,8,8,9,9
maceoff_water_38	6,6,6,6,6,6,6,6,6,6,1,1,1,1,1,1,1,1,1,1,1,1,1,1,1,1,1,1,1,1	0.0,0.0,0.0,0.0,0.0,0.0,0.0,0.0,0.0,0.0,0.0,0.0,0.0,0.0,0.0,0.0,0.0,0.0,0.0,0.0,0.0,0.0,0.0,0.0,0.0,0.0,0.0,0.0,0.0,0.0	0,0,0,0,0,0,0,0,0,0,0,0,0,0,0,0,0,0,0,0,0,0,0,0,0,0,0,0,0,0	2,2,2,2,2,2,2,2,2,2,1,1,1,1,1,1,1,1,1,1,1,1,1,1,1,1,1,1,1,1	1/11,1/12,2/13,2/14,3/15,3/16,4/17,4/18,5/19,5/20,6/21,6/22,7/23,7/24,8/25,8/26,9/27,9/28,10/29,10/30	11/1/12,13/2/14,15/3/16,17/4/18,19/5/20,21/6/22,23/7/24,25/8/26,27/9/28,29/10/30	-	-	1,2,3,4,5,6,7,8,9,10,1,1,2,2,3,3,4,4,5,5,6,6,7,7,8,8,9,9,10,10
maceoff_water_39	6,6,6,6,6,6,6,6,1,1,1,1,1,1,1,1,1,1,1,1,1,1,1,1	0.0,0.0,0.0,0.0,0.0,0.0,0.0,0.0,0.0,0.0,0.0,0.0,0.0,0.0,0.0,0.0,0.0,0.0,0.0,0.0,0.0,0.0,0.0,0.0	0,0,0,0,0,0,0,0,0,0,0,0,0,0,0,0,0,0,0,0,0,0,0,0	2,2,2,2,2,2,2,2,1,1,1,1,1,1,1,1,1,1,1,1,1,1,1,1	1/9,1/10,2/11,2/12,3/13,3/14,4/15,4/16,5/17,5/18,6/19,6/20,7/21,7/22,8/23,8/24	9/1/10,11/2/12,13/3/14,15/4/16,17/5/18,19/6/20,21/7/22,23/8/24	-	-	1,2,3,4,5,6,7,8,1,1,2,2,3,3,4,4,5,5,6,6,7,7,8,8
maceoff_water_40	6,1,1	0.0,0.0,0.0	0,0,0	2,1,1	1/2,1/3	2/1/3	-	-	1,1,1
maceoff_water_41	6,6,6,6,1,1,1,1,1,1,1,1	0.0,0.0,0.0,0.0,0.0,0.0,0.0,0.0,0.0,0.0,0.0,0.0	0,0,0,0,0,0,0,0,0,0,0,0	2,2,2,2,1,1,1,1,1,1,1,1	1/5,1/6,2/7,2/8,3/9,3/10,4/11,4/12	5/1/6,7/2/8,9/3/10,11/4/12	-	-	1,2,3,4,1,1,2,2,3,3,4,4
maceoff_water_42	6,6,6,6,1,1,1,1,1,1,1,1	0.0,0.0,0.0,0.0,0.0,0.0,0.0,0.0,0.0,0.0,0.0,0.0	0,0,0,0,0,0,0,0,0,0,0,0	2,2,2,2,1,1,1,1,1,1,1,1	1/5,1/6,2/7,2/8,3/9,3/10,4/11,4/12	5/1/6,7/2/8,9/3/10,11/4/12	-	-	1,2,3,4,1,1,2,2,3,3,4,4
maceoff_water_43	6,6,6,6,6,6,6,6,1,1,1,1,1,1,1,1,1,1,1,1,1,1,1,1	0.0,0.0,0.0,0.0,0.0,0.0,0.0,0.0,0.0,0.0,0.0,0.0,0.0,0.0,0.0,0.0,0.0,0.0,0.0,0.0,0.0,0.0,0.0,0.0	0,0,0,0,0,0,0,0,0,0,0,0,0,0,0,0,0,0,0,0,0,0,0,0	2,2,2,2,2,2,2,2,1,1,1,1,1,1,1,1,1,1,1,1,1,1,1,1	1/9,1/10,2/11,2/12,3/13,3/14,4/15,4/16,5/17,5/18,6/19,6/20,7/21,7/22,8/23,8/24	9/1/10,11/2/12,13/3/14,15/4/16,17/5/18,19/6/20,21/7/22,23/8/24	-	-	1,2,3,4,5,6,7,8,1,1,2,2,3,3,4,4,5,5,6,6,7,7,8,8
maceoff_water_44	6,1,1	0.0,0.0,0.0	0,0,0	2,1,1	1/2,1/3	2/1/3	-	-	1,1,1
maceoff_water_45	6,6,6,6,1,1,1,1,1,1,1,1	0.0,0.0,0.0,0.0,0.0,0.0,0.0,0.0,0.0,0.0,0.0,0.0	0,0,0,0,0,0,0,0,0,0,0,0	2,2,2,2,1,1,1,1,1,1,1,1	1/5,1/6,2/7,2/8,3/9,3/10,4/11,4/12	5/1/6,7/2/8,9/3/10,11/4/12	-	-	1,2,3,4,1,1,2,2,3,3,4,4
maceoff_water_46	6,6,6,6,6,6,6,6,6,1,1,1,1,1,1,1,1,1,1,1,1,1,1,1,1,1,1	0.0,0.0,0.0,0.0,0.0,0.0,0.0,0.0,0.0,0.0,0.0,0.0,0.0,0.0,0.0,0.0,0.0,0.0,0.0,0.0,0.0,0.0,0.0,0.0,0.0,0.0,0.0	0,0,0,0,0,0,0,0,0,0,0,0,0,0,0,0,0,0,0,0,0,0,0,0,0,0,0	2,2,2,2,2,2,2,2,2,1,1,1,1,1,1,1,1,1,1,1,1,1,1,1,1,1,1	1/10,1/11,2/12,2/13,3/14,3/15,4/16,4/17,5/18,5/19,6/20,6/21,7/22,7/23,8/24,8/25,9/26,9/27	10/1/11,12/2/13,14/3/15,16/4/17,18/5/19,20/6/21,22/7/23,24/8/25,26/9/27	-	-	1,2,3,4,5,6,7,8,9,1,1,2,2,3,3,4,4,5,5,6,6,7,7,8,8,9,9
maceoff_water_47	6,6,6,6,6,6,6,6,6,6,1,1,1,1,1,1,1,1,1,1,1,1,1,1,1,1,1,1,1,1	0.0,0.0,0.0,0.0,0.0,0.0,0.0,0.0,0.0,0.0,0.0,0.0,0.0,0.0,0.0,0.0,0.0,0.0,0.0,0.0,0.0,0.0,0.0,0.0,0.0,0.0,0.0,0.0,0.0,0.0	0,0,0,0,0,0,0,0,0,0,0,0,0,0,0,0,0,0,0,0,0,0,0,0,0,0,0,0,0,0	2,2,2,2,2,2,2,2,2,2,1,1,1,1,1,1,1,1,1,1,1,1,1,1,1,1,1,1,1,1	1/11,1/12,2/13,2/14,3/15,3/16,4/17,4/18,5/19,5/20,6/21,6/22,7/23,7/24,8/25,8/26,9/27,9/28,10/29,10/30	11/1/12,13/2/14,15/3/16,17/4/18,19/5/20,21/6/22,23/7/24,25/8/26,27/9/28,29/10/30	-	-	1,2,3,4,5,6,7,8,9,10,1,1,2,2,3,3,4,4,5,5,6,6,7,7,8,8,9,9,10,10
maceoff_water_48	6,6,6,6,6,6,6,6,6,1,1,1,1,1,1,1,1,1,1,1,1,1,1,1,1,1,1	0.0,0.0,0.0,0.0,0.0,0.0,0.0,0.0,0.0,0.0,0.0,0.0,0.0,0.0,0.0,0.0,0.0,0.0,0.0,0.0,0.0,0.0,0.0,0.0,0.0,0.0,0.0	0,0,0,0,0,0,0,0,0,0,0,0,0,0,0,0,0,0,0,0,0,0,0,0,0,0,0	2,2,2,2,2,2,2,2,2,1,1,1,1,1,1,1,1,1,1,1,1,1,1,1,1,1,1	1/10,1/11,2/12,2/13,3/14,3/15,4/16,4/17,5/18,5/19,6/20,6/21,7/22,7/23,8/24,8/25,9/26,9/27	10/1/11,12/2/13,14/3/15,16/4/17,18/5/19,20/6/21,22/7/23,24/8/25,26/9/27	-	-	1,2,3,4,5,6,7,8,9,1,1,2,2,3,3,4,4,5,5,6,6,7,7,8,8,9,9
maceoff_water_49	6,6,6,6,1,1,1,1,1,1,1,1	0.0,0.0,0.0,0.0,0.0,0.0,0.0,0.0,0.0,0.0,0.0,0.0	0,0,0,0,0,0,0,0,0,0,0,0	2,2,2,2,1,1,1,1,1,1,1,1	1/5,1/6,2/7,2/8,3/9,3/10,4/11,4/12	5/1/6,7/2/8,9/3/10,11/4/12	-	-	1,2,3,4,1,1,2,2,3,3,4,4
maceoff_water_50	6,6,1,1,1,1	0.0,0.0,0.0,0.0,0.0,0.0	0,0,0,0,0,0	2,2,1,1,1,1	1/3,1/4,2/5,2/6	3/1/4,5/2/6	-	-	1,2,1,1,2,2
maceoff_water_51	6,6,1,1,1,1	0.0,0.0,0.0,0.0,0.0,0.0	0,0,0,0,0,0	2,2,1,1,1,1	1/3,1/4,2/5,2/6	3/1/4,5/2/6	-	-	1,2,1,1,2,2
maceoff_water_52	6,6,6,6,6,1,1,1,1,1,1,1,1,1,1	0.0,0.0,0.0,0.0,0.0,0.0,0.0,0.0,0.0,0.0,0.0,0.0,0.0,0.0,0.0	0,0,0,0,0,0,0,0,0,0,0,0,0,0,0	2,2,2,2,2,1,1,1,1,1,1,1,1,1,1	1/6,1/7,2/8,2/9,3/10,3/11,4/12,4/13,5/14,5/15	6/1/7,8/2/9,10/3/11,12/4/13,14/5/15	-	-	1,2,3,4,5,1,1,2,2,3,3,4,4,5,5
maceoff_water_53	6,6,6,1,1,1,1,1,1	0.0,0.0,0.0,0.0,0.0,0.0,0.0,0.0,0.0	0,0,0,0,0,0,0,0,0	2,2,2,1,1,1,1,1,1	1/4,1/5,2/6,2/7,3/8,3/9	4/1/5,6/2/7,8/3/9	-	-	1,2,3,1,1,2,2,3,3
maceoff_water_54	6,6,6,1,1,1,1,1,1	0.0,0.0,0.0,0.0,0.0,0.0,0.0,0.0,0.0	0,0,0,0,0,0,0,0,0	2,2,2,1,1,1,1,1,1	1/4,1/5,2/6,2/7,3/8,3/9	4/1/5,6/2/7,8/3/9	-	-	1,2,3,1,1,2,2,3,3
maceoff_water_55	6,6,6,6,1,1,1,1,1,1,1,1	0.0,0.0,0.0,0.0,0.0,0.0,0.0,0.0,0.0,0.0,0.0,0.0	0,0,0,0,0,0,0,0,0,0,0,0	2,2,2,2,1,1,1,1,1,1,1,1	1/5,1/6,2/7,2/8,3/9,3/10,4/11,4/12	5/1/6,7/2/8,9/3/10,11/4/12	-	-	1,2,3,4,1,1,2,2,3,3,4,4
maceoff_water_56	6,6,6,6,6,6,6,6,6,1,1,1,1,1,1,1,1,1,1,1,1,1,1,1,1,1,1	0.0,0.0,0.0,0.0,0.0,0.0,0.0,0.0,0.0,0.0,0.0,0.0,0.0,0.0,0.0,0.0,0.0,0.0,0.0,0.0,0.0,0.0,0.0,0.0,0.0,0.0,0.0	0,0,0,0,0,0,0,0,0,0,0,0,0,0,0,0,0,0,0,0,0,0,0,0,0,0,0	2,2,2,2,2,2,2,2,2,1,1,1,1,1,1,1,1,1,1,1,1,1,1,1,1,1,1	1/10,1/11,2/12,2/13,3/14,3/15,4/16,4/17,5/18,5/19,6/20,6/21,7/22,7/23,8/24,8/25,9/26,9/27	10/1/11,12/2/13,14/3/15,16/4/17,18/5/19,20/6/21,22/7/23,24/8/25,26/9/27	-	-	1,2,3,4,5,6,7,8,9,1,1,2,2,3,3,4,4,5,5,6,6,7,7,8,8,9,9
maceoff_water_57	6,6,6,6,6,6,1,1,1,1,1,1,1,1,1,1,1,1	0.0,0.0,0.0,0.0,0.0,0.0,0.0,0.0,0.0,0.0,0.0,0.0,0.0,0.0,0.0,0.0,0.0,0.0	0,0,0,0,0,0,0,0,0,0,0,0,0,0,0,0,0,0	2,2,2,2,2,2,1,1,1,1,1,1,1,1,1,1,1,1	1/7,1/8,2/9,2/10,3/11,3/12,4/13,4/14,5/15,5/16,6/17,6/18	7/1/8,9/2/10,11/3/12,13/4/14,15/5/16,17/6/18	-	-	1,2,3,4,5,6,1,1,2,2,3,3,4,4,5,5,6,6
maceoff_water_58	6,6,6,6,6,6,6,6,6,6,1,1,1,1,1,1,1,1,1,1,1,1,1,1,1,1,1,1,1,1	0.0,0.0,0.0,0.0,0.0,0.0,0.0,0.0,0.0,0.0,0.0,0.0,0.0,0.0,0.0,0.0,0.0,0.0,0.0,0.0,0.0,0.0,0.0,0.0,0.0,0.0,0.0,0.0,0.0,0.0	0,0,0,0,0,0,0,0,0,0,0,0,0,0,0,0,0,0,0,0,0,0,0,0,0,0,0,0,0,0	2,2,2,2,2,2,2,2,2,2,1,1,1,1,1,1,1,1,1,1,1,1,1,1,1,1,1,1,1,1	1/11,1/12,2/13,2/14,3/15,3/16,4/17,4/18,5/19,5/20,6/21,6/22,7/23,7/24,8/25,8/26,9/27,9/28,10/29,10/30	11/1/12,13/2/14,15/3/16,17/4/18,19/5/20,21/6/22,23/7/24,25/8/26,27/9/28,29/10/30	-	-	1,2,3,4,5,6,7,8,9,10,1,1,2,2,3,3,4,4,5,5,6,6,7,7,8,8,9,9,10,10
maceoff_water_59	6,1,1	0.0,0.0,0.0	0,0,0	2,1,1	1/2,1/3	2/1/3	-	-	1,1,1
maceoff_water_60	6,6,6,6,1,1,1,1,1,1,1,1	0.0,0.0,0.0,0.0,0.0,0.0,0.0,0.0,0.0,0.0,0.0,0.0	0,0,0,0,0,0,0,0,0,0,0,0	2,2,2,2,1,1,1,1,1,1,1,1	1/5,1/6,2/7,2/8,3/9,3/10,4/11,4/12	5/1/6,7/2/8,9/3/10,11/4/12	-	-	1,2,3,4,1,1,2,2,3,3,4,4
maceoff_water_61	6,6,6,6,6,6,6,6,6,6,6,1,1,1,1,1,1,1,1,1,1,1,1,1,1,1,1,1,1,1,1,1,1	0.0,0.0,0.0,0.0,0.0,0.0,0.0,0.0,0.0,0.0,0.0,0.0,0.0,0.0,0.0,0.0,0.0,0.0,0.0,0.0,0.0,0.0,0.0,0.0,0.0,0.0,0.0,0.0,0.0,0.0,0.0,0.0,0.0	0,0,0,0,0,0,0,0,0,0,0,0,0,0,0,0,0,0,0,0,0,0,0,0,0,0,0,0,0,0,0,0,0	2,2,2,2,2,2,2,2,2,2,2,1,1,1,1,1,1,1,1,1,1,1,1,1,1,1,1,1,1,1,1,1,1	1/12,1/13,2/14,2/15,3/16,3/17,4/18,4/19,5/20,5/21,6/22,6/23,7/24,7/25,8/26,8/27,9/28,9/29,10/30,10/31,11/32,11/33	12/1/13,14/2/15,16/3/17,18/4/19,20/5/21,22/6/23,24/7/25,26/8/27,28/9/29,30/10/31,32/11/33	-	-	1,2,3,4,5,6,7,8,9,10,11,1,1,2,2,3,3,4,4,5,5,6,6,7,7,8,8,9,9,10,10,11,11
maceoff_water_62	6,6,6,6,6,6,6,1,1,1,1,1,1,1,1,1,1,1,1,1,1	0.0,0.0,0.0,0.0,0.0,0.0,0.0,0.0,0.0,0.0,0.0,0.0,0.0,0.0,0.0,0.0,0.0,0.0,0.0,0.0,0.0	0,0,0,0,0,0,0,0,0,0,0,0,0,0,0,0,0,0,0,0,0	2,2,2,2,2,2,2,1,1,1,1,1,1,1,1,1,1,1,1,1,1	1/8,1/9,2/10,2/11,3/12,3/13,4/14,4/15,5/16,5/17,6/18,6/19,7/20,7/21	8/1/9,10/2/11,12/3/13,14/4/15,16/5/17,18/6/19,20/7/21	-	-	1,2,3,4,5,6,7,1,1,2,2,3,3,4,4,5,5,6,6,7,7
maceoff_water_63	6,1,1	0.0,0.0,0.0	0,0,0	2,1,1	1/2,1/3	2/1/3	-	-	1,1,1
maceoff_water_64	6,6,6,1,1,1,1,1,1	0.0,0.0,0.0,0.0,0.0,0.0,0.0,0.0,0.0	0,0,0,0,0,0,0,0,0	2,2,2,1,1,1,1,1,1	1/4,1/5,2/6,2/7,3/8,3/9	4/1/5,6/2/7,8/3/9	-	-	1,2,3,1,1,2,2,3,3
maceoff_water_65	6,6,6,6,6,1,1,1,1,1,1,1,1,1,1	0.0,0.0,0.0,0.0,0.0,0.0,0.0,0.0,0.0,0.0,0.0,0.0,0.0,0.0,0.0	0,0,0,0,0,0,0,0,0,0,0,0,0,0,0	2,2,2,2,2,1,1,1,1,1,1,1,1,1,1	1/6,1/7,2/8,2/9,3/10,3/11,4/12,4/13,5/14,5/15	6/1/7,8/2/9,10/3/11,12/4/13,14/5/15	-	-	1,2,3,4,5,1,1,2,2,3,3,4,4,5,5
maceoff_water_66	6,1,1	0.0,0.0,0.0	0,0,0	2,1,1	1/2,1/3	2/1/3	-	-	1,1,1
maceoff_water_67	6,6,6,6,1,1,1,1,1,1,1,1	0.0,0.0,0.0,0.0,0.0,0.0,0.0,0.0,0.0,0.0,0.0,0.0	0,0,0,0,0,0,0,0,0,0,0,0	2,2,2,2,1,1,1,1,1,1,1,1	1/5,1/6,2/7,2/8,3/9,3/10,4/11,4/12	5/1/6,7/2/8,9/3/10,11/4/12	-	-	1,2,3,4,1,1,2,2,3,3,4,4
maceoff_water_68	6,6,6,6,6,6,6,6,1,1,1,1,1,1,1,1,1,1,1,1,1,1,1,1	0.0,0.0,0.0,0.0,0.0,0.0,0.0,0.0,0.0,0.0,0.0,0.0,0.0,0.0,0.0,0.0,0.0,0.0,0.0,0.0,0.0,0.0,0.0,0.0	0,0,0,0,0,0,0,0,0,0,0,0,0,0,0,0,0,0,0,0,0,0,0,0	2,2,2,2,2,2,2,2,1,1,1,1,1,1,1,1,1,1,1,1,1,1,1,1	1/9,1/10,2/11,2/12,3/13,3/14,4/15,4/16,5/17,5/18,6/19,6/20,7/21,7/22,8/23,8/24	9/1/10,11/2/12,13/3/14,15/4/16,17/5/18,19/6/20,21/7/22,23/8/24	-	-	1,2,3,4,5,6,7,8,1,1,2,2,3,3,4,4,5,5,6,6,7,7,8,8
maceoff_water_69	6,6,1,1,1,1	0.0,0.0,0.0,0.0,0.0,0.0	0,0,0,0,0,0	2,2,1,1,1,1	1/3,1/4,2/5,2/6	3/1/4,5/2/6	-	-	1,2,1,1,2,2
maceoff_water_70	6,6,6,6,6,1,1,1,1,1,1,1,1,1,1	0.0,0.0,0.0,0.0,0.0,0.0,0.0,0.0,0.0,0.0,0.0,0.0,0.0,0.0,0.0	0,0,0,0,0,0,0,0,0,0,0,0,0,0,0	2,2,2,2,2,1,1,1,1,1,1,1,1,1,1	1/6,1/7,2/8,2/9,3/10,3/11,4/12,4/13,5/14,5/15	6/1/7,8/2/9,10/3/11,12/4/13,14/5/15	-	-	1,2,3,4,5,1,1,2,2,3,3,4,4,5,5
maceoff_water_71	6,6,6,6,6,6,6,6,6,6,6,1,1,1,1,1,1,1,1,1,1,1,1,1,1,1,1,1,1,1,1,1,1	0.0,0.0,0.0,0.0,0.0,0.0,0.0,0.0,0.0,0.0,0.0,0.0,0.0,0.0,0.0,0.0,0.0,0.0,0.0,0.0,0.0,0.0,0.0,0.0,0.0,0.0,0.0,0.0,0.0,0.0,0.0,0.0,0.0	0,0,0,0,0,0,0,0,0,0,0,0,0,0,0,0,0,0,0,0,0,0,0,0,0,0,0,0,0,0,0,0,0	2,2,2,2,2,2,2,2,2,2,2,1,1,1,1,1,1,1,1,1,1,1,1,1,1,1,1,1,1,1,1,1,1	1/12,1/13,2/14,2/15,3/16,3/17,4/18,4/19,5/20,5/21,6/22,6/23,7/24,7/25,8/26,8/27,9/28,9/29,10/30,10/31,11/32,11/33	12/1/13,14/2/15,16/3/17,18/4/19,20/5/21,22/6/23,24/7/25,26/8/27,28/9/29,30/10/31,32/11/33	-	-	1,2,3,4,5,6,7,8,9,10,11,1,1,2,2,3,3,4,4,5,5,6,6,7,7,8,8,9,9,10,10,11,11
maceoff_water_72	6,6,6,6,6,1,1,1,1,1,1,1,1,1,1	0.0,0.0,0.0,0.0,0.0,0.0,0.0,0.0,0.0,0.0,0.0,0.0,0.0,0.0,0.0	0,0,0,0,0,0,0,0,0,0,0,0,0,0,0	2,2,2,2,2,1,1,1,1,1,1,1,1,1,1	1/6,1/7,2/8,2/9,3/10,3/11,4/12,4/13,5/14,5/15	6/1/7,8/2/9,10/3/11,12/4/13,14/5/15	-	-	1,2,3,4,5,1,1,2,2,3,3,4,4,5,5
maceoff_water_73	6,6,6,6,6,6,6,1,1,1,1,1,1,1,1,1,1,1,1,1,1	0.0,0.0,0.0,0.0,0.0,0.0,0.0,0.0,0.0,0.0,0.0,0.0,0.0,0.0,0.0,0.0,0.0,0.0,0.0,0.0,0.0	0,0,0,0,0,0,0,0,0,0,0,0,0,0,0,0,0,0,0,0,0	2,2,2,2,2,2,2,1,1,1,1,1,1,1,1,1,1,1,1,1,1	1/8,1/9,2/10,2/11,3/12,3/13,4/14,4/15,5/16,5/17,6/18,6/19,7/20,7/21	8/1/9,10/2/11,12/3/13,14/4/15,16/5/17,18/6/19,20/7/21	-	-	1,2,3,4,5,6,7,1,1,2,2,3,3,4,4,5,5,6,6,7,7
maceoff_water_74	6,6,6,6,1,1,1,1,1,1,1,1	0.0,0.0,0.0,0.0,0.0,0.0,0.0,0.0,0.0,0.0,0.0,0.0	0,0,0,0,0,0,0,0,0,0,0,0	2,2,2,2,1,1,1,1,1,1,1,1	1/5,1/6,2/7,2/8,3/9,3/10,4/11,4/12	5/1/6,7/2/8,9/3/10,11/4/12	-	-	1,2,3,4,1,1,2,2,3,3,4,4
maceoff_water_75	6,6,6,6,6,6,6,6,1,1,1,1,1,1,1,1,1,1,1,1,1,1,1,1	0.0,0.0,0.0,0.0,0.0,0.0,0.0,0.0,0.0,0.0,0.0,0.0,0.0,0.0,0.0,0.0,0.0,0.0,0.0,0.0,0.0,0.0,0.0,0.0	0,0,0,0,0,0,0,0,0,0,0,0,0,0,0,0,0,0,0,0,0,0,0,0	2,2,2,2,2,2,2,2,1,1,1,1,1,1,1,1,1,1,1,1,1,1,1,1	1/9,1/10,2/11,2/12,3/13,3/14,4/15,4/16,5/17,5/18,6/19,6/20,7/21,7/22,8/23,8/24	9/1/10,11/2/12,13/3/14,15/4/16,17/5/18,19/6/20,21/7/22,23/8/24	-	-	1,2,3,4,5,6,7,8,1,1,2,2,3,3,4,4,5,5,6,6,7,7,8,8
maceoff_water_76	6,6,6,6,6,6,1,1,1,1,1,1,1,1,1,1,1,1	0.0,0.0,0.0,0.0,0.0,0.0,0.0,0.0,0.0,0.0,0.0,0.0,0.0,0.0,0.0,0.0,0.0,0.0	0,0,0,0,0,0,0,0,0,0,0,0,0,0,0,0,0,0	2,2,2,2,2,2,1,1,1,1,1,1,1,1,1,1,1,1	1/7,1/8,2/9,2/10,3/11,3/12,4/13,4/14,5/15,5/16,6/17,6/18	7/1/8,9/2/10,11/3/12,13/4/14,15/5/16,17/6/18	-	-	1,2,3,4,5,6,1,1,2,2,3,3,4,4,5,5,6,6
maceoff_water_77	6,6,6,6,6,6,6,1,1,1,1,1,1,1,1,1,1,1,1,1,1	0.0,0.0,0.0,0.0,0.0,0.0,0.0,0.0,0.0,0.0,0.0,0.0,0.0,0.0,0.0,0.0,0.0,0.0,0.0,0.0,0.0	0,0,0,0,0,0,0,0,0,0,0,0,0,0,0,0,0,0,0,0,0	2,2,2,2,2,2,2,1,1,1,1,1,1,1,1,1,1,1,1,1,1	1/8,1/9,2/10,2/11,3/12,3/13,4/14,4/15,5/16,5/17,6/18,6/19,7/20,7/21	8/1/9,10/2/11,12/3/13,14/4/15,16/5/17,18/6/19,20/7/21	-	-	1,2,3,4,5,6,7,1,1,2,2,3,3,4,4,5,5,6,6,7,7
maceoff_water_78	6,6,6,6,1,1,1,1,1,1,1,1	0.0,0.0,0.0,0.0,0.0,0.0,0.0,0.0,0.0,0.0,0.0,0.0	0,0,0,0,0,0,0,0,0,0,0,0	2,2,2,2,1,1,1,1,1,1,1,1	1/5,1/6,2/7,2/8,3/9,3/10,4/11,4/12	5/1/6,7/2/8,9/3/10,11/4/12	-	-	1,2,3,4,1,1,2,2,3,3,4,4
maceoff_water_79	6,1,1	0.0,0.0,0.0	0,0,0	2,1,1	1/2,1/3	2/1/3	-	-	1,1,1
maceoff_water_80	6,6,6,6,6,6,6,6,6,1,1,1,1,1,1,1,1,1,1,1,1,1,1,1,1,1,1	0.0,0.0,0.0,0.0,0.0,0.0,0.0,0.0,0.0,0.0,0.0,0.0,0.0,0.0,0.0,0.0,0.0,0.0,0.0,0.0,0.0,0.0,0.0,0.0,0.0,0.0,0.0	0,0,0,0,0,0,0,0,0,0,0,0,0,0,0,0,0,0,0,0,0,0,0,0,0,0,0	2,2,2,2,2,2,2,2,2,1,1,1,1,1,1,1,1,1,1,1,1,1,1,1,1,1,1	1/10,1/11,2/12,2/13,3/14,3/15,4/16,4/17,5/18,5/19,6/20,6/21,7/22,7/23,8/24,8/25,9/26,9/27	10/1/11,12/2/13,14/3/15,16/4/17,18/5/19,20/6/21,22/7/23,24/8/25,26/9/27	-	-	1,2,3,4,5,6,7,8,9,1,1,2,2,3,3,4,4,5,5,6,6,7,7,8,8,9,9
maceoff_water_81	6,6,6,6,6,1,1,1,1,1,1,1,1,1,1	0.0,0.0,0.0,0.0,0.0,0.0,0.0,0.0,0.0,0.0,0.0,0.0,0.0,0.0,0.0	0,0,0,0,0,0,0,0,0,0,0,0,0,0,0	2,2,2,2,2,1,1,1,1,1,1,1,1,1,1	1/6,1/7,2/8,2/9,3/10,3/11,4/12,4/13,5/14,5/15	6/1/7,8/2/9,10/3/11,12/4/13,14/5/15	-	-	1,2,3,4,5,1,1,2,2,3,3,4,4,5,5
maceoff_water_82	6,6,6,6,6,6,6,6,6,6,1,1,1,1,1,1,1,1,1,1,1,1,1,1,1,1,1,1,1,1	0.0,0.0,0.0,0.0,0.0,0.0,0.0,0.0,0.0,0.0,0.0,0.0,0.0,0.0,0.0,0.0,0.0,0.0,0.0,0.0,0.0,0.0,0.0,0.0,0.0,0.0,0.0,0.0,0.0,0.0	0,0,0,0,0,0,0,0,0,0,0,0,0,0,0,0,0,0,0,0,0,0,0,0,0,0,0,0,0,0	2,2,2,2,2,2,2,2,2,2,1,1,1,1,1,1,1,1,1,1,1,1,1,1,1,1,1,1,1,1	1/11,1/12,2/13,2/14,3/15,3/16,4/17,4/18,5/19,5/20,6/21,6/22,7/23,7/24,8/25,8/26,9/27,9/28,10/29,10/30	11/1/12,13/2/14,15/3/16,17/4/18,19/5/20,21/6/22,23/7/24,25/8/26,27/9/28,29/10/30	-	-	1,2,3,4,5,6,7,8,9,10,1,1,2,2,3,3,4,4,5,5,6,6,7,7,8,8,9,9,10,10
maceoff_water_83	6,6,6,6,6,6,6,6,6,6,6,1,1,1,1,1,1,1,1,1,1,1,1,1,1,1,1,1,1,1,1,1,1	0.0,0.0,0.0,0.0,0.0,0.0,0.0,0.0,0.0,0.0,0.0,0.0,0.0,0.0,0.0,0.0,0.0,0.0,0.0,0.0,0.0,0.0,0.0,0.0,0.0,0.0,0.0,0.0,0.0,0.0,0.0,0.0,0.0	0,0,0,0,0,0,0,0,0,0,0,0,0,0,0,0,0,0,0,0,0,0,0,0,0,0,0,0,0,0,0,0,0	2,2,2,2,2,2,2,2,2,2,2,1,1,1,1,1,1,1,1,1,1,1,1,1,1,1,1,1,1,1,1,1,1	1/12,1/13,2/14,2/15,3/16,3/17,4/18,4/19,5/20,5/21,6/22,6/23,7/24,7/25,8/26,8/27,9/28,9/29,10/30,10/31,11/32,11/33	12/1/13,14/2/15,16/3/17,18/4/19,20/5/21,22/6/23,24/7/25,26/8/27,28/9/29,30/10/31,32/11/33	-	-	1,2,3,4,5,6,7,8,9,10,11,1,1,2,2,3,3,4,4,5,5,6,6,7,7,8,8,9,9,10,10,11,11
maceoff_water_84	6,6,6,1,1,1,1,1,1	0.0,0.0,0.0,0.0,0.0,0.0,0.0,0.0,0.0	0,0,0,0,0,0,0,0,0	2,2,2,1,1,1,1,1,1	1/4,1/5,2/6,2/7,3/8,3/9	4/1/5,6/2/7,8/3/9	-	-	1,2,3,1,1,2,2,3,3
maceoff_water_85	6,6,6,1,1,1,1,1,1	0.0,0.0,0.0,0.0,0.0,0.0,0.0,0.0,0.0	0,0,0,0,0,0,0,0,0	2,2,2,1,1,1,1,1,1	1/4,1/5,2/6,2/7,3/8,3/9	4/1/5,6/2/7,8/3/9	-	-	1,2,3,1,1,2,2,3,3
maceoff_water_86	6,6,6,6,6,6,6,6,6,6,6,6,1,1,1,1,1,1,1,1,1,1,1,1,1,1,1,1,1,1,1,1,1,1,1,1	0.0,0.0,0.0,0.0,0.0,0.0,0.0,0.0,0.0,0.0,0.0,0.0,0.0,0.0,0.0,0.0,0.0,0.0,0.0,0.0,0.0,0.0,0.0,0.0,0.0,0.0,0.0,0.0,0.0,0.0,0.0,0.0,0.0,0.0,0.0,0.0	0,0,0,0,0,0,0,0,0,0,0,0,0,0,0,0,0,0,0,0,0,0,0,0,0,0,0,0,0,0,0,0,0,0,0,0	2,2,2,2,2,2,2,2,2,2,2,2,1,1,1,1,1,1,1,1,1,1,1,1,1,1,1,1,1,1,1,1,1,1,1,1	1/13,1/14,2/15,2/16,3/17,3/18,4/19,4/20,5/21,5/22,6/23,6/24,7/25,7/26,8/27,8/28,9/29,9/30,10/31,10/32,11/33,11/34,12/35,12/36	13/1/14,15/2/16,17/3/18,19/4/20,21/5/22,23/6/24,25/7/26,27/8/28,29/9/30,31/10/32,33/11/34,35/12/36	-	-	1,2,3,4,5,6,7,8,9,10,11,12,1,1,2,2,3,3,4,4,5,5,6,6,7,7,8,8,9,9,10,10,11,11,12,12
maceoff_water_87	6,6,1,1,1,1	0.0,0.0,0.0,0.0,0.0,0.0	0,0,0,0,0,0	2,2,1,1,1,1	1/3,1/4,2/5,2/6	3/1/4,5/2/6	-	-	1,2,1,1,2,2
maceoff_water_88	6,6,6,6,1,1,1,1,1,1,1,1	0.0,0.0,0.0,0.0,0.0,0.0,0.0,0.0,0.0,0.0,0.0,0.0	0,0,0,0,0,0,0,0,0,0,0,0	2,2,2,2,1,1,1,1,1,1,1,1	1/5,1/6,2/7,2/8,3/9,3/10,4/11,4/12	5/1/6,7/2/8,9/3/10,11/4/12	-	-	1,2,3,4,1,1,2,2,3,3,4,4
maceoff_water_89	6,1,1	0.0,0.0,0.0	0,0,0	2,1,1	1/2,1/3	2/1/3	-	-	1,1,1
maceoff_water_90	6,6,6,6,6,1,1,1,1,1,1,1,1,1,1	0.0,0.0,0.0,0.0,0.0,0.0,0.0,0.0,0.0,0.0,0.0,0.0,0.0,0.0,0.0	0,0,0,0,0,0,0,0,0,0,0,0,0,0,0	2,2,2,2,2,1,1,1,1,1,1,1,1,1,1	1/6,1/7,2/8,2/9,3/10,3/11,4/12,4/13,5/14,5/15	6/1/7,8/2/9,10/3/11,12/4/13,14/5/15	-	-	1,2,3,4,5,1,1,2,2,3,3,4,4,5,5
maceoff_water_91	6,6,6,6,6,6,6,6,1,1,1,1,1,1,1,1,1,1,1,1,1,1,1,1	0.0,0.0,0.0,0.0,0.0,0.0,0.0,0.0,0.0,0.0,0.0,0.0,0.0,0.0,0.0,0.0,0.0,0.0,0.0,0.0,0.0,0.0,0.0,0.0	0,0,0,0,0,0,0,0,0,0,0,0,0,0,0,0,0,0,0,0,0,0,0,0	2,2,2,2,2,2,2,2,1,1,1,1,1,1,1,1,1,1,1,1,1,1,1,1	1/9,1/10,2/11,2/12,3/13,3/14,4/15,4/16,5/17,5/18,6/19,6/20,7/21,7/22,8/23,8/24	9/1/10,11/2/12,13/3/14,15/4/16,17/5/18,19/6/20,21/7/22,23/8/24	-	-	1,2,3,4,5,6,7,8,1,1,2,2,3,3,4,4,5,5,6,6,7,7,8,8
maceoff_water_92	6,6,1,1,1,1	0.0,0.0,0.0,0.0,0.0,0.0	0,0,0,0,0,0	2,2,1,1,1,1	1/3,1/4,2/5,2/6	3/1/4,5/2/6	-	-	1,2,1,1,2,2
maceoff_water_93	6,6,6,6,6,6,6,6,6,6,6,6,1,1,1,1,1,1,1,1,1,1,1,1,1,1,1,1,1,1,1,1,1,1,1,1	0.0,0.0,0.0,0.0,0.0,0.0,0.0,0.0,0.0,0.0,0.0,0.0,0.0,0.0,0.0,0.0,0.0,0.0,0.0,0.0,0.0,0.0,0.0,0.0,0.0,0.0,0.0,0.0,0.0,0.0,0.0,0.0,0.0,0.0,0.0,0.0	0,0,0,0,0,0,0,0,0,0,0,0,0,0,0,0,0,0,0,0,0,0,0,0,0,0,0,0,0,0,0,0,0,0,0,0	2,2,2,2,2,2,2,2,2,2,2,2,1,1,1,1,1,1,1,1,1,1,1,1,1,1,1,1,1,1,1,1,1,1,1,1	1/13,1/14,2/15,2/16,3/17,3/18,4/19,4/20,5/21,5/22,6/23,6/24,7/25,7/26,8/27,8/28,9/29,9/30,10/31,10/32,11/33,11/34,12/35,12/36	13/1/14,15/2/16,17/3/18,19/4/20,21/5/22,23/6/24,25/7/26,27/8/28,29/9/30,31/10/32,33/11/34,35/12/36	-	-	1,2,3,4,5,6,7,8,9,10,11,12,1,1,2,2,3,3,4,4,5,5,6,6,7,7,8,8,9,9,10,10,11,11,12,12
maceoff_water_94	6,6,6,6,6,6,6,6,6,1,1,1,1,1,1,1,1,1,1,1,1,1,1,1,1,1,1	0.0,0.0,0.0,0.0,0.0,0.0,0.0,0.0,0.0,0.0,0.0,0.0,0.0,0.0,0.0,0.0,0.0,0.0,0.0,0.0,0.0,0.0,0.0,0.0,0.0,0.0,0.0	0,0,0,0,0,0,0,0,0,0,0,0,0,0,0,0,0,0,0,0,0,0,0,0,0,0,0	2,2,2,2,2,2,2,2,2,1,1,1,1,1,1,1,1,1,1,1,1,1,1,1,1,1,1	1/10,1/11,2/12,2/13,3/14,3/15,4/16,4/17,5/18,5/19,6/20,6/21,7/22,7/23,8/24,8/25,9/26,9/27	10/1/11,12/2/13,14/3/15,16/4/17,18/5/19,20/6/21,22/7/23,24/8/25,26/9/27	-	-	1,2,3,4,5,6,7,8,9,1,1,2,2,3,3,4,4,5,5,6,6,7,7,8,8,9,9
maceoff_water_95	6,6,6,6,6,6,6,6,6,6,6,6,1,1,1,1,1,1,1,1,1,1,1,1,1,1,1,1,1,1,1,1,1,1,1,1	0.0,0.0,0.0,0.0,0.0,0.0,0.0,0.0,0.0,0.0,0.0,0.0,0.0,0.0,0.0,0.0,0.0,0.0,0.0,0.0,0.0,0.0,0.0,0.0,0.0,0.0,0.0,0.0,0.0,0.0,0.0,0.0,0.0,0.0,0.0,0.0	0,0,0,0,0,0,0,0,0,0,0,0,0,0,0,0,0,0,0,0,0,0,0,0,0,0,0,0,0,0,0,0,0,0,0,0	2,2,2,2,2,2,2,2,2,2,2,2,1,1,1,1,1,1,1,1,1,1,1,1,1,1,1,1,1,1,1,1,1,1,1,1	1/13,1/14,2/15,2/16,3/17,3/18,4/19,4/20,5/21,5/22,6/23,6/24,7/25,7/26,8/27,8/28,9/29,9/30,10/31,10/32,11/33,11/34,12/35,12/36	13/1/14,15/2/16,17/3/18,19/4/20,21/5/22,23/6/24,25/7/26,27/8/28,29/9/30,31/10/32,33/11/34,35/12/36	-	-	1,2,3,4,5,6,7,8,9,10,11,12,1,1,2,2,3,3,4,4,5,5,6,6,7,7,8,8,9,9,10,10,11,11,12,12
maceoff_water_96	6,6,6,6,6,6,6,6,1,1,1,1,1,1,1,1,1,1,1,1,1,1,1,1	0.0,0.0,0.0,0.0,0.0,0.0,0.0,0.0,0.0,0.0,0.0,0.0,0.0,0.0,0.0,0.0,0.0,0.0,0.0,0.0,0.0,0.0,0.0,0.0	0,0,0,0,0,0,0,0,0,0,0,0,0,0,0,0,0,0,0,0,0,0,0,0	2,2,2,2,2,2,2,2,1,1,1,1,1,1,1,1,1,1,1,1,1,1,1,1	1/9,1/10,2/11,2/12,3/13,3/14,4/15,4/16,5/17,5/18,6/19,6/20,7/21,7/22,8/23,8/24	9/1/10,11/2/12,13/3/14,15/4/16,17/5/18,19/6/20,21/7/22,23/8/24	-	-	1,2,3,4,5,6,7,8,1,1,2,2,3,3,4,4,5,5,6,6,7,7,8,8
maceoff_water_97	6,6,6,6,6,6,6,6,6,6,6,1,1,1,1,1,1,1,1,1,1,1,1,1,1,1,1,1,1,1,1,1,1	0.0,0.0,0.0,0.0,0.0,0.0,0.0,0.0,0.0,0.0,0.0,0.0,0.0,0.0,0.0,0.0,0.0,0.0,0.0,0.0,0.0,0.0,0.0,0.0,0.0,0.0,0.0,0.0,0.0,0.0,0.0,0.0,0.0	0,0,0,0,0,0,0,0,0,0,0,0,0,0,0,0,0,0,0,0,0,0,0,0,0,0,0,0,0,0,0,0,0	2,2,2,2,2,2,2,2,2,2,2,1,1,1,1,1,1,1,1,1,1,1,1,1,1,1,1,1,1,1,1,1,1	1/12,1/13,2/14,2/15,3/16,3/17,4/18,4/19,5/20,5/21,6/22,6/23,7/24,7/25,8/26,8/27,9/28,9/29,10/30,10/31,11/32,11/33	12/1/13,14/2/15,16/3/17,18/4/19,20/5/21,22/6/23,24/7/25,26/8/27,28/9/29,30/10/31,32/11/33	-	-	1,2,3,4,5,6,7,8,9,10,11,1,1,2,2,3,3,4,4,5,5,6,6,7,7,8,8,9,9,10,10,11,11
maceoff_water_98	6,6,6,6,6,6,1,1,1,1,1,1,1,1,1,1,1,1	0.0,0.0,0.0,0.0,0.0,0.0,0.0,0.0,0.0,0.0,0.0,0.0,0.0,0.0,0.0,0.0,0.0,0.0	0,0,0,0,0,0,0,0,0,0,0,0,0,0,0,0,0,0	2,2,2,2,2,2,1,1,1,1,1,1,1,1,1,1,1,1	1/7,1/8,2/9,2/10,3/11,3/12,4/13,4/14,5/15,5/16,6/17,6/18	7/1/8,9/2/10,11/3/12,13/4/14,15/5/16,17/6/18	-	-	1,2,3,4,5,6,1,1,2,2,3,3,4,4,5,5,6,6
maceoff_water_99	6,6,6,6,6,6,6,6,6,1,1,1,1,1,1,1,1,1,1,1,1,1,1,1,1,1,1	0.0,0.0,0.0,0.0,0.0,0.0,0.0,0.0,0.0,0.0,0.0,0.0,0.0,0.0,0.0,0.0,0.0,0.0,0.0,0.0,0.0,0.0,0.0,0.0,0.0,0.0,0.0	0,0,0,0,0,0,0,0,0,0,0,0,0,0,0,0,0,0,0,0,0,0,0,0,0,0,0	2,2,2,2,2,2,2,2,2,1,1,1,1,1,1,1,1,1,1,1,1,1,1,1,1,1,1	1/10,1/11,2/12,2/13,3/14,3/15,4/16,4/17,5/18,5/19,6/20,6/21,7/22,7/23,8/24,8/25,9/26,9/27	10/1/11,12/2/13,14/3/15,16/4/17,18/5/19,20/6/21,22/7/23,24/8/25,26/9/27	-	-	1,2,3,4,5,6,7,8,9,1,1,2,2,3,3,4,4,5,5,6,6,7,7,8,8,9,9
maceoff_water_100	6,6,6,6,6,1,1,1,1,1,1,1,1,1,1	0.0,0.0,0.0,0.0,0.0,0.0,0.0,0.0,0.0,0.0,0.0,0.0,0.0,0.0,0.0	0,0,0,0,0,0,0,0,0,0,0,0,0,0,0	2,2,2,2,2,1,1,1,1,1,1,1,1,1,1	1/6,1/7,2/8,2/9,3/10,3/11,4/12,4/13,5/14,5/15	6/1/7,8/2/9,10/3/11,12/4/13,14/5/15	-	-	1,2,3,4,5,1,1,2,2,3,3,4,4,5,5
maceoff_water_101	6,6,6,6,6,6,6,6,6,6,6,6,1,1,1,1,1,1,1,1,1,1,1,1,1,1,1,1,1,1,1,1,1,1,1,1	0.0,0.0,0.0,0.0,0.0,0.0,0.0,0.0,0.0,0.0,0.0,0.0,0.0,0.0,0.0,0.0,0.0,0.0,0.0,0.0,0.0,0.0,0.0,0.0,0.0,0.0,0.0,0.0,0.0,0.0,0.0,0.0,0.0,0.0,0.0,0.0	0,0,0,0,0,0,0,0,0,0,0,0,0,0,0,0,0,0,0,0,0,0,0,0,0,0,0,0,0,0,0,0,0,0,0,0	2,2,2,2,2,2,2,2,2,2,2,2,1,1,1,1,1,1,1,1,1,1,1,1,1,1,1,1,1,1,1,1,1,1,1,1	1/13,1/14,2/15,2/16,3/17,3/18,4/19,4/20,5/21,5/22,6/23,6/24,7/25,7/26,8/27,8/28,9/29,9/30,10/31,10/32,11/33,11/34,12/35,12/36	13/1/14,15/2/16,17/3/18,19/4/20,21/5/22,23/6/24,25/7/26,27/8/28,29/9/30,31/10/32,33/11/34,35/12/36	-	-	1,2,3,4,5,6,7,8,9,10,11,12,1,1,2,2,3,3,4,4,5,5,6,6,7,7,8,8,9,9,10,10,11,11,12,12
maceoff_water_102	6,6,6,6,6,1,1,1,1,1,1,1,1,1,1	0.0,0.0,0.0,0.0,0.0,0.0,0.0,0.0,0.0,0.0,0.0,0.0,0.0,0.0,0.0	0,0,0,0,0,0,0,0,0,0,0,0,0,0,0	2,2,2,2,2,1,1,1,1,1,1,1,1,1,1	1/6,1/7,2/8,2/9,3/10,3/11,4/12,4/13,5/14,5/15	6/1/7,8/2/9,10/3/11,12/4/13,14/5/15	-	-	1,2,3,4,5,1,1,2,2,3,3,4,4,5,5
maceoff_water_103	6,6,6,1,1,1,1,1,1	0.0,0.0,0.0,0.0,0.0,0.0,0.0,0.0,0.0	0,0,0,0,0,0,0,0,0	2,2,2,1,1,1,1,1,1	1/4,1/5,2/6,2/7,3/8,3/9	4/1/5,6/2/7,8/3/9	-	-	1,2,3,1,1,2,2,3,3
maceoff_water_104	6,6,6,6,6,6,6,6,6,6,1,1,1,1,1,1,1,1,1,1,1,1,1,1,1,1,1,1,1,1	0.0,0.0,0.0,0.0,0.0,0.0,0.0,0.0,0.0,0.0,0.0,0.0,0.0,0.0,0.0,0.0,0.0,0.0,0.0,0.0,0.0,0.0,0.0,0.0,0.0,0.0,0.0,0.0,0.0,0.0	0,0,0,0,0,0,0,0,0,0,0,0,0,0,0,0,0,0,0,0,0,0,0,0,0,0,0,0,0,0	2,2,2,2,2,2,2,2,2,2,1,1,1,1,1,1,1,1,1,1,1,1,1,1,1,1,1,1,1,1	1/11,1/12,2/13,2/14,3/15,3/16,4/17,4/18,5/19,5/20,6/21,6/22,7/23,7/24,8/25,8/26,9/27,9/28,10/29,10/30	11/1/12,13/2/14,15/3/16,17/4/18,19/5/20,21/6/22,23/7/24,25/8/26,27/9/28,29/10/30	-	-	1,2,3,4,5,6,7,8,9,10,1,1,2,2,3,3,4,4,5,5,6,6,7,7,8,8,9,9,10,10
maceoff_water_105	6,6,6,6,6,6,6,6,6,6,6,6,6,6,6,6,6,6,6,6,6,6,6,6,6,1,1,1,1,1,1,1,1,1,1,1,1,1,1,1,1,1,1,1,1,1,1,1,1,1,1,1,1,1,1,1,1,1,1,1,1,1,1,1,1,1,1,1,1,1,1,1,1,1,1	0.0,0.0,0.0,0.0,0.0,0.0,0.0,0.0,0.0,0.0,0.0,0.0,0.0,0.0,0.0,0.0,0.0,0.0,0.0,0.0,0.0,0.0,0.0,0.0,0.0,0.0,0.0,0.0,0.0,0.0,0.0,0.0,0.0,0.0,0.0,0.0,0.0,0.0,0.0,0.0,0.0,0.0,0.0,0.0,0.0,0.0,0.0,0.0,0.0,0.0,0.0,0.0,0.0,0.0,0.0,0.0,0.0,0.0,0.0,0.0,0.0,0.0,0.0,0.0,0.0,0.0,0.0,0.0,0.0,0.0,0.0,0.0,0.0,0.0,0.0	0,0,0,0,0,0,0,0,0,0,0,0,0,0,0,0,0,0,0,0,0,0,0,0,0,0,0,0,0,0,0,0,0,0,0,0,0,0,0,0,0,0,0,0,0,0,0,0,0,0,0,0,0,0,0,0,0,0,0,0,0,0,0,0,0,0,0,0,0,0,0,0,0,0,0	2,2,2,2,2,2,2,2,2,2,2,2,2,2,2,2,2,2,2,2,2,2,2,2,2,1,1,1,1,1,1,1,1,1,1,1,1,1,1,1,1,1,1,1,1,1,1,1,1,1,1,1,1,1,1,1,1,1,1,1,1,1,1,1,1,1,1,1,1,1,1,1,1,1,1	1/26,1/27,2/28,2/29,3/30,3/31,4/32,4/33,5/34,5/35,6/36,6/37,7/38,7/39,8/40,8/41,9/42,9/43,10/44,10/45,11/46,11/47,12/48,12/49,13/50,13/51,14/52,14/53,15/54,15/55,16/56,16/57,17/58,17/59,18/60,18/61,19/62,19/63,20/64,20/65,21/66,21/67,22/68,22/69,23/70,23/71,24/72,24/73,25/74,25/75	26/1/27,28/2/29,30/3/31,32/4/33,34/5/35,36/6/37,38/7/39,40/8/41,42/9/43,44/10/45,46/11/47,48/12/49,50/13/51,52/14/53,54/15/55,56/16/57,58/17/59,60/18/61,62/19/63,64/20/65,66/21/67,68/22/69,70/23/71,72/24/73,74/25/75	-	-	1,2,3,4,5,6,7,8,9,10,11,12,13,14,15,16,17,18,19,20,21,22,23,24,25,1,1,2,2,3,3,4,4,5,5,6,6,7,7,8,8,9,9,10,10,11,11,12,12,13,13,14,14,15,15,16,16,17,17,18,18,19,19,20,20,21,21,22,22,23,23,24,24,25,25
maceoff_water_106	6,6,6,6,1,1,1,1,1,1,1,1	0.0,0.0,0.0,0.0,0.0,0.0,0.0,0.0,0.0,0.0,0.0,0.0	0,0,0,0,0,0,0,0,0,0,0,0	2,2,2,2,1,1,1,1,1,1,1,1	1/5,1/6,2/7,2/8,3/9,3/10,4/11,4/12	5/1/6,7/2/8,9/3/10,11/4/12	-	-	1,2,3,4,1,1,2,2,3,3,4,4
maceoff_water_107	6,6,6,6,6,6,6,1,1,1,1,1,1,1,1,1,1,1,1,1,1	0.0,0.0,0.0,0.0,0.0,0.0,0.0,0.0,0.0,0.0,0.0,0.0,0.0,0.0,0.0,0.0,0.0,0.0,0.0,0.0,0.0	0,0,0,0,0,0,0,0,0,0,0,0,0,0,0,0,0,0,0,0,0	2,2,2,2,2,2,2,1,1,1,1,1,1,1,1,1,1,1,1,1,1	1/8,1/9,2/10,2/11,3/12,3/13,4/14,4/15,5/16,5/17,6/18,6/19,7/20,7/21	8/1/9,10/2/11,12/3/13,14/4/15,16/5/17,18/6/19,20/7/21	-	-	1,2,3,4,5,6,7,1,1,2,2,3,3,4,4,5,5,6,6,7,7
maceoff_water_108	6,6,6,6,6,1,1,1,1,1,1,1,1,1,1	0.0,0.0,0.0,0.0,0.0,0.0,0.0,0.0,0.0,0.0,0.0,0.0,0.0,0.0,0.0	0,0,0,0,0,0,0,0,0,0,0,0,0,0,0	2,2,2,2,2,1,1,1,1,1,1,1,1,1,1	1/6,1/7,2/8,2/9,3/10,3/11,4/12,4/13,5/14,5/15	6/1/7,8/2/9,10/3/11,12/4/13,14/5/15	-	-	1,2,3,4,5,1,1,2,2,3,3,4,4,5,5
maceoff_water_109	6,6,6,6,6,6,6,6,6,6,6,1,1,1,1,1,1,1,1,1,1,1,1,1,1,1,1,1,1,1,1,1,1	0.0,0.0,0.0,0.0,0.0,0.0,0.0,0.0,0.0,0.0,0.0,0.0,0.0,0.0,0.0,0.0,0.0,0.0,0.0,0.0,0.0,0.0,0.0,0.0,0.0,0.0,0.0,0.0,0.0,0.0,0.0,0.0,0.0	0,0,0,0,0,0,0,0,0,0,0,0,0,0,0,0,0,0,0,0,0,0,0,0,0,0,0,0,0,0,0,0,0	2,2,2,2,2,2,2,2,2,2,2,1,1,1,1,1,1,1,1,1,1,1,1,1,1,1,1,1,1,1,1,1,1	1/12,1/13,2/14,2/15,3/16,3/17,4/18,4/19,5/20,5/21,6/22,6/23,7/24,7/25,8/26,8/27,9/28,9/29,10/30,10/31,11/32,11/33	12/1/13,14/2/15,16/3/17,18/4/19,20/5/21,22/6/23,24/7/25,26/8/27,28/9/29,30/10/31,32/11/33	-	-	1,2,3,4,5,6,7,8,9,10,11,1,1,2,2,3,3,4,4,5,5,6,6,7,7,8,8,9,9,10,10,11,11
maceoff_water_110	6,6,1,1,1,1	0.0,0.0,0.0,0.0,0.0,0.0	0,0,0,0,0,0	2,2,1,1,1,1	1/3,1/4,2/5,2/6	3/1/4,5/2/6	-	-	1,2,1,1,2,2
maceoff_water_111	6,6,6,6,1,1,1,1,1,1,1,1	0.0,0.0,0.0,0.0,0.0,0.0,0.0,0.0,0.0,0.0,0.0,0.0	0,0,0,0,0,0,0,0,0,0,0,0	2,2,2,2,1,1,1,1,1,1,1,1	1/5,1/6,2/7,2/8,3/9,3/10,4/11,4/12	5/1/6,7/2/8,9/3/10,11/4/12	-	-	1,2,3,4,1,1,2,2,3,3,4,4
maceoff_water_112	6,6,6,6,6,1,1,1,1,1,1,1,1,1,1	0.0,0.0,0.0,0.0,0.0,0.0,0.0,0.0,0.0,0.0,0.0,0.0,0.0,0.0,0.0	0,0,0,0,0,0,0,0,0,0,0,0,0,0,0	2,2,2,2,2,1,1,1,1,1,1,1,1,1,1	1/6,1/7,2/8,2/9,3/10,3/11,4/12,4/13,5/14,5/15	6/1/7,8/2/9,10/3/11,12/4/13,14/5/15	-	-	1,2,3,4,5,1,1,2,2,3,3,4,4,5,5
maceoff_water_113	6,6,1,1,1,1	0.0,0.0,0.0,0.0,0.0,0.0	0,0,0,0,0,0	2,2,1,1,1,1	1/3,1/4,2/5,2/6	3/1/4,5/2/6	-	-	1,2,1,1,2,2
maceoff_water_114	6,1,1	0.0,0.0,0.0	0,0,0	2,1,1	1/2,1/3	2/1/3	-	-	1,1,1
maceoff_water_115	6,6,6,6,6,1,1,1,1,1,1,1,1,1,1	0.0,0.0,0.0,0.0,0.0,0.0,0.0,0.0,0.0,0.0,0.0,0.0,0.0,0.0,0.0	0,0,0,0,0,0,0,0,0,0,0,0,0,0,0	2,2,2,2,2,1,1,1,1,1,1,1,1,1,1	1/6,1/7,2/8,2/9,3/10,3/11,4/12,4/13,5/14,5/15	6/1/7,8/2/9,10/3/11,12/4/13,14/5/15	-	-	1,2,3,4,5,1,1,2,2,3,3,4,4,5,5
maceoff_water_116	6,6,1,1,1,1	0.0,0.0,0.0,0.0,0.0,0.0	0,0,0,0,0,0	2,2,1,1,1,1	1/3,1/4,2/5,2/6	3/1/4,5/2/6	-	-	1,2,1,1,2,2
maceoff_water_117	6,6,6,6,6,6,6,6,1,1,1,1,1,1,1,1,1,1,1,1,1,1,1,1	0.0,0.0,0.0,0.0,0.0,0.0,0.0,0.0,0.0,0.0,0.0,0.0,0.0,0.0,0.0,0.0,0.0,0.0,0.0,0.0,0.0,0.0,0.0,0.0	0,0,0,0,0,0,0,0,0,0,0,0,0,0,0,0,0,0,0,0,0,0,0,0	2,2,2,2,2,2,2,2,1,1,1,1,1,1,1,1,1,1,1,1,1,1,1,1	1/9,1/10,2/11,2/12,3/13,3/14,4/15,4/16,5/17,5/18,6/19,6/20,7/21,7/22,8/23,8/24	9/1/10,11/2/12,13/3/14,15/4/16,17/5/18,19/6/20,21/7/22,23/8/24	-	-	1,2,3,4,5,6,7,8,1,1,2,2,3,3,4,4,5,5,6,6,7,7,8,8
maceoff_water_118	6,6,6,1,1,1,1,1,1	0.0,0.0,0.0,0.0,0.0,0.0,0.0,0.0,0.0	0,0,0,0,0,0,0,0,0	2,2,2,1,1,1,1,1,1	1/4,1/5,2/6,2/7,3/8,3/9	4/1/5,6/2/7,8/3/9	-	-	1,2,3,1,1,2,2,3,3
maceoff_water_119	6,6,6,6,6,6,1,1,1,1,1,1,1,1,1,1,1,1	0.0,0.0,0.0,0.0,0.0,0.0,0.0,0.0,0.0,0.0,0.0,0.0,0.0,0.0,0.0,0.0,0.0,0.0	0,0,0,0,0,0,0,0,0,0,0,0,0,0,0,0,0,0	2,2,2,2,2,2,1,1,1,1,1,1,1,1,1,1,1,1	1/7,1/8,2/9,2/10,3/11,3/12,4/13,4/14,5/15,5/16,6/17,6/18	7/1/8,9/2/10,11/3/12,13/4/14,15/5/16,17/6/18	-	-	1,2,3,4,5,6,1,1,2,2,3,3,4,4,5,5,6,6
maceoff_water_120	6,6,6,6,6,6,6,6,6,6,6,6,1,1,1,1,1,1,1,1,1,1,1,1,1,1,1,1,1,1,1,1,1,1,1,1	0.0,0.0,0.0,0.0,0.0,0.0,0.0,0.0,0.0,0.0,0.0,0.0,0.0,0.0,0.0,0.0,0.0,0.0,0.0,0.0,0.0,0.0,0.0,0.0,0.0,0.0,0.0,0.0,0.0,0.0,0.0,0.0,0.0,0.0,0.0,0.0	0,0,0,0,0,0,0,0,0,0,0,0,0,0,0,0,0,0,0,0,0,0,0,0,0,0,0,0,0,0,0,0,0,0,0,0	2,2,2,2,2,2,2,2,2,2,2,2,1,1,1,1,1,1,1,1,1,1,1,1,1,1,1,1,1,1,1,1,1,1,1,1	1/13,1/14,2/15,2/16,3/17,3/18,4/19,4/20,5/21,5/22,6/23,6/24,7/25,7/26,8/27,8/28,9/29,9/30,10/31,10/32,11/33,11/34,12/35,12/36	13/1/14,15/2/16,17/3/18,19/4/20,21/5/22,23/6/24,25/7/26,27/8/28,29/9/30,31/10/32,33/11/34,35/12/36	-	-	1,2,3,4,5,6,7,8,9,10,11,12,1,1,2,2,3,3,4,4,5,5,6,6,7,7,8,8,9,9,10,10,11,11,12,12
maceoff_water_121	6,6,6,6,1,1,1,1,1,1,1,1	0.0,0.0,0.0,0.0,0.0,0.0,0.0,0.0,0.0,0.0,0.0,0.0	0,0,0,0,0,0,0,0,0,0,0,0	2,2,2,2,1,1,1,1,1,1,1,1	1/5,1/6,2/7,2/8,3/9,3/10,4/11,4/12	5/1/6,7/2/8,9/3/10,11/4/12	-	-	1,2,3,4,1,1,2,2,3,3,4,4
maceoff_water_122	6,6,6,6,6,6,6,6,6,1,1,1,1,1,1,1,1,1,1,1,1,1,1,1,1,1,1	0.0,0.0,0.0,0.0,0.0,0.0,0.0,0.0,0.0,0.0,0.0,0.0,0.0,0.0,0.0,0.0,0.0,0.0,0.0,0.0,0.0,0.0,0.0,0.0,0.0,0.0,0.0	0,0,0,0,0,0,0,0,0,0,0,0,0,0,0,0,0,0,0,0,0,0,0,0,0,0,0	2,2,2,2,2,2,2,2,2,1,1,1,1,1,1,1,1,1,1,1,1,1,1,1,1,1,1	1/10,1/11,2/12,2/13,3/14,3/15,4/16,4/17,5/18,5/19,6/20,6/21,7/22,7/23,8/24,8/25,9/26,9/27	10/1/11,12/2/13,14/3/15,16/4/17,18/5/19,20/6/21,22/7/23,24/8/25,26/9/27	-	-	1,2,3,4,5,6,7,8,9,1,1,2,2,3,3,4,4,5,5,6,6,7,7,8,8,9,9
maceoff_water_123	6,6,1,1,1,1	0.0,0.0,0.0,0.0,0.0,0.0	0,0,0,0,0,0	2,2,1,1,1,1	1/3,1/4,2/5,2/6	3/1/4,5/2/6	-	-	1,2,1,1,2,2
maceoff_water_124	6,6,1,1,1,1	0.0,0.0,0.0,0.0,0.0,0.0	0,0,0,0,0,0	2,2,1,1,1,1	1/3,1/4,2/5,2/6	3/1/4,5/2/6	-	-	1,2,1,1,2,2
maceoff_water_125	6,6,6,6,6,6,6,6,6,6,6,6,6,6,6,6,6,6,6,6,6,6,6,6,6,1,1,1,1,1,1,1,1,1,1,1,1,1,1,1,1,1,1,1,1,1,1,1,1,1,1,1,1,1,1,1,1,1,1,1,1,1,1,1,1,1,1,1,1,1,1,1,1,1,1	0.0,0.0,0.0,0.0,0.0,0.0,0.0,0.0,0.0,0.0,0.0,0.0,0.0,0.0,0.0,0.0,0.0,0.0,0.0,0.0,0.0,0.0,0.0,0.0,0.0,0.0,0.0,0.0,0.0,0.0,0.0,0.0,0.0,0.0,0.0,0.0,0.0,0.0,0.0,0.0,0.0,0.0,0.0,0.0,0.0,0.0,0.0,0.0,0.0,0.0,0.0,0.0,0.0,0.0,0.0,0.0,0.0,0.0,0.0,0.0,0.0,0.0,0.0,0.0,0.0,0.0,0.0,0.0,0.0,0.0,0.0,0.0,0.0,0.0,0.0	0,0,0,0,0,0,0,0,0,0,0,0,0,0,0,0,0,0,0,0,0,0,0,0,0,0,0,0,0,0,0,0,0,0,0,0,0,0,0,0,0,0,0,0,0,0,0,0,0,0,0,0,0,0,0,0,0,0,0,0,0,0,0,0,0,0,0,0,0,0,0,0,0,0,0	2,2,2,2,2,2,2,2,2,2,2,2,2,2,2,2,2,2,2,2,2,2,2,2,2,1,1,1,1,1,1,1,1,1,1,1,1,1,1,1,1,1,1,1,1,1,1,1,1,1,1,1,1,1,1,1,1,1,1,1,1,1,1,1,1,1,1,1,1,1,1,1,1,1,1	1/26,1/27,2/28,2/29,3/30,3/31,4/32,4/33,5/34,5/35,6/36,6/37,7/38,7/39,8/40,8/41,9/42,9/43,10/44,10/45,11/46,11/47,12/48,12/49,13/50,13/51,14/52,14/53,15/54,15/55,16/56,16/57,17/58,17/59,18/60,18/61,19/62,19/63,20/64,20/65,21/66,21/67,22/68,22/69,23/70,23/71,24/72,24/73,25/74,25/75	26/1/27,28/2/29,30/3/31,32/4/33,34/5/35,36/6/37,38/7/39,40/8/41,42/9/43,44/10/45,46/11/47,48/12/49,50/13/51,52/14/53,54/15/55,56/16/57,58/17/59,60/18/61,62/19/63,64/20/65,66/21/67,68/22/69,70/23/71,72/24/73,74/25/75	-	-	1,2,3,4,5,6,7,8,9,10,11,12,13,14,15,16,17,18,19,20,21,22,23,24,25,1,1,2,2,3,3,4,4,5,5,6,6,7,7,8,8,9,9,10,10,11,11,12,12,13,13,14,14,15,15,16,16,17,17,18,18,19,19,20,20,21,21,22,22,23,23,24,24,25,25
maceoff_water_126	6,6,6,6,6,6,6,6,6,6,1,1,1,1,1,1,1,1,1,1,1,1,1,1,1,1,1,1,1,1	0.0,0.0,0.0,0.0,0.0,0.0,0.0,0.0,0.0,0.0,0.0,0.0,0.0,0.0,0.0,0.0,0.0,0.0,0.0,0.0,0.0,0.0,0.0,0.0,0.0,0.0,0.0,0.0,0.0,0.0	0,0,0,0,0,0,0,0,0,0,0,0,0,0,0,0,0,0,0,0,0,0,0,0,0,0,0,0,0,0	2,2,2,2,2,2,2,2,2,2,1,1,1,1,1,1,1,1,1,1,1,1,1,1,1,1,1,1,1,1	1/11,1/12,2/13,2/14,3/15,3/16,4/17,4/18,5/19,5/20,6/21,6/22,7/23,7/24,8/25,8/26,9/27,9/28,10/29,10/30	11/1/12,13/2/14,15/3/16,17/4/18,19/5/20,21/6/22,23/7/24,25/8/26,27/9/28,29/10/30	-	-	1,2,3,4,5,6,7,8,9,10,1,1,2,2,3,3,4,4,5,5,6,6,7,7,8,8,9,9,10,10
maceoff_water_127	6,6,6,1,1,1,1,1,1	0.0,0.0,0.0,0.0,0.0,0.0,0.0,0.0,0.0	0,0,0,0,0,0,0,0,0	2,2,2,1,1,1,1,1,1	1/4,1/5,2/6,2/7,3/8,3/9	4/1/5,6/2/7,8/3/9	-	-	1,2,3,1,1,2,2,3,3
maceoff_water_128	6,6,6,6,6,6,6,6,6,6,6,6,1,1,1,1,1,1,1,1,1,1,1,1,1,1,1,1,1,1,1,1,1,1,1,1	0.0,0.0,0.0,0.0,0.0,0.0,0.0,0.0,0.0,0.0,0.0,0.0,0.0,0.0,0.0,0.0,0.0,0.0,0.0,0.0,0.0,0.0,0.0,0.0,0.0,0.0,0.0,0.0,0.0,0.0,0.0,0.0,0.0,0.0,0.0,0.0	0,0,0,0,0,0,0,0,0,0,0,0,0,0,0,0,0,0,0,0,0,0,0,0,0,0,0,0,0,0,0,0,0,0,0,0	2,2,2,2,2,2,2,2,2,2,2,2,1,1,1,1,1,1,1,1,1,1,1,1,1,1,1,1,1,1,1,1,1,1,1,1	1/13,1/14,2/15,2/16,3/17,3/18,4/19,4/20,5/21,5/22,6/23,6/24,7/25,7/26,8/27,8/28,9/29,9/30,10/31,10/32,11/33,11/34,12/35,12/36	13/1/14,15/2/16,17/3/18,19/4/20,21/5/22,23/6/24,25/7/26,27/8/28,29/9/30,31/10/32,33/11/34,35/12/36	-	-	1,2,3,4,5,6,7,8,9,10,11,12,1,1,2,2,3,3,4,4,5,5,6,6,7,7,8,8,9,9,10,10,11,11,12,12
maceoff_water_129	6,6,6,6,6,6,6,6,6,1,1,1,1,1,1,1,1,1,1,1,1,1,1,1,1,1,1	0.0,0.0,0.0,0.0,0.0,0.0,0.0,0.0,0.0,0.0,0.0,0.0,0.0,0.0,0.0,0.0,0.0,0.0,0.0,0.0,0.0,0.0,0.0,0.0,0.0,0.0,0.0	0,0,0,0,0,0,0,0,0,0,0,0,0,0,0,0,0,0,0,0,0,0,0,0,0,0,0	2,2,2,2,2,2,2,2,2,1,1,1,1,1,1,1,1,1,1,1,1,1,1,1,1,1,1	1/10,1/11,2/12,2/13,3/14,3/15,4/16,4/17,5/18,5/19,6/20,6/21,7/22,7/23,8/24,8/25,9/26,9/27	10/1/11,12/2/13,14/3/15,16/4/17,18/5/19,20/6/21,22/7/23,24/8/25,26/9/27	-	-	1,2,3,4,5,6,7,8,9,1,1,2,2,3,3,4,4,5,5,6,6,7,7,8,8,9,9
maceoff_water_130	6,6,1,1,1,1	0.0,0.0,0.0,0.0,0.0,0.0	0,0,0,0,0,0	2,2,1,1,1,1	1/3,1/4,2/5,2/6	3/1/4,5/2/6	-	-	1,2,1,1,2,2
maceoff_water_131	6,6,6,6,6,6,6,1,1,1,1,1,1,1,1,1,1,1,1,1,1	0.0,0.0,0.0,0.0,0.0,0.0,0.0,0.0,0.0,0.0,0.0,0.0,0.0,0.0,0.0,0.0,0.0,0.0,0.0,0.0,0.0	0,0,0,0,0,0,0,0,0,0,0,0,0,0,0,0,0,0,0,0,0	2,2,2,2,2,2,2,1,1,1,1,1,1,1,1,1,1,1,1,1,1	1/8,1/9,2/10,2/11,3/12,3/13,4/14,4/15,5/16,5/17,6/18,6/19,7/20,7/21	8/1/9,10/2/11,12/3/13,14/4/15,16/5/17,18/6/19,20/7/21	-	-	1,2,3,4,5,6,7,1,1,2,2,3,3,4,4,5,5,6,6,7,7
maceoff_water_132	6,6,6,6,6,1,1,1,1,1,1,1,1,1,1	0.0,0.0,0.0,0.0,0.0,0.0,0.0,0.0,0.0,0.0,0.0,0.0,0.0,0.0,0.0	0,0,0,0,0,0,0,0,0,0,0,0,0,0,0	2,2,2,2,2,1,1,1,1,1,1,1,1,1,1	1/6,1/7,2/8,2/9,3/10,3/11,4/12,4/13,5/14,5/15	6/1/7,8/2/9,10/3/11,12/4/13,14/5/15	-	-	1,2,3,4,5,1,1,2,2,3,3,4,4,5,5
maceoff_water_133	6,1,1	0.0,0.0,0.0	0,0,0	2,1,1	1/2,1/3	2/1/3	-	-	1,1,1
maceoff_water_134	6,6,6,6,6,6,6,6,1,1,1,1,1,1,1,1,1,1,1,1,1,1,1,1	0.0,0.0,0.0,0.0,0.0,0.0,0.0,0.0,0.0,0.0,0.0,0.0,0.0,0.0,0.0,0.0,0.0,0.0,0.0,0.0,0.0,0.0,0.0,0.0	0,0,0,0,0,0,0,0,0,0,0,0,0,0,0,0,0,0,0,0,0,0,0,0	2,2,2,2,2,2,2,2,1,1,1,1,1,1,1,1,1,1,1,1,1,1,1,1	1/9,1/10,2/11,2/12,3/13,3/14,4/15,4/16,5/17,5/18,6/19,6/20,7/21,7/22,8/23,8/24	9/1/10,11/2/12,13/3/14,15/4/16,17/5/18,19/6/20,21/7/22,23/8/24	-	-	1,2,3,4,5,6,7,8,1,1,2,2,3,3,4,4,5,5,6,6,7,7,8,8
maceoff_water_135	6,6,6,6,6,6,1,1,1,1,1,1,1,1,1,1,1,1	0.0,0.0,0.0,0.0,0.0,0.0,0.0,0.0,0.0,0.0,0.0,0.0,0.0,0.0,0.0,0.0,0.0,0.0	0,0,0,0,0,0,0,0,0,0,0,0,0,0,0,0,0,0	2,2,2,2,2,2,1,1,1,1,1,1,1,1,1,1,1,1	1/7,1/8,2/9,2/10,3/11,3/12,4/13,4/14,5/15,5/16,6/17,6/18	7/1/8,9/2/10,11/3/12,13/4/14,15/5/16,17/6/18	-	-	1,2,3,4,5,6,1,1,2,2,3,3,4,4,5,5,6,6
maceoff_water_136	6,6,6,6,6,6,6,1,1,1,1,1,1,1,1,1,1,1,1,1,1	0.0,0.0,0.0,0.0,0.0,0.0,0.0,0.0,0.0,0.0,0.0,0.0,0.0,0.0,0.0,0.0,0.0,0.0,0.0,0.0,0.0	0,0,0,0,0,0,0,0,0,0,0,0,0,0,0,0,0,0,0,0,0	2,2,2,2,2,2,2,1,1,1,1,1,1,1,1,1,1,1,1,1,1	1/8,1/9,2/10,2/11,3/12,3/13,4/14,4/15,5/16,5/17,6/18,6/19,7/20,7/21	8/1/9,10/2/11,12/3/13,14/4/15,16/5/17,18/6/19,20/7/21	-	-	1,2,3,4,5,6,7,1,1,2,2,3,3,4,4,5,5,6,6,7,7
maceoff_water_137	6,6,1,1,1,1	0.0,0.0,0.0,0.0,0.0,0.0	0,0,0,0,0,0	2,2,1,1,1,1	1/3,1/4,2/5,2/6	3/1/4,5/2/6	-	-	1,2,1,1,2,2
maceoff_water_138	6,6,6,6,6,6,6,6,6,1,1,1,1,1,1,1,1,1,1,1,1,1,1,1,1,1,1	0.0,0.0,0.0,0.0,0.0,0.0,0.0,0.0,0.0,0.0,0.0,0.0,0.0,0.0,0.0,0.0,0.0,0.0,0.0,0.0,0.0,0.0,0.0,0.0,0.0,0.0,0.0	0,0,0,0,0,0,0,0,0,0,0,0,0,0,0,0,0,0,0,0,0,0,0,0,0,0,0	2,2,2,2,2,2,2,2,2,1,1,1,1,1,1,1,1,1,1,1,1,1,1,1,1,1,1	1/10,1/11,2/12,2/13,3/14,3/15,4/16,4/17,5/18,5/19,6/20,6/21,7/22,7/23,8/24,8/25,9/26,9/27	10/1/11,12/2/13,14/3/15,16/4/17,18/5/19,20/6/21,22/7/23,24/8/25,26/9/27	-	-	1,2,3,4,5,6,7,8,9,1,1,2,2,3,3,4,4,5,5,6,6,7,7,8,8,9,9
maceoff_water_139	6,6,6,6,6,6,6,6,6,6,6,6,1,1,1,1,1,1,1,1,1,1,1,1,1,1,1,1,1,1,1,1,1,1,1,1	0.0,0.0,0.0,0.0,0.0,0.0,0.0,0.0,0.0,0.0,0.0,0.0,0.0,0.0,0.0,0.0,0.0,0.0,0.0,0.0,0.0,0.0,0.0,0.0,0.0,0.0,0.0,0.0,0.0,0.0,0.0,0.0,0.0,0.0,0.0,0.0	0,0,0,0,0,0,0,0,0,0,0,0,0,0,0,0,0,0,0,0,0,0,0,0,0,0,0,0,0,0,0,0,0,0,0,0	2,2,2,2,2,2,2,2,2,2,2,2,1,1,1,1,1,1,1,1,1,1,1,1,1,1,1,1,1,1,1,1,1,1,1,1	1/13,1/14,2/15,2/16,3/17,3/18,4/19,4/20,5/21,5/22,6/23,6/24,7/25,7/26,8/27,8/28,9/29,9/30,10/31,10/32,11/33,11/34,12/35,12/36	13/1/14,15/2/16,17/3/18,19/4/20,21/5/22,23/6/24,25/7/26,27/8/28,29/9/30,31/10/32,33/11/34,35/12/36	-	-	1,2,3,4,5,6,7,8,9,10,11,12,1,1,2,2,3,3,4,4,5,5,6,6,7,7,8,8,9,9,10,10,11,11,12,12
maceoff_water_140	6,6,6,6,1,1,1,1,1,1,1,1	0.0,0.0,0.0,0.0,0.0,0.0,0.0,0.0,0.0,0.0,0.0,0.0	0,0,0,0,0,0,0,0,0,0,0,0	2,2,2,2,1,1,1,1,1,1,1,1	1/5,1/6,2/7,2/8,3/9,3/10,4/11,4/12	5/1/6,7/2/8,9/3/10,11/4/12	-	-	1,2,3,4,1,1,2,2,3,3,4,4
maceoff_water_141	6,6,6,6,1,1,1,1,1,1,1,1	0.0,0.0,0.0,0.0,0.0,0.0,0.0,0.0,0.0,0.0,0.0,0.0	0,0,0,0,0,0,0,0,0,0,0,0	2,2,2,2,1,1,1,1,1,1,1,1	1/5,1/6,2/7,2/8,3/9,3/10,4/11,4/12	5/1/6,7/2/8,9/3/10,11/4/12	-	-	1,2,3,4,1,1,2,2,3,3,4,4
maceoff_water_142	6,6,6,6,6,6,6,6,1,1,1,1,1,1,1,1,1,1,1,1,1,1,1,1	0.0,0.0,0.0,0.0,0.0,0.0,0.0,0.0,0.0,0.0,0.0,0.0,0.0,0.0,0.0,0.0,0.0,0.0,0.0,0.0,0.0,0.0,0.0,0.0	0,0,0,0,0,0,0,0,0,0,0,0,0,0,0,0,0,0,0,0,0,0,0,0	2,2,2,2,2,2,2,2,1,1,1,1,1,1,1,1,1,1,1,1,1,1,1,1	1/9,1/10,2/11,2/12,3/13,3/14,4/15,4/16,5/17,5/18,6/19,6/20,7/21,7/22,8/23,8/24	9/1/10,11/2/12,13/3/14,15/4/16,17/5/18,19/6/20,21/7/22,23/8/24	-	-	1,2,3,4,5,6,7,8,1,1,2,2,3,3,4,4,5,5,6,6,7,7,8,8
maceoff_water_143	6,6,6,6,6,1,1,1,1,1,1,1,1,1,1	0.0,0.0,0.0,0.0,0.0,0.0,0.0,0.0,0.0,0.0,0.0,0.0,0.0,0.0,0.0	0,0,0,0,0,0,0,0,0,0,0,0,0,0,0	2,2,2,2,2,1,1,1,1,1,1,1,1,1,1	1/6,1/7,2/8,2/9,3/10,3/11,4/12,4/13,5/14,5/15	6/1/7,8/2/9,10/3/11,12/4/13,14/5/15	-	-	1,2,3,4,5,1,1,2,2,3,3,4,4,5,5
maceoff_water_144	6,6,1,1,1,1	0.0,0.0,0.0,0.0,0.0,0.0	0,0,0,0,0,0	2,2,1,1,1,1	1/3,1/4,2/5,2/6	3/1/4,5/2/6	-	-	1,2,1,1,2,2
maceoff_water_145	6,6,6,6,6,6,6,6,6,6,6,1,1,1,1,1,1,1,1,1,1,1,1,1,1,1,1,1,1,1,1,1,1	0.0,0.0,0.0,0.0,0.0,0.0,0.0,0.0,0.0,0.0,0.0,0.0,0.0,0.0,0.0,0.0,0.0,0.0,0.0,0.0,0.0,0.0,0.0,0.0,0.0,0.0,0.0,0.0,0.0,0.0,0.0,0.0,0.0	0,0,0,0,0,0,0,0,0,0,0,0,0,0,0,0,0,0,0,0,0,0,0,0,0,0,0,0,0,0,0,0,0	2,2,2,2,2,2,2,2,2,2,2,1,1,1,1,1,1,1,1,1,1,1,1,1,1,1,1,1,1,1,1,1,1	1/12,1/13,2/14,2/15,3/16,3/17,4/18,4/19,5/20,5/21,6/22,6/23,7/24,7/25,8/26,8/27,9/28,9/29,10/30,10/31,11/32,11/33	12/1/13,14/2/15,16/3/17,18/4/19,20/5/21,22/6/23,24/7/25,26/8/27,28/9/29,30/10/31,32/11/33	-	-	1,2,3,4,5,6,7,8,9,10,11,1,1,2,2,3,3,4,4,5,5,6,6,7,7,8,8,9,9,10,10,11,11
maceoff_water_146	6,6,6,6,6,6,6,1,1,1,1,1,1,1,1,1,1,1,1,1,1	0.0,0.0,0.0,0.0,0.0,0.0,0.0,0.0,0.0,0.0,0.0,0.0,0.0,0.0,0.0,0.0,0.0,0.0,0.0,0.0,0.0	0,0,0,0,0,0,0,0,0,0,0,0,0,0,0,0,0,0,0,0,0	2,2,2,2,2,2,2,1,1,1,1,1,1,1,1,1,1,1,1,1,1	1/8,1/9,2/10,2/11,3/12,3/13,4/14,4/15,5/16,5/17,6/18,6/19,7/20,7/21	8/1/9,10/2/11,12/3/13,14/4/15,16/5/17,18/6/19,20/7/21	-	-	1,2,3,4,5,6,7,1,1,2,2,3,3,4,4,5,5,6,6,7,7
maceoff_water_147	6,6,6,6,6,6,6,6,6,6,1,1,1,1,1,1,1,1,1,1,1,1,1,1,1,1,1,1,1,1	0.0,0.0,0.0,0.0,0.0,0.0,0.0,0.0,0.0,0.0,0.0,0.0,0.0,0.0,0.0,0.0,0.0,0.0,0.0,0.0,0.0,0.0,0.0,0.0,0.0,0.0,0.0,0.0,0.0,0.0	0,0,0,0,0,0,0,0,0,0,0,0,0,0,0,0,0,0,0,0,0,0,0,0,0,0,0,0,0,0	2,2,2,2,2,2,2,2,2,2,1,1,1,1,1,1,1,1,1,1,1,1,1,1,1,1,1,1,1,1	1/11,1/12,2/13,2/14,3/15,3/16,4/17,4/18,5/19,5/20,6/21,6/22,7/23,7/24,8/25,8/26,9/27,9/28,10/29,10/30	11/1/12,13/2/14,15/3/16,17/4/18,19/5/20,21/6/22,23/7/24,25/8/26,27/9/28,29/10/30	-	-	1,2,3,4,5,6,7,8,9,10,1,1,2,2,3,3,4,4,5,5,6,6,7,7,8,8,9,9,10,10
maceoff_water_148	6,6,6,6,6,1,1,1,1,1,1,1,1,1,1	0.0,0.0,0.0,0.0,0.0,0.0,0.0,0.0,0.0,0.0,0.0,0.0,0.0,0.0,0.0	0,0,0,0,0,0,0,0,0,0,0,0,0,0,0	2,2,2,2,2,1,1,1,1,1,1,1,1,1,1	1/6,1/7,2/8,2/9,3/10,3/11,4/12,4/13,5/14,5/15	6/1/7,8/2/9,10/3/11,12/4/13,14/5/15	-	-	1,2,3,4,5,1,1,2,2,3,3,4,4,5,5
maceoff_water_149	6,6,6,6,6,6,6,6,1,1,1,1,1,1,1,1,1,1,1,1,1,1,1,1	0.0,0.0,0.0,0.0,0.0,0.0,0.0,0.0,0.0,0.0,0.0,0.0,0.0,0.0,0.0,0.0,0.0,0.0,0.0,0.0,0.0,0.0,0.0,0.0	0,0,0,0,0,0,0,0,0,0,0,0,0,0,0,0,0,0,0,0,0,0,0,0	2,2,2,2,2,2,2,2,1,1,1,1,1,1,1,1,1,1,1,1,1,1,1,1	1/9,1/10,2/11,2/12,3/13,3/14,4/15,4/16,5/17,5/18,6/19,6/20,7/21,7/22,8/23,8/24	9/1/10,11/2/12,13/3/14,15/4/16,17/5/18,19/6/20,21/7/22,23/8/24	-	-	1,2,3,4,5,6,7,8,1,1,2,2,3,3,4,4,5,5,6,6,7,7,8,8
maceoff_water_150	6,6,6,6,6,6,6,6,6,6,6,6,1,1,1,1,1,1,1,1,1,1,1,1,1,1,1,1,1,1,1,1,1,1,1,1	0.0,0.0,0.0,0.0,0.0,0.0,0.0,0.0,0.0,0.0,0.0,0.0,0.0,0.0,0.0,0.0,0.0,0.0,0.0,0.0,0.0,0.0,0.0,0.0,0.0,0.0,0.0,0.0,0.0,0.0,0.0,0.0,0.0,0.0,0.0,0.0	0,0,0,0,0,0,0,0,0,0,0,0,0,0,0,0,0,0,0,0,0,0,0,0,0,0,0,0,0,0,0,0,0,0,0,0	2,2,2,2,2,2,2,2,2,2,2,2,1,1,1,1,1,1,1,1,1,1,1,1,1,1,1,1,1,1,1,1,1,1,1,1	1/13,1/14,2/15,2/16,3/17,3/18,4/19,4/20,5/21,5/22,6/23,6/24,7/25,7/26,8/27,8/28,9/29,9/30,10/31,10/32,11/33,11/34,12/35,12/36	13/1/14,15/2/16,17/3/18,19/4/20,21/5/22,23/6/24,25/7/26,27/8/28,29/9/30,31/10/32,33/11/34,35/12/36	-	-	1,2,3,4,5,6,7,8,9,10,11,12,1,1,2,2,3,3,4,4,5,5,6,6,7,7,8,8,9,9,10,10,11,11,12,12
maceoff_water_151	6,6,6,6,1,1,1,1,1,1,1,1	0.0,0.0,0.0,0.0,0.0,0.0,0.0,0.0,0.0,0.0,0.0,0.0	0,0,0,0,0,0,0,0,0,0,0,0	2,2,2,2,1,1,1,1,1,1,1,1	1/5,1/6,2/7,2/8,3/9,3/10,4/11,4/12	5/1/6,7/2/8,9/3/10,11/4/12	-	-	1,2,3,4,1,1,2,2,3,3,4,4
maceoff_water_152	6,6,6,6,6,1,1,1,1,1,1,1,1,1,1	0.0,0.0,0.0,0.0,0.0,0.0,0.0,0.0,0.0,0.0,0.0,0.0,0.0,0.0,0.0	0,0,0,0,0,0,0,0,0,0,0,0,0,0,0	2,2,2,2,2,1,1,1,1,1,1,1,1,1,1	1/6,1/7,2/8,2/9,3/10,3/11,4/12,4/13,5/14,5/15	6/1/7,8/2/9,10/3/11,12/4/13,14/5/15	-	-	1,2,3,4,5,1,1,2,2,3,3,4,4,5,5
maceoff_water_153	6,6,6,6,6,6,6,6,6,1,1,1,1,1,1,1,1,1,1,1,1,1,1,1,1,1,1	0.0,0.0,0.0,0.0,0.0,0.0,0.0,0.0,0.0,0.0,0.0,0.0,0.0,0.0,0.0,0.0,0.0,0.0,0.0,0.0,0.0,0.0,0.0,0.0,0.0,0.0,0.0	0,0,0,0,0,0,0,0,0,0,0,0,0,0,0,0,0,0,0,0,0,0,0,0,0,0,0	2,2,2,2,2,2,2,2,2,1,1,1,1,1,1,1,1,1,1,1,1,1,1,1,1,1,1	1/10,1/11,2/12,2/13,3/14,3/15,4/16,4/17,5/18,5/19,6/20,6/21,7/22,7/23,8/24,8/25,9/26,9/27	10/1/11,12/2/13,14/3/15,16/4/17,18/5/19,20/6/21,22/7/23,24/8/25,26/9/27	-	-	1,2,3,4,5,6,7,8,9,1,1,2,2,3,3,4,4,5,5,6,6,7,7,8,8,9,9
maceoff_water_154	6,6,6,6,6,6,6,6,6,6,6,1,1,1,1,1,1,1,1,1,1,1,1,1,1,1,1,1,1,1,1,1,1	0.0,0.0,0.0,0.0,0.0,0.0,0.0,0.0,0.0,0.0,0.0,0.0,0.0,0.0,0.0,0.0,0.0,0.0,0.0,0.0,0.0,0.0,0.0,0.0,0.0,0.0,0.0,0.0,0.0,0.0,0.0,0.0,0.0	0,0,0,0,0,0,0,0,0,0,0,0,0,0,0,0,0,0,0,0,0,0,0,0,0,0,0,0,0,0,0,0,0	2,2,2,2,2,2,2,2,2,2,2,1,1,1,1,1,1,1,1,1,1,1,1,1,1,1,1,1,1,1,1,1,1	1/12,1/13,2/14,2/15,3/16,3/17,4/18,4/19,5/20,5/21,6/22,6/23,7/24,7/25,8/26,8/27,9/28,9/29,10/30,10/31,11/32,11/33	12/1/13,14/2/15,16/3/17,18/4/19,20/5/21,22/6/23,24/7/25,26/8/27,28/9/29,30/10/31,32/11/33	-	-	1,2,3,4,5,6,7,8,9,10,11,1,1,2,2,3,3,4,4,5,5,6,6,7,7,8,8,9,9,10,10,11,11
maceoff_water_155	6,6,6,6,6,6,1,1,1,1,1,1,1,1,1,1,1,1	0.0,0.0,0.0,0.0,0.0,0.0,0.0,0.0,0.0,0.0,0.0,0.0,0.0,0.0,0.0,0.0,0.0,0.0	0,0,0,0,0,0,0,0,0,0,0,0,0,0,0,0,0,0	2,2,2,2,2,2,1,1,1,1,1,1,1,1,1,1,1,1	1/7,1/8,2/9,2/10,3/11,3/12,4/13,4/14,5/15,5/16,6/17,6/18	7/1/8,9/2/10,11/3/12,13/4/14,15/5/16,17/6/18	-	-	1,2,3,4,5,6,1,1,2,2,3,3,4,4,5,5,6,6
maceoff_water_156	6,6,6,6,6,1,1,1,1,1,1,1,1,1,1	0.0,0.0,0.0,0.0,0.0,0.0,0.0,0.0,0.0,0.0,0.0,0.0,0.0,0.0,0.0	0,0,0,0,0,0,0,0,0,0,0,0,0,0,0	2,2,2,2,2,1,1,1,1,1,1,1,1,1,1	1/6,1/7,2/8,2/9,3/10,3/11,4/12,4/13,5/14,5/15	6/1/7,8/2/9,10/3/11,12/4/13,14/5/15	-	-	1,2,3,4,5,1,1,2,2,3,3,4,4,5,5
maceoff_water_157	6,6,6,1,1,1,1,1,1	0.0,0.0,0.0,0.0,0.0,0.0,0.0,0.0,0.0	0,0,0,0,0,0,0,0,0	2,2,2,1,1,1,1,1,1	1/4,1/5,2/6,2/7,3/8,3/9	4/1/5,6/2/7,8/3/9	-	-	1,2,3,1,1,2,2,3,3
maceoff_water_158	6,1,1	0.0,0.0,0.0	0,0,0	2,1,1	1/2,1/3	2/1/3	-	-	1,1,1
maceoff_water_159	6,6,6,1,1,1,1,1,1	0.0,0.0,0.0,0.0,0.0,0.0,0.0,0.0,0.0	0,0,0,0,0,0,0,0,0	2,2,2,1,1,1,1,1,1	1/4,1/5,2/6,2/7,3/8,3/9	4/1/5,6/2/7,8/3/9	-	-	1,2,3,1,1,2,2,3,3
maceoff_water_160	6,1,1	0.0,0.0,0.0	0,0,0	2,1,1	1/2,1/3	2/1/3	-	-	1,1,1
maceoff_water_161	6,6,6,1,1,1,1,1,1	0.0,0.0,0.0,0.0,0.0,0.0,0.0,0.0,0.0	0,0,0,0,0,0,0,0,0	2,2,2,1,1,1,1,1,1	1/4,1/5,2/6,2/7,3/8,3/9	4/1/5,6/2/7,8/3/9	-	-	1,2,3,1,1,2,2,3,3
maceoff_water_162	6,6,6,6,6,6,6,6,1,1,1,1,1,1,1,1,1,1,1,1,1,1,1,1	0.0,0.0,0.0,0.0,0.0,0.0,0.0,0.0,0.0,0.0,0.0,0.0,0.0,0.0,0.0,0.0,0.0,0.0,0.0,0.0,0.0,0.0,0.0,0.0	0,0,0,0,0,0,0,0,0,0,0,0,0,0,0,0,0,0,0,0,0,0,0,0	2,2,2,2,2,2,2,2,1,1,1,1,1,1,1,1,1,1,1,1,1,1,1,1	1/9,1/10,2/11,2/12,3/13,3/14,4/15,4/16,5/17,5/18,6/19,6/20,7/21,7/22,8/23,8/24	9/1/10,11/2/12,13/3/14,15/4/16,17/5/18,19/6/20,21/7/22,23/8/24	-	-	1,2,3,4,5,6,7,8,1,1,2,2,3,3,4,4,5,5,6,6,7,7,8,8
maceoff_water_163	6,6,6,6,6,1,1,1,1,1,1,1,1,1,1	0.0,0.0,0.0,0.0,0.0,0.0,0.0,0.0,0.0,0.0,0.0,0.0,0.0,0.0,0.0	0,0,0,0,0,0,0,0,0,0,0,0,0,0,0	2,2,2,2,2,1,1,1,1,1,1,1,1,1,1	1/6,1/7,2/8,2/9,3/10,3/11,4/12,4/13,5/14,5/15	6/1/7,8/2/9,10/3/11,12/4/13,14/5/15	-	-	1,2,3,4,5,1,1,2,2,3,3,4,4,5,5
maceoff_water_164	6,6,1,1,1,1	0.0,0.0,0.0,0.0,0.0,0.0	0,0,0,0,0,0	2,2,1,1,1,1	1/3,1/4,2/5,2/6	3/1/4,5/2/6	-	-	1,2,1,1,2,2
maceoff_water_165	6,6,6,6,6,6,6,6,1,1,1,1,1,1,1,1,1,1,1,1,1,1,1,1	0.0,0.0,0.0,0.0,0.0,0.0,0.0,0.0,0.0,0.0,0.0,0.0,0.0,0.0,0.0,0.0,0.0,0.0,0.0,0.0,0.0,0.0,0.0,0.0	0,0,0,0,0,0,0,0,0,0,0,0,0,0,0,0,0,0,0,0,0,0,0,0	2,2,2,2,2,2,2,2,1,1,1,1,1,1,1,1,1,1,1,1,1,1,1,1	1/9,1/10,2/11,2/12,3/13,3/14,4/15,4/16,5/17,5/18,6/19,6/20,7/21,7/22,8/23,8/24	9/1/10,11/2/12,13/3/14,15/4/16,17/5/18,19/6/20,21/7/22,23/8/24	-	-	1,2,3,4,5,6,7,8,1,1,2,2,3,3,4,4,5,5,6,6,7,7,8,8
maceoff_water_166	6,6,6,6,1,1,1,1,1,1,1,1	0.0,0.0,0.0,0.0,0.0,0.0,0.0,0.0,0.0,0.0,0.0,0.0	0,0,0,0,0,0,0,0,0,0,0,0	2,2,2,2,1,1,1,1,1,1,1,1	1/5,1/6,2/7,2/8,3/9,3/10,4/11,4/12	5/1/6,7/2/8,9/3/10,11/4/12	-	-	1,2,3,4,1,1,2,2,3,3,4,4
maceoff_water_167	6,6,6,6,6,6,6,6,6,1,1,1,1,1,1,1,1,1,1,1,1,1,1,1,1,1,1	0.0,0.0,0.0,0.0,0.0,0.0,0.0,0.0,0.0,0.0,0.0,0.0,0.0,0.0,0.0,0.0,0.0,0.0,0.0,0.0,0.0,0.0,0.0,0.0,0.0,0.0,0.0	0,0,0,0,0,0,0,0,0,0,0,0,0,0,0,0,0,0,0,0,0,0,0,0,0,0,0	2,2,2,2,2,2,2,2,2,1,1,1,1,1,1,1,1,1,1,1,1,1,1,1,1,1,1	1/10,1/11,2/12,2/13,3/14,3/15,4/16,4/17,5/18,5/19,6/20,6/21,7/22,7/23,8/24,8/25,9/26,9/27	10/1/11,12/2/13,14/3/15,16/4/17,18/5/19,20/6/21,22/7/23,24/8/25,26/9/27	-	-	1,2,3,4,5,6,7,8,9,1,1,2,2,3,3,4,4,5,5,6,6,7,7,8,8,9,9
maceoff_water_168	6,6,6,6,6,6,6,6,6,6,6,6,1,1,1,1,1,1,1,1,1,1,1,1,1,1,1,1,1,1,1,1,1,1,1,1	0.0,0.0,0.0,0.0,0.0,0.0,0.0,0.0,0.0,0.0,0.0,0.0,0.0,0.0,0.0,0.0,0.0,0.0,0.0,0.0,0.0,0.0,0.0,0.0,0.0,0.0,0.0,0.0,0.0,0.0,0.0,0.0,0.0,0.0,0.0,0.0	0,0,0,0,0,0,0,0,0,0,0,0,0,0,0,0,0,0,0,0,0,0,0,0,0,0,0,0,0,0,0,0,0,0,0,0	2,2,2,2,2,2,2,2,2,2,2,2,1,1,1,1,1,1,1,1,1,1,1,1,1,1,1,1,1,1,1,1,1,1,1,1	1/13,1/14,2/15,2/16,3/17,3/18,4/19,4/20,5/21,5/22,6/23,6/24,7/25,7/26,8/27,8/28,9/29,9/30,10/31,10/32,11/33,11/34,12/35,12/36	13/1/14,15/2/16,17/3/18,19/4/20,21/5/22,23/6/24,25/7/26,27/8/28,29/9/30,31/10/32,33/11/34,35/12/36	-	-	1,2,3,4,5,6,7,8,9,10,11,12,1,1,2,2,3,3,4,4,5,5,6,6,7,7,8,8,9,9,10,10,11,11,12,12
maceoff_water_169	6,6,6,6,6,6,6,6,6,6,6,6,1,1,1,1,1,1,1,1,1,1,1,1,1,1,1,1,1,1,1,1,1,1,1,1	0.0,0.0,0.0,0.0,0.0,0.0,0.0,0.0,0.0,0.0,0.0,0.0,0.0,0.0,0.0,0.0,0.0,0.0,0.0,0.0,0.0,0.0,0.0,0.0,0.0,0.0,0.0,0.0,0.0,0.0,0.0,0.0,0.0,0.0,0.0,0.0	0,0,0,0,0,0,0,0,0,0,0,0,0,0,0,0,0,0,0,0,0,0,0,0,0,0,0,0,0,0,0,0,0,0,0,0	2,2,2,2,2,2,2,2,2,2,2,2,1,1,1,1,1,1,1,1,1,1,1,1,1,1,1,1,1,1,1,1,1,1,1,1	1/13,1/14,2/15,2/16,3/17,3/18,4/19,4/20,5/21,5/22,6/23,6/24,7/25,7/26,8/27,8/28,9/29,9/30,10/31,10/32,11/33,11/34,12/35,12/36	13/1/14,15/2/16,17/3/18,19/4/20,21/5/22,23/6/24,25/7/26,27/8/28,29/9/30,31/10/32,33/11/34,35/12/36	-	-	1,2,3,4,5,6,7,8,9,10,11,12,1,1,2,2,3,3,4,4,5,5,6,6,7,7,8,8,9,9,10,10,11,11,12,12
maceoff_water_170	6,6,6,6,6,1,1,1,1,1,1,1,1,1,1	0.0,0.0,0.0,0.0,0.0,0.0,0.0,0.0,0.0,0.0,0.0,0.0,0.0,0.0,0.0	0,0,0,0,0,0,0,0,0,0,0,0,0,0,0	2,2,2,2,2,1,1,1,1,1,1,1,1,1,1	1/6,1/7,2/8,2/9,3/10,3/11,4/12,4/13,5/14,5/15	6/1/7,8/2/9,10/3/11,12/4/13,14/5/15	-	-	1,2,3,4,5,1,1,2,2,3,3,4,4,5,5
maceoff_water_171	6,6,6,1,1,1,1,1,1	0.0,0.0,0.0,0.0,0.0,0.0,0.0,0.0,0.0	0,0,0,0,0,0,0,0,0	2,2,2,1,1,1,1,1,1	1/4,1/5,2/6,2/7,3/8,3/9	4/1/5,6/2/7,8/3/9	-	-	1,2,3,1,1,2,2,3,3
maceoff_water_172	6,6,6,6,6,6,6,6,6,6,6,6,6,6,6,6,6,6,6,6,6,6,6,6,6,6,6,6,6,6,6,6,6,6,6,6,6,6,6,6,6,6,6,6,6,6,6,6,6,6,1,1,1,1,1,1,1,1,1,1,1,1,1,1,1,1,1,1,1,1,1,1,1,1,1,1,1,1,1,1,1,1,1,1,1,1,1,1,1,1,1,1,1,1,1,1,1,1,1,1,1,1,1,1,1,1,1,1,1,1,1,1,1,1,1,1,1,1,1,1,1,1,1,1,1,1,1,1,1,1,1,1,1,1,1,1,1,1,1,1,1,1,1,1,1,1,1,1,1,1	0.0,0.0,0.0,0.0,0.0,0.0,0.0,0.0,0.0,0.0,0.0,0.0,0.0,0.0,0.0,0.0,0.0,0.0,0.0,0.0,0.0,0.0,0.0,0.0,0.0,0.0,0.0,0.0,0.0,0.0,0.0,0.0,0.0,0.0,0.0,0.0,0.0,0.0,0.0,0.0,0.0,0.0,0.0,0.0,0.0,0.0,0.0,0.0,0.0,0.0,0.0,0.0,0.0,0.0,0.0,0.0,0.0,0.0,0.0,0.0,0.0,0.0,0.0,0.0,0.0,0.0,0.0,0.0,0.0,0.0,0.0,0.0,0.0,0.0,0.0,0.0,0.0,0.0,0.0,0.0,0.0,0.0,0.0,0.0,0.0,0.0,0.0,0.0,0.0,0.0,0.0,0.0,0.0,0.0,0.0,0.0,0.0,0.0,0.0,0.0,0.0,0.0,0.0,0.0,0.0,0.0,0.0,0.0,0.0,0.0,0.0,0.0,0.0,0.0,0.0,0.0,0.0,0.0,0.0,0.0,0.0,0.0,0.0,0.0,0.0,0.0,0.0,0.0,0.0,0.0,0.0,0.0,0.0,0.0,0.0,0.0,0.0,0.0,0.0,0.0,0.0,0.0,0.0,0.0,0.0,0.0,0.0,0.0,0.0,0.0	0,0,0,0,0,0,0,0,0,0,0,0,0,0,0,0,0,0,0,0,0,0,0,0,0,0,0,0,0,0,0,0,0,0,0,0,0,0,0,0,0,0,0,0,0,0,0,0,0,0,0,0,0,0,0,0,0,0,0,0,0,0,0,0,0,0,0,0,0,0,0,0,0,0,0,0,0,0,0,0,0,0,0,0,0,0,0,0,0,0,0,0,0,0,0,0,0,0,0,0,0,0,0,0,0,0,0,0,0,0,0,0,0,0,0,0,0,0,0,0,0,0,0,0,0,0,0,0,0,0,0,0,0,0,0,0,0,0,0,0,0,0,0,0,0,0,0,0,0,0	2,2,2,2,2,2,2,2,2,2,2,2,2,2,2,2,2,2,2,2,2,2,2,2,2,2,2,2,2,2,2,2,2,2,2,2,2,2,2,2,2,2,2,2,2,2,2,2,2,2,1,1,1,1,1,1,1,1,1,1,1,1,1,1,1,1,1,1,1,1,1,1,1,1,1,1,1,1,1,1,1,1,1,1,1,1,1,1,1,1,1,1,1,1,1,1,1,1,1,1,1,1,1,1,1,1,1,1,1,1,1,1,1,1,1,1,1,1,1,1,1,1,1,1,1,1,1,1,1,1,1,1,1,1,1,1,1,1,1,1,1,1,1,1,1,1,1,1,1,1	1/51,1/52,2/53,2/54,3/55,3/56,4/57,4/58,5/59,5/60,6/61,6/62,7/63,7/64,8/65,8/66,9/67,9/68,10/69,10/70,11/71,11/72,12/73,12/74,13/75,13/76,14/77,14/78,15/79,15/80,16/81,16/82,17/83,17/84,18/85,18/86,19/87,19/88,20/89,20/90,21/91,21/92,22/93,22/94,23/95,23/96,24/97,24/98,25/99,25/100,26/101,26/102,27/103,27/104,28/105,28/106,29/107,29/108,30/109,30/110,31/111,31/112,32/113,32/114,33/115,33/116,34/117,34/118,35/119,35/120,36/121,36/122,37/123,37/124,38/125,38/126,39/127,39/128,40/129,40/130,41/131,41/132,42/133,42/134,43/135,43/136,44/137,44/138,45/139,45/140,46/141,46/142,47/143,47/144,48/145,48/146,49/147,49/148,50/149,50/150	51/1/52,53/2/54,55/3/56,57/4/58,59/5/60,61/6/62,63/7/64,65/8/66,67/9/68,69/10/70,71/11/72,73/12/74,75/13/76,77/14/78,79/15/80,81/16/82,83/17/84,85/18/86,87/19/88,89/20/90,91/21/92,93/22/94,95/23/96,97/24/98,99/25/100,101/26/102,103/27/104,105/28/106,107/29/108,109/30/110,111/31/112,113/32/114,115/33/116,117/34/118,119/35/120,121/36/122,123/37/124,125/38/126,127/39/128,129/40/130,131/41/132,133/42/134,135/43/136,137/44/138,139/45/140,141/46/142,143/47/144,145/48/146,147/49/148,149/50/150	-	-	1,2,3,4,5,6,7,8,9,10,11,12,13,14,15,16,17,18,19,20,21,22,23,24,25,26,27,28,29,30,31,32,33,34,35,36,37,38,39,40,41,42,43,44,45,46,47,48,49,50,1,1,2,2,3,3,4,4,5,5,6,6,7,7,8,8,9,9,10,10,11,11,12,12,13,13,14,14,15,15,16,16,17,17,18,18,19,19,20,20,21,21,22,22,23,23,24,24,25,25,26,26,27,27,28,28,29,29,30,30,31,31,32,32,33,33,34,34,35,35,36,36,37,37,38,38,39,39,40,40,41,41,42,42,43,43,44,44,45,45,46,46,47,47,48,48,49,49,50,50
maceoff_water_173	6,6,6,6,6,6,6,6,6,1,1,1,1,1,1,1,1,1,1,1,1,1,1,1,1,1,1	0.0,0.0,0.0,0.0,0.0,0.0,0.0,0.0,0.0,0.0,0.0,0.0,0.0,0.0,0.0,0.0,0.0,0.0,0.0,0.0,0.0,0.0,0.0,0.0,0.0,0.0,0.0	0,0,0,0,0,0,0,0,0,0,0,0,0,0,0,0,0,0,0,0,0,0,0,0,0,0,0	2,2,2,2,2,2,2,2,2,1,1,1,1,1,1,1,1,1,1,1,1,1,1,1,1,1,1	1/10,1/11,2/12,2/13,3/14,3/15,4/16,4/17,5/18,5/19,6/20,6/21,7/22,7/23,8/24,8/25,9/26,9/27	10/1/11,12/2/13,14/3/15,16/4/17,18/5/19,20/6/21,22/7/23,24/8/25,26/9/27	-	-	1,2,3,4,5,6,7,8,9,1,1,2,2,3,3,4,4,5,5,6,6,7,7,8,8,9,9
maceoff_water_174	6,6,6,6,6,6,6,6,6,6,6,6,6,6,6,6,6,6,6,6,6,6,6,6,6,6,6,6,6,6,6,6,6,6,6,6,6,6,6,6,6,6,6,6,6,6,6,6,6,6,1,1,1,1,1,1,1,1,1,1,1,1,1,1,1,1,1,1,1,1,1,1,1,1,1,1,1,1,1,1,1,1,1,1,1,1,1,1,1,1,1,1,1,1,1,1,1,1,1,1,1,1,1,1,1,1,1,1,1,1,1,1,1,1,1,1,1,1,1,1,1,1,1,1,1,1,1,1,1,1,1,1,1,1,1,1,1,1,1,1,1,1,1,1,1,1,1,1,1,1	0.0,0.0,0.0,0.0,0.0,0.0,0.0,0.0,0.0,0.0,0.0,0.0,0.0,0.0,0.0,0.0,0.0,0.0,0.0,0.0,0.0,0.0,0.0,0.0,0.0,0.0,0.0,0.0,0.0,0.0,0.0,0.0,0.0,0.0,0.0,0.0,0.0,0.0,0.0,0.0,0.0,0.0,0.0,0.0,0.0,0.0,0.0,0.0,0.0,0.0,0.0,0.0,0.0,0.0,0.0,0.0,0.0,0.0,0.0,0.0,0.0,0.0,0.0,0.0,0.0,0.0,0.0,0.0,0.0,0.0,0.0,0.0,0.0,0.0,0.0,0.0,0.0,0.0,0.0,0.0,0.0,0.0,0.0,0.0,0.0,0.0,0.0,0.0,0.0,0.0,0.0,0.0,0.0,0.0,0.0,0.0,0.0,0.0,0.0,0.0,0.0,0.0,0.0,0.0,0.0,0.0,0.0,0.0,0.0,0.0,0.0,0.0,0.0,0.0,0.0,0.0,0.0,0.0,0.0,0.0,0.0,0.0,0.0,0.0,0.0,0.0,0.0,0.0,0.0,0.0,0.0,0.0,0.0,0.0,0.0,0.0,0.0,0.0,0.0,0.0,0.0,0.0,0.0,0.0,0.0,0.0,0.0,0.0,0.0,0.0	0,0,0,0,0,0,0,0,0,0,0,0,0,0,0,0,0,0,0,0,0,0,0,0,0,0,0,0,0,0,0,0,0,0,0,0,0,0,0,0,0,0,0,0,0,0,0,0,0,0,0,0,0,0,0,0,0,0,0,0,0,0,0,0,0,0,0,0,0,0,0,0,0,0,0,0,0,0,0,0,0,0,0,0,0,0,0,0,0,0,0,0,0,0,0,0,0,0,0,0,0,0,0,0,0,0,0,0,0,0,0,0,0,0,0,0,0,0,0,0,0,0,0,0,0,0,0,0,0,0,0,0,0,0,0,0,0,0,0,0,0,0,0,0,0,0,0,0,0,0	2,2,2,2,2,2,2,2,2,2,2,2,2,2,2,2,2,2,2,2,2,2,2,2,2,2,2,2,2,2,2,2,2,2,2,2,2,2,2,2,2,2,2,2,2,2,2,2,2,2,1,1,1,1,1,1,1,1,1,1,1,1,1,1,1,1,1,1,1,1,1,1,1,1,1,1,1,1,1,1,1,1,1,1,1,1,1,1,1,1,1,1,1,1,1,1,1,1,1,1,1,1,1,1,1,1,1,1,1,1,1,1,1,1,1,1,1,1,1,1,1,1,1,1,1,1,1,1,1,1,1,1,1,1,1,1,1,1,1,1,1,1,1,1,1,1,1,1,1,1	1/51,1/52,2/53,2/54,3/55,3/56,4/57,4/58,5/59,5/60,6/61,6/62,7/63,7/64,8/65,8/66,9/67,9/68,10/69,10/70,11/71,11/72,12/73,12/74,13/75,13/76,14/77,14/78,15/79,15/80,16/81,16/82,17/83,17/84,18/85,18/86,19/87,19/88,20/89,20/90,21/91,21/92,22/93,22/94,23/95,23/96,24/97,24/98,25/99,25/100,26/101,26/102,27/103,27/104,28/105,28/106,29/107,29/108,30/109,30/110,31/111,31/112,32/113,32/114,33/115,33/116,34/117,34/118,35/119,35/120,36/121,36/122,37/123,37/124,38/125,38/126,39/127,39/128,40/129,40/130,41/131,41/132,42/133,42/134,43/135,43/136,44/137,44/138,45/139,45/140,46/141,46/142,47/143,47/144,48/145,48/146,49/147,49/148,50/149,50/150	51/1/52,53/2/54,55/3/56,57/4/58,59/5/60,61/6/62,63/7/64,65/8/66,67/9/68,69/10/70,71/11/72,73/12/74,75/13/76,77/14/78,79/15/80,81/16/82,83/17/84,85/18/86,87/19/88,89/20/90,91/21/92,93/22/94,95/23/96,97/24/98,99/25/100,101/26/102,103/27/104,105/28/106,107/29/108,109/30/110,111/31/112,113/32/114,115/33/116,117/34/118,119/35/120,121/36/122,123/37/124,125/38/126,127/39/128,129/40/130,131/41/132,133/42/134,135/43/136,137/44/138,139/45/140,141/46/142,143/47/144,145/48/146,147/49/148,149/50/150	-	-	1,2,3,4,5,6,7,8,9,10,11,12,13,14,15,16,17,18,19,20,21,22,23,24,25,26,27,28,29,30,31,32,33,34,35,36,37,38,39,40,41,42,43,44,45,46,47,48,49,50,1,1,2,2,3,3,4,4,5,5,6,6,7,7,8,8,9,9,10,10,11,11,12,12,13,13,14,14,15,15,16,16,17,17,18,18,19,19,20,20,21,21,22,22,23,23,24,24,25,25,26,26,27,27,28,28,29,29,30,30,31,31,32,32,33,33,34,34,35,35,36,36,37,37,38,38,39,39,40,40,41,41,42,42,43,43,44,44,45,45,46,46,47,47,48,48,49,49,50,50
maceoff_water_175	6,6,6,6,6,6,6,6,6,6,6,6,6,6,6,6,6,6,6,6,6,6,6,6,6,1,1,1,1,1,1,1,1,1,1,1,1,1,1,1,1,1,1,1,1,1,1,1,1,1,1,1,1,1,1,1,1,1,1,1,1,1,1,1,1,1,1,1,1,1,1,1,1,1,1	0.0,0.0,0.0,0.0,0.0,0.0,0.0,0.0,0.0,0.0,0.0,0.0,0.0,0.0,0.0,0.0,0.0,0.0,0.0,0.0,0.0,0.0,0.0,0.0,0.0,0.0,0.0,0.0,0.0,0.0,0.0,0.0,0.0,0.0,0.0,0.0,0.0,0.0,0.0,0.0,0.0,0.0,0.0,0.0,0.0,0.0,0.0,0.0,0.0,0.0,0.0,0.0,0.0,0.0,0.0,0.0,0.0,0.0,0.0,0.0,0.0,0.0,0.0,0.0,0.0,0.0,0.0,0.0,0.0,0.0,0.0,0.0,0.0,0.0,0.0	0,0,0,0,0,0,0,0,0,0,0,0,0,0,0,0,0,0,0,0,0,0,0,0,0,0,0,0,0,0,0,0,0,0,0,0,0,0,0,0,0,0,0,0,0,0,0,0,0,0,0,0,0,0,0,0,0,0,0,0,0,0,0,0,0,0,0,0,0,0,0,0,0,0,0	2,2,2,2,2,2,2,2,2,2,2,2,2,2,2,2,2,2,2,2,2,2,2,2,2,1,1,1,1,1,1,1,1,1,1,1,1,1,1,1,1,1,1,1,1,1,1,1,1,1,1,1,1,1,1,1,1,1,1,1,1,1,1,1,1,1,1,1,1,1,1,1,1,1,1	1/26,1/27,2/28,2/29,3/30,3/31,4/32,4/33,5/34,5/35,6/36,6/37,7/38,7/39,8/40,8/41,9/42,9/43,10/44,10/45,11/46,11/47,12/48,12/49,13/50,13/51,14/52,14/53,15/54,15/55,16/56,16/57,17/58,17/59,18/60,18/61,19/62,19/63,20/64,20/65,21/66,21/67,22/68,22/69,23/70,23/71,24/72,24/73,25/74,25/75	26/1/27,28/2/29,30/3/31,32/4/33,34/5/35,36/6/37,38/7/39,40/8/41,42/9/43,44/10/45,46/11/47,48/12/49,50/13/51,52/14/53,54/15/55,56/16/57,58/17/59,60/18/61,62/19/63,64/20/65,66/21/67,68/22/69,70/23/71,72/24/73,74/25/75	-	-	1,2,3,4,5,6,7,8,9,10,11,12,13,14,15,16,17,18,19,20,21,22,23,24,25,1,1,2,2,3,3,4,4,5,5,6,6,7,7,8,8,9,9,10,10,11,11,12,12,13,13,14,14,15,15,16,16,17,17,18,18,19,19,20,20,21,21,22,22,23,23,24,24,25,25
maceoff_water_176	6,6,6,6,6,6,6,6,6,6,1,1,1,1,1,1,1,1,1,1,1,1,1,1,1,1,1,1,1,1	0.0,0.0,0.0,0.0,0.0,0.0,0.0,0.0,0.0,0.0,0.0,0.0,0.0,0.0,0.0,0.0,0.0,0.0,0.0,0.0,0.0,0.0,0.0,0.0,0.0,0.0,0.0,0.0,0.0,0.0	0,0,0,0,0,0,0,0,0,0,0,0,0,0,0,0,0,0,0,0,0,0,0,0,0,0,0,0,0,0	2,2,2,2,2,2,2,2,2,2,1,1,1,1,1,1,1,1,1,1,1,1,1,1,1,1,1,1,1,1	1/11,1/12,2/13,2/14,3/15,3/16,4/17,4/18,5/19,5/20,6/21,6/22,7/23,7/24,8/25,8/26,9/27,9/28,10/29,10/30	11/1/12,13/2/14,15/3/16,17/4/18,19/5/20,21/6/22,23/7/24,25/8/26,27/9/28,29/10/30	-	-	1,2,3,4,5,6,7,8,9,10,1,1,2,2,3,3,4,4,5,5,6,6,7,7,8,8,9,9,10,10
maceoff_water_177	6,6,6,6,6,6,6,6,1,1,1,1,1,1,1,1,1,1,1,1,1,1,1,1	0.0,0.0,0.0,0.0,0.0,0.0,0.0,0.0,0.0,0.0,0.0,0.0,0.0,0.0,0.0,0.0,0.0,0.0,0.0,0.0,0.0,0.0,0.0,0.0	0,0,0,0,0,0,0,0,0,0,0,0,0,0,0,0,0,0,0,0,0,0,0,0	2,2,2,2,2,2,2,2,1,1,1,1,1,1,1,1,1,1,1,1,1,1,1,1	1/9,1/10,2/11,2/12,3/13,3/14,4/15,4/16,5/17,5/18,6/19,6/20,7/21,7/22,8/23,8/24	9/1/10,11/2/12,13/3/14,15/4/16,17/5/18,19/6/20,21/7/22,23/8/24	-	-	1,2,3,4,5,6,7,8,1,1,2,2,3,3,4,4,5,5,6,6,7,7,8,8
maceoff_water_178	6,6,1,1,1,1	0.0,0.0,0.0,0.0,0.0,0.0	0,0,0,0,0,0	2,2,1,1,1,1	1/3,1/4,2/5,2/6	3/1/4,5/2/6	-	-	1,2,1,1,2,2
maceoff_water_179	6,6,6,6,6,6,6,1,1,1,1,1,1,1,1,1,1,1,1,1,1	0.0,0.0,0.0,0.0,0.0,0.0,0.0,0.0,0.0,0.0,0.0,0.0,0.0,0.0,0.0,0.0,0.0,0.0,0.0,0.0,0.0	0,0,0,0,0,0,0,0,0,0,0,0,0,0,0,0,0,0,0,0,0	2,2,2,2,2,2,2,1,1,1,1,1,1,1,1,1,1,1,1,1,1	1/8,1/9,2/10,2/11,3/12,3/13,4/14,4/15,5/16,5/17,6/18,6/19,7/20,7/21	8/1/9,10/2/11,12/3/13,14/4/15,16/5/17,18/6/19,20/7/21	-	-	1,2,3,4,5,6,7,1,1,2,2,3,3,4,4,5,5,6,6,7,7
maceoff_water_180	6,6,6,6,6,6,6,1,1,1,1,1,1,1,1,1,1,1,1,1,1	0.0,0.0,0.0,0.0,0.0,0.0,0.0,0.0,0.0,0.0,0.0,0.0,0.0,0.0,0.0,0.0,0.0,0.0,0.0,0.0,0.0	0,0,0,0,0,0,0,0,0,0,0,0,0,0,0,0,0,0,0,0,0	2,2,2,2,2,2,2,1,1,1,1,1,1,1,1,1,1,1,1,1,1	1/8,1/9,2/10,2/11,3/12,3/13,4/14,4/15,5/16,5/17,6/18,6/19,7/20,7/21	8/1/9,10/2/11,12/3/13,14/4/15,16/5/17,18/6/19,20/7/21	-	-	1,2,3,4,5,6,7,1,1,2,2,3,3,4,4,5,5,6,6,7,7
maceoff_water_181	6,1,1	0.0,0.0,0.0	0,0,0	2,1,1	1/2,1/3	2/1/3	-	-	1,1,1
maceoff_water_182	6,6,6,1,1,1,1,1,1	0.0,0.0,0.0,0.0,0.0,0.0,0.0,0.0,0.0	0,0,0,0,0,0,0,0,0	2,2,2,1,1,1,1,1,1	1/4,1/5,2/6,2/7,3/8,3/9	4/1/5,6/2/7,8/3/9	-	-	1,2,3,1,1,2,2,3,3
maceoff_water_183	6,1,1	0.0,0.0,0.0	0,0,0	2,1,1	1/2,1/3	2/1/3	-	-	1,1,1
maceoff_water_184	6,6,6,6,6,6,1,1,1,1,1,1,1,1,1,1,1,1	0.0,0.0,0.0,0.0,0.0,0.0,0.0,0.0,0.0,0.0,0.0,0.0,0.0,0.0,0.0,0.0,0.0,0.0	0,0,0,0,0,0,0,0,0,0,0,0,0,0,0,0,0,0	2,2,2,2,2,2,1,1,1,1,1,1,1,1,1,1,1,1	1/7,1/8,2/9,2/10,3/11,3/12,4/13,4/14,5/15,5/16,6/17,6/18	7/1/8,9/2/10,11/3/12,13/4/14,15/5/16,17/6/18	-	-	1,2,3,4,5,6,1,1,2,2,3,3,4,4,5,5,6,6
maceoff_water_185	6,6,6,6,6,6,6,6,6,6,6,6,1,1,1,1,1,1,1,1,1,1,1,1,1,1,1,1,1,1,1,1,1,1,1,1	0.0,0.0,0.0,0.0,0.0,0.0,0.0,0.0,0.0,0.0,0.0,0.0,0.0,0.0,0.0,0.0,0.0,0.0,0.0,0.0,0.0,0.0,0.0,0.0,0.0,0.0,0.0,0.0,0.0,0.0,0.0,0.0,0.0,0.0,0.0,0.0	0,0,0,0,0,0,0,0,0,0,0,0,0,0,0,0,0,0,0,0,0,0,0,0,0,0,0,0,0,0,0,0,0,0,0,0	2,2,2,2,2,2,2,2,2,2,2,2,1,1,1,1,1,1,1,1,1,1,1,1,1,1,1,1,1,1,1,1,1,1,1,1	1/13,1/14,2/15,2/16,3/17,3/18,4/19,4/20,5/21,5/22,6/23,6/24,7/25,7/26,8/27,8/28,9/29,9/30,10/31,10/32,11/33,11/34,12/35,12/36	13/1/14,15/2/16,17/3/18,19/4/20,21/5/22,23/6/24,25/7/26,27/8/28,29/9/30,31/10/32,33/11/34,35/12/36	-	-	1,2,3,4,5,6,7,8,9,10,11,12,1,1,2,2,3,3,4,4,5,5,6,6,7,7,8,8,9,9,10,10,11,11,12,12
maceoff_water_186	6,6,6,6,6,6,1,1,1,1,1,1,1,1,1,1,1,1	0.0,0.0,0.0,0.0,0.0,0.0,0.0,0.0,0.0,0.0,0.0,0.0,0.0,0.0,0.0,0.0,0.0,0.0	0,0,0,0,0,0,0,0,0,0,0,0,0,0,0,0,0,0	2,2,2,2,2,2,1,1,1,1,1,1,1,1,1,1,1,1	1/7,1/8,2/9,2/10,3/11,3/12,4/13,4/14,5/15,5/16,6/17,6/18	7/1/8,9/2/10,11/3/12,13/4/14,15/5/16,17/6/18	-	-	1,2,3,4,5,6,1,1,2,2,3,3,4,4,5,5,6,6
maceoff_water_187	6,6,6,6,6,1,1,1,1,1,1,1,1,1,1	0.0,0.0,0.0,0.0,0.0,0.0,0.0,0.0,0.0,0.0,0.0,0.0,0.0,0.0,0.0	0,0,0,0,0,0,0,0,0,0,0,0,0,0,0	2,2,2,2,2,1,1,1,1,1,1,1,1,1,1	1/6,1/7,2/8,2/9,3/10,3/11,4/12,4/13,5/14,5/15	6/1/7,8/2/9,10/3/11,12/4/13,14/5/15	-	-	1,2,3,4,5,1,1,2,2,3,3,4,4,5,5
maceoff_water_188	6,6,1,1,1,1	0.0,0.0,0.0,0.0,0.0,0.0	0,0,0,0,0,0	2,2,1,1,1,1	1/3,1/4,2/5,2/6	3/1/4,5/2/6	-	-	1,2,1,1,2,2
maceoff_water_189	6,6,6,6,6,6,6,6,1,1,1,1,1,1,1,1,1,1,1,1,1,1,1,1	0.0,0.0,0.0,0.0,0.0,0.0,0.0,0.0,0.0,0.0,0.0,0.0,0.0,0.0,0.0,0.0,0.0,0.0,0.0,0.0,0.0,0.0,0.0,0.0	0,0,0,0,0,0,0,0,0,0,0,0,0,0,0,0,0,0,0,0,0,0,0,0	2,2,2,2,2,2,2,2,1,1,1,1,1,1,1,1,1,1,1,1,1,1,1,1	1/9,1/10,2/11,2/12,3/13,3/14,4/15,4/16,5/17,5/18,6/19,6/20,7/21,7/22,8/23,8/24	9/1/10,11/2/12,13/3/14,15/4/16,17/5/18,19/6/20,21/7/22,23/8/24	-	-	1,2,3,4,5,6,7,8,1,1,2,2,3,3,4,4,5,5,6,6,7,7,8,8
maceoff_water_190	6,6,6,6,6,6,6,6,6,6,6,6,6,6,6,6,6,6,6,6,6,6,6,6,6,1,1,1,1,1,1,1,1,1,1,1,1,1,1,1,1,1,1,1,1,1,1,1,1,1,1,1,1,1,1,1,1,1,1,1,1,1,1,1,1,1,1,1,1,1,1,1,1,1,1	0.0,0.0,0.0,0.0,0.0,0.0,0.0,0.0,0.0,0.0,0.0,0.0,0.0,0.0,0.0,0.0,0.0,0.0,0.0,0.0,0.0,0.0,0.0,0.0,0.0,0.0,0.0,0.0,0.0,0.0,0.0,0.0,0.0,0.0,0.0,0.0,0.0,0.0,0.0,0.0,0.0,0.0,0.0,0.0,0.0,0.0,0.0,0.0,0.0,0.0,0.0,0.0,0.0,0.0,0.0,0.0,0.0,0.0,0.0,0.0,0.0,0.0,0.0,0.0,0.0,0.0,0.0,0.0,0.0,0.0,0.0,0.0,0.0,0.0,0.0	0,0,0,0,0,0,0,0,0,0,0,0,0,0,0,0,0,0,0,0,0,0,0,0,0,0,0,0,0,0,0,0,0,0,0,0,0,0,0,0,0,0,0,0,0,0,0,0,0,0,0,0,0,0,0,0,0,0,0,0,0,0,0,0,0,0,0,0,0,0,0,0,0,0,0	2,2,2,2,2,2,2,2,2,2,2,2,2,2,2,2,2,2,2,2,2,2,2,2,2,1,1,1,1,1,1,1,1,1,1,1,1,1,1,1,1,1,1,1,1,1,1,1,1,1,1,1,1,1,1,1,1,1,1,1,1,1,1,1,1,1,1,1,1,1,1,1,1,1,1	1/26,1/27,2/28,2/29,3/30,3/31,4/32,4/33,5/34,5/35,6/36,6/37,7/38,7/39,8/40,8/41,9/42,9/43,10/44,10/45,11/46,11/47,12/48,12/49,13/50,13/51,14/52,14/53,15/54,15/55,16/56,16/57,17/58,17/59,18/60,18/61,19/62,19/63,20/64,20/65,21/66,21/67,22/68,22/69,23/70,23/71,24/72,24/73,25/74,25/75	26/1/27,28/2/29,30/3/31,32/4/33,34/5/35,36/6/37,38/7/39,40/8/41,42/9/43,44/10/45,46/11/47,48/12/49,50/13/51,52/14/53,54/15/55,56/16/57,58/17/59,60/18/61,62/19/63,64/20/65,66/21/67,68/22/69,70/23/71,72/24/73,74/25/75	-	-	1,2,3,4,5,6,7,8,9,10,11,12,13,14,15,16,17,18,19,20,21,22,23,24,25,1,1,2,2,3,3,4,4,5,5,6,6,7,7,8,8,9,9,10,10,11,11,12,12,13,13,14,14,15,15,16,16,17,17,18,18,19,19,20,20,21,21,22,22,23,23,24,24,25,25
maceoff_water_191	6,6,6,6,6,6,6,6,6,1,1,1,1,1,1,1,1,1,1,1,1,1,1,1,1,1,1	0.0,0.0,0.0,0.0,0.0,0.0,0.0,0.0,0.0,0.0,0.0,0.0,0.0,0.0,0.0,0.0,0.0,0.0,0.0,0.0,0.0,0.0,0.0,0.0,0.0,0.0,0.0	0,0,0,0,0,0,0,0,0,0,0,0,0,0,0,0,0,0,0,0,0,0,0,0,0,0,0	2,2,2,2,2,2,2,2,2,1,1,1,1,1,1,1,1,1,1,1,1,1,1,1,1,1,1	1/10,1/11,2/12,2/13,3/14,3/15,4/16,4/17,5/18,5/19,6/20,6/21,7/22,7/23,8/24,8/25,9/26,9/27	10/1/11,12/2/13,14/3/15,16/4/17,18/5/19,20/6/21,22/7/23,24/8/25,26/9/27	-	-	1,2,3,4,5,6,7,8,9,1,1,2,2,3,3,4,4,5,5,6,6,7,7,8,8,9,9
maceoff_water_192	6,6,6,6,6,6,6,6,6,6,1,1,1,1,1,1,1,1,1,1,1,1,1,1,1,1,1,1,1,1	0.0,0.0,0.0,0.0,0.0,0.0,0.0,0.0,0.0,0.0,0.0,0.0,0.0,0.0,0.0,0.0,0.0,0.0,0.0,0.0,0.0,0.0,0.0,0.0,0.0,0.0,0.0,0.0,0.0,0.0	0,0,0,0,0,0,0,0,0,0,0,0,0,0,0,0,0,0,0,0,0,0,0,0,0,0,0,0,0,0	2,2,2,2,2,2,2,2,2,2,1,1,1,1,1,1,1,1,1,1,1,1,1,1,1,1,1,1,1,1	1/11,1/12,2/13,2/14,3/15,3/16,4/17,4/18,5/19,5/20,6/21,6/22,7/23,7/24,8/25,8/26,9/27,9/28,10/29,10/30	11/1/12,13/2/14,15/3/16,17/4/18,19/5/20,21/6/22,23/7/24,25/8/26,27/9/28,29/10/30	-	-	1,2,3,4,5,6,7,8,9,10,1,1,2,2,3,3,4,4,5,5,6,6,7,7,8,8,9,9,10,10
maceoff_water_193	6,6,6,1,1,1,1,1,1	0.0,0.0,0.0,0.0,0.0,0.0,0.0,0.0,0.0	0,0,0,0,0,0,0,0,0	2,2,2,1,1,1,1,1,1	1/4,1/5,2/6,2/7,3/8,3/9	4/1/5,6/2/7,8/3/9	-	-	1,2,3,1,1,2,2,3,3
maceoff_water_194	6,6,6,6,6,6,6,6,6,1,1,1,1,1,1,1,1,1,1,1,1,1,1,1,1,1,1	0.0,0.0,0.0,0.0,0.0,0.0,0.0,0.0,0.0,0.0,0.0,0.0,0.0,0.0,0.0,0.0,0.0,0.0,0.0,0.0,0.0,0.0,0.0,0.0,0.0,0.0,0.0	0,0,0,0,0,0,0,0,0,0,0,0,0,0,0,0,0,0,0,0,0,0,0,0,0,0,0	2,2,2,2,2,2,2,2,2,1,1,1,1,1,1,1,1,1,1,1,1,1,1,1,1,1,1	1/10,1/11,2/12,2/13,3/14,3/15,4/16,4/17,5/18,5/19,6/20,6/21,7/22,7/23,8/24,8/25,9/26,9/27	10/1/11,12/2/13,14/3/15,16/4/17,18/5/19,20/6/21,22/7/23,24/8/25,26/9/27	-	-	1,2,3,4,5,6,7,8,9,1,1,2,2,3,3,4,4,5,5,6,6,7,7,8,8,9,9
maceoff_water_195	6,6,6,6,6,6,6,6,6,6,1,1,1,1,1,1,1,1,1,1,1,1,1,1,1,1,1,1,1,1	0.0,0.0,0.0,0.0,0.0,0.0,0.0,0.0,0.0,0.0,0.0,0.0,0.0,0.0,0.0,0.0,0.0,0.0,0.0,0.0,0.0,0.0,0.0,0.0,0.0,0.0,0.0,0.0,0.0,0.0	0,0,0,0,0,0,0,0,0,0,0,0,0,0,0,0,0,0,0,0,0,0,0,0,0,0,0,0,0,0	2,2,2,2,2,2,2,2,2,2,1,1,1,1,1,1,1,1,1,1,1,1,1,1,1,1,1,1,1,1	1/11,1/12,2/13,2/14,3/15,3/16,4/17,4/18,5/19,5/20,6/21,6/22,7/23,7/24,8/25,8/26,9/27,9/28,10/29,10/30	11/1/12,13/2/14,15/3/16,17/4/18,19/5/20,21/6/22,23/7/24,25/8/26,27/9/28,29/10/30	-	-	1,2,3,4,5,6,7,8,9,10,1,1,2,2,3,3,4,4,5,5,6,6,7,7,8,8,9,9,10,10
maceoff_water_196	6,6,6,6,1,1,1,1,1,1,1,1	0.0,0.0,0.0,0.0,0.0,0.0,0.0,0.0,0.0,0.0,0.0,0.0	0,0,0,0,0,0,0,0,0,0,0,0	2,2,2,2,1,1,1,1,1,1,1,1	1/5,1/6,2/7,2/8,3/9,3/10,4/11,4/12	5/1/6,7/2/8,9/3/10,11/4/12	-	-	1,2,3,4,1,1,2,2,3,3,4,4
maceoff_water_197	6,6,1,1,1,1	0.0,0.0,0.0,0.0,0.0,0.0	0,0,0,0,0,0	2,2,1,1,1,1	1/3,1/4,2/5,2/6	3/1/4,5/2/6	-	-	1,2,1,1,2,2
maceoff_water_198	6,1,1	0.0,0.0,0.0	0,0,0	2,1,1	1/2,1/3	2/1/3	-	-	1,1,1
maceoff_water_199	6,6,6,6,6,6,6,1,1,1,1,1,1,1,1,1,1,1,1,1,1	0.0,0.0,0.0,0.0,0.0,0.0,0.0,0.0,0.0,0.0,0.0,0.0,0.0,0.0,0.0,0.0,0.0,0.0,0.0,0.0,0.0	0,0,0,0,0,0,0,0,0,0,0,0,0,0,0,0,0,0,0,0,0	2,2,2,2,2,2,2,1,1,1,1,1,1,1,1,1,1,1,1,1,1	1/8,1/9,2/10,2/11,3/12,3/13,4/14,4/15,5/16,5/17,6/18,6/19,7/20,7/21	8/1/9,10/2/11,12/3/13,14/4/15,16/5/17,18/6/19,20/7/21	-	-	1,2,3,4,5,6,7,1,1,2,2,3,3,4,4,5,5,6,6,7,7
maceoff_water_200	6,6,6,6,6,6,1,1,1,1,1,1,1,1,1,1,1,1	0.0,0.0,0.0,0.0,0.0,0.0,0.0,0.0,0.0,0.0,0.0,0.0,0.0,0.0,0.0,0.0,0.0,0.0	0,0,0,0,0,0,0,0,0,0,0,0,0,0,0,0,0,0	2,2,2,2,2,2,1,1,1,1,1,1,1,1,1,1,1,1	1/7,1/8,2/9,2/10,3/11,3/12,4/13,4/14,5/15,5/16,6/17,6/18	7/1/8,9/2/10,11/3/12,13/4/14,15/5/16,17/6/18	-	-	1,2,3,4,5,6,1,1,2,2,3,3,4,4,5,5,6,6
maceoff_water_201	6,6,6,6,6,6,6,6,6,6,6,6,1,1,1,1,1,1,1,1,1,1,1,1,1,1,1,1,1,1,1,1,1,1,1,1	0.0,0.0,0.0,0.0,0.0,0.0,0.0,0.0,0.0,0.0,0.0,0.0,0.0,0.0,0.0,0.0,0.0,0.0,0.0,0.0,0.0,0.0,0.0,0.0,0.0,0.0,0.0,0.0,0.0,0.0,0.0,0.0,0.0,0.0,0.0,0.0	0,0,0,0,0,0,0,0,0,0,0,0,0,0,0,0,0,0,0,0,0,0,0,0,0,0,0,0,0,0,0,0,0,0,0,0	2,2,2,2,2,2,2,2,2,2,2,2,1,1,1,1,1,1,1,1,1,1,1,1,1,1,1,1,1,1,1,1,1,1,1,1	1/13,1/14,2/15,2/16,3/17,3/18,4/19,4/20,5/21,5/22,6/23,6/24,7/25,7/26,8/27,8/28,9/29,9/30,10/31,10/32,11/33,11/34,12/35,12/36	13/1/14,15/2/16,17/3/18,19/4/20,21/5/22,23/6/24,25/7/26,27/8/28,29/9/30,31/10/32,33/11/34,35/12/36	-	-	1,2,3,4,5,6,7,8,9,10,11,12,1,1,2,2,3,3,4,4,5,5,6,6,7,7,8,8,9,9,10,10,11,11,12,12
maceoff_water_202	6,6,1,1,1,1	0.0,0.0,0.0,0.0,0.0,0.0	0,0,0,0,0,0	2,2,1,1,1,1	1/3,1/4,2/5,2/6	3/1/4,5/2/6	-	-	1,2,1,1,2,2
maceoff_water_203	6,6,6,1,1,1,1,1,1	0.0,0.0,0.0,0.0,0.0,0.0,0.0,0.0,0.0	0,0,0,0,0,0,0,0,0	2,2,2,1,1,1,1,1,1	1/4,1/5,2/6,2/7,3/8,3/9	4/1/5,6/2/7,8/3/9	-	-	1,2,3,1,1,2,2,3,3
maceoff_water_204	6,6,6,6,1,1,1,1,1,1,1,1	0.0,0.0,0.0,0.0,0.0,0.0,0.0,0.0,0.0,0.0,0.0,0.0	0,0,0,0,0,0,0,0,0,0,0,0	2,2,2,2,1,1,1,1,1,1,1,1	1/5,1/6,2/7,2/8,3/9,3/10,4/11,4/12	5/1/6,7/2/8,9/3/10,11/4/12	-	-	1,2,3,4,1,1,2,2,3,3,4,4
maceoff_water_205	6,1,1	0.0,0.0,0.0	0,0,0	2,1,1	1/2,1/3	2/1/3	-	-	1,1,1
maceoff_water_206	6,6,6,6,6,6,6,6,6,6,6,1,1,1,1,1,1,1,1,1,1,1,1,1,1,1,1,1,1,1,1,1,1	0.0,0.0,0.0,0.0,0.0,0.0,0.0,0.0,0.0,0.0,0.0,0.0,0.0,0.0,0.0,0.0,0.0,0.0,0.0,0.0,0.0,0.0,0.0,0.0,0.0,0.0,0.0,0.0,0.0,0.0,0.0,0.0,0.0	0,0,0,0,0,0,0,0,0,0,0,0,0,0,0,0,0,0,0,0,0,0,0,0,0,0,0,0,0,0,0,0,0	2,2,2,2,2,2,2,2,2,2,2,1,1,1,1,1,1,1,1,1,1,1,1,1,1,1,1,1,1,1,1,1,1	1/12,1/13,2/14,2/15,3/16,3/17,4/18,4/19,5/20,5/21,6/22,6/23,7/24,7/25,8/26,8/27,9/28,9/29,10/30,10/31,11/32,11/33	12/1/13,14/2/15,16/3/17,18/4/19,20/5/21,22/6/23,24/7/25,26/8/27,28/9/29,30/10/31,32/11/33	-	-	1,2,3,4,5,6,7,8,9,10,11,1,1,2,2,3,3,4,4,5,5,6,6,7,7,8,8,9,9,10,10,11,11
maceoff_water_207	6,6,6,6,6,6,6,6,6,6,6,1,1,1,1,1,1,1,1,1,1,1,1,1,1,1,1,1,1,1,1,1,1	0.0,0.0,0.0,0.0,0.0,0.0,0.0,0.0,0.0,0.0,0.0,0.0,0.0,0.0,0.0,0.0,0.0,0.0,0.0,0.0,0.0,0.0,0.0,0.0,0.0,0.0,0.0,0.0,0.0,0.0,0.0,0.0,0.0	0,0,0,0,0,0,0,0,0,0,0,0,0,0,0,0,0,0,0,0,0,0,0,0,0,0,0,0,0,0,0,0,0	2,2,2,2,2,2,2,2,2,2,2,1,1,1,1,1,1,1,1,1,1,1,1,1,1,1,1,1,1,1,1,1,1	1/12,1/13,2/14,2/15,3/16,3/17,4/18,4/19,5/20,5/21,6/22,6/23,7/24,7/25,8/26,8/27,9/28,9/29,10/30,10/31,11/32,11/33	12/1/13,14/2/15,16/3/17,18/4/19,20/5/21,22/6/23,24/7/25,26/8/27,28/9/29,30/10/31,32/11/33	-	-	1,2,3,4,5,6,7,8,9,10,11,1,1,2,2,3,3,4,4,5,5,6,6,7,7,8,8,9,9,10,10,11,11
maceoff_water_208	6,6,1,1,1,1	0.0,0.0,0.0,0.0,0.0,0.0	0,0,0,0,0,0	2,2,1,1,1,1	1/3,1/4,2/5,2/6	3/1/4,5/2/6	-	-	1,2,1,1,2,2
maceoff_water_209	6,6,6,6,6,6,6,6,6,6,6,1,1,1,1,1,1,1,1,1,1,1,1,1,1,1,1,1,1,1,1,1,1	0.0,0.0,0.0,0.0,0.0,0.0,0.0,0.0,0.0,0.0,0.0,0.0,0.0,0.0,0.0,0.0,0.0,0.0,0.0,0.0,0.0,0.0,0.0,0.0,0.0,0.0,0.0,0.0,0.0,0.0,0.0,0.0,0.0	0,0,0,0,0,0,0,0,0,0,0,0,0,0,0,0,0,0,0,0,0,0,0,0,0,0,0,0,0,0,0,0,0	2,2,2,2,2,2,2,2,2,2,2,1,1,1,1,1,1,1,1,1,1,1,1,1,1,1,1,1,1,1,1,1,1	1/12,1/13,2/14,2/15,3/16,3/17,4/18,4/19,5/20,5/21,6/22,6/23,7/24,7/25,8/26,8/27,9/28,9/29,10/30,10/31,11/32,11/33	12/1/13,14/2/15,16/3/17,18/4/19,20/5/21,22/6/23,24/7/25,26/8/27,28/9/29,30/10/31,32/11/33	-	-	1,2,3,4,5,6,7,8,9,10,11,1,1,2,2,3,3,4,4,5,5,6,6,7,7,8,8,9,9,10,10,11,11
maceoff_water_210	6,6,6,6,6,1,1,1,1,1,1,1,1,1,1	0.0,0.0,0.0,0.0,0.0,0.0,0.0,0.0,0.0,0.0,0.0,0.0,0.0,0.0,0.0	0,0,0,0,0,0,0,0,0,0,0,0,0,0,0	2,2,2,2,2,1,1,1,1,1,1,1,1,1,1	1/6,1/7,2/8,2/9,3/10,3/11,4/12,4/13,5/14,5/15	6/1/7,8/2/9,10/3/11,12/4/13,14/5/15	-	-	1,2,3,4,5,1,1,2,2,3,3,4,4,5,5
maceoff_water_211	6,6,6,6,6,6,6,6,6,6,1,1,1,1,1,1,1,1,1,1,1,1,1,1,1,1,1,1,1,1	0.0,0.0,0.0,0.0,0.0,0.0,0.0,0.0,0.0,0.0,0.0,0.0,0.0,0.0,0.0,0.0,0.0,0.0,0.0,0.0,0.0,0.0,0.0,0.0,0.0,0.0,0.0,0.0,0.0,0.0	0,0,0,0,0,0,0,0,0,0,0,0,0,0,0,0,0,0,0,0,0,0,0,0,0,0,0,0,0,0	2,2,2,2,2,2,2,2,2,2,1,1,1,1,1,1,1,1,1,1,1,1,1,1,1,1,1,1,1,1	1/11,1/12,2/13,2/14,3/15,3/16,4/17,4/18,5/19,5/20,6/21,6/22,7/23,7/24,8/25,8/26,9/27,9/28,10/29,10/30	11/1/12,13/2/14,15/3/16,17/4/18,19/5/20,21/6/22,23/7/24,25/8/26,27/9/28,29/10/30	-	-	1,2,3,4,5,6,7,8,9,10,1,1,2,2,3,3,4,4,5,5,6,6,7,7,8,8,9,9,10,10
maceoff_water_212	6,6,6,6,6,6,6,6,1,1,1,1,1,1,1,1,1,1,1,1,1,1,1,1	0.0,0.0,0.0,0.0,0.0,0.0,0.0,0.0,0.0,0.0,0.0,0.0,0.0,0.0,0.0,0.0,0.0,0.0,0.0,0.0,0.0,0.0,0.0,0.0	0,0,0,0,0,0,0,0,0,0,0,0,0,0,0,0,0,0,0,0,0,0,0,0	2,2,2,2,2,2,2,2,1,1,1,1,1,1,1,1,1,1,1,1,1,1,1,1	1/9,1/10,2/11,2/12,3/13,3/14,4/15,4/16,5/17,5/18,6/19,6/20,7/21,7/22,8/23,8/24	9/1/10,11/2/12,13/3/14,15/4/16,17/5/18,19/6/20,21/7/22,23/8/24	-	-	1,2,3,4,5,6,7,8,1,1,2,2,3,3,4,4,5,5,6,6,7,7,8,8
maceoff_water_213	6,6,6,6,1,1,1,1,1,1,1,1	0.0,0.0,0.0,0.0,0.0,0.0,0.0,0.0,0.0,0.0,0.0,0.0	0,0,0,0,0,0,0,0,0,0,0,0	2,2,2,2,1,1,1,1,1,1,1,1	1/5,1/6,2/7,2/8,3/9,3/10,4/11,4/12	5/1/6,7/2/8,9/3/10,11/4/12	-	-	1,2,3,4,1,1,2,2,3,3,4,4
maceoff_water_214	6,6,6,6,6,6,6,6,6,6,6,1,1,1,1,1,1,1,1,1,1,1,1,1,1,1,1,1,1,1,1,1,1	0.0,0.0,0.0,0.0,0.0,0.0,0.0,0.0,0.0,0.0,0.0,0.0,0.0,0.0,0.0,0.0,0.0,0.0,0.0,0.0,0.0,0.0,0.0,0.0,0.0,0.0,0.0,0.0,0.0,0.0,0.0,0.0,0.0	0,0,0,0,0,0,0,0,0,0,0,0,0,0,0,0,0,0,0,0,0,0,0,0,0,0,0,0,0,0,0,0,0	2,2,2,2,2,2,2,2,2,2,2,1,1,1,1,1,1,1,1,1,1,1,1,1,1,1,1,1,1,1,1,1,1	1/12,1/13,2/14,2/15,3/16,3/17,4/18,4/19,5/20,5/21,6/22,6/23,7/24,7/25,8/26,8/27,9/28,9/29,10/30,10/31,11/32,11/33	12/1/13,14/2/15,16/3/17,18/4/19,20/5/21,22/6/23,24/7/25,26/8/27,28/9/29,30/10/31,32/11/33	-	-	1,2,3,4,5,6,7,8,9,10,11,1,1,2,2,3,3,4,4,5,5,6,6,7,7,8,8,9,9,10,10,11,11
maceoff_water_215	6,6,1,1,1,1	0.0,0.0,0.0,0.0,0.0,0.0	0,0,0,0,0,0	2,2,1,1,1,1	1/3,1/4,2/5,2/6	3/1/4,5/2/6	-	-	1,2,1,1,2,2
maceoff_water_216	6,6,6,6,6,6,6,6,6,6,6,6,6,6,6,6,6,6,6,6,6,6,6,6,6,6,6,6,6,6,6,6,6,6,6,6,6,6,6,6,6,6,6,6,6,6,6,6,6,6,1,1,1,1,1,1,1,1,1,1,1,1,1,1,1,1,1,1,1,1,1,1,1,1,1,1,1,1,1,1,1,1,1,1,1,1,1,1,1,1,1,1,1,1,1,1,1,1,1,1,1,1,1,1,1,1,1,1,1,1,1,1,1,1,1,1,1,1,1,1,1,1,1,1,1,1,1,1,1,1,1,1,1,1,1,1,1,1,1,1,1,1,1,1,1,1,1,1,1,1	0.0,0.0,0.0,0.0,0.0,0.0,0.0,0.0,0.0,0.0,0.0,0.0,0.0,0.0,0.0,0.0,0.0,0.0,0.0,0.0,0.0,0.0,0.0,0.0,0.0,0.0,0.0,0.0,0.0,0.0,0.0,0.0,0.0,0.0,0.0,0.0,0.0,0.0,0.0,0.0,0.0,0.0,0.0,0.0,0.0,0.0,0.0,0.0,0.0,0.0,0.0,0.0,0.0,0.0,0.0,0.0,0.0,0.0,0.0,0.0,0.0,0.0,0.0,0.0,0.0,0.0,0.0,0.0,0.0,0.0,0.0,0.0,0.0,0.0,0.0,0.0,0.0,0.0,0.0,0.0,0.0,0.0,0.0,0.0,0.0,0.0,0.0,0.0,0.0,0.0,0.0,0.0,0.0,0.0,0.0,0.0,0.0,0.0,0.0,0.0,0.0,0.0,0.0,0.0,0.0,0.0,0.0,0.0,0.0,0.0,0.0,0.0,0.0,0.0,0.0,0.0,0.0,0.0,0.0,0.0,0.0,0.0,0.0,0.0,0.0,0.0,0.0,0.0,0.0,0.0,0.0,0.0,0.0,0.0,0.0,0.0,0.0,0.0,0.0,0.0,0.0,0.0,0.0,0.0,0.0,0.0,0.0,0.0,0.0,0.0	0,0,0,0,0,0,0,0,0,0,0,0,0,0,0,0,0,0,0,0,0,0,0,0,0,0,0,0,0,0,0,0,0,0,0,0,0,0,0,0,0,0,0,0,0,0,0,0,0,0,0,0,0,0,0,0,0,0,0,0,0,0,0,0,0,0,0,0,0,0,0,0,0,0,0,0,0,0,0,0,0,0,0,0,0,0,0,0,0,0,0,0,0,0,0,0,0,0,0,0,0,0,0,0,0,0,0,0,0,0,0,0,0,0,0,0,0,0,0,0,0,0,0,0,0,0,0,0,0,0,0,0,0,0,0,0,0,0,0,0,0,0,0,0,0,0,0,0,0,0	2,2,2,2,2,2,2,2,2,2,2,2,2,2,2,2,2,2,2,2,2,2,2,2,2,2,2,2,2,2,2,2,2,2,2,2,2,2,2,2,2,2,2,2,2,2,2,2,2,2,1,1,1,1,1,1,1,1,1,1,1,1,1,1,1,1,1,1,1,1,1,1,1,1,1,1,1,1,1,1,1,1,1,1,1,1,1,1,1,1,1,1,1,1,1,1,1,1,1,1,1,1,1,1,1,1,1,1,1,1,1,1,1,1,1,1,1,1,1,1,1,1,1,1,1,1,1,1,1,1,1,1,1,1,1,1,1,1,1,1,1,1,1,1,1,1,1,1,1,1	1/51,1/52,2/53,2/54,3/55,3/56,4/57,4/58,5/59,5/60,6/61,6/62,7/63,7/64,8/65,8/66,9/67,9/68,10/69,10/70,11/71,11/72,12/73,12/74,13/75,13/76,14/77,14/78,15/79,15/80,16/81,16/82,17/83,17/84,18/85,18/86,19/87,19/88,20/89,20/90,21/91,21/92,22/93,22/94,23/95,23/96,24/97,24/98,25/99,25/100,26/101,26/102,27/103,27/104,28/105,28/106,29/107,29/108,30/109,30/110,31/111,31/112,32/113,32/114,33/115,33/116,34/117,34/118,35/119,35/120,36/121,36/122,37/123,37/124,38/125,38/126,39/127,39/128,40/129,40/130,41/131,41/132,42/133,42/134,43/135,43/136,44/137,44/138,45/139,45/140,46/141,46/142,47/143,47/144,48/145,48/146,49/147,49/148,50/149,50/150	51/1/52,53/2/54,55/3/56,57/4/58,59/5/60,61/6/62,63/7/64,65/8/66,67/9/68,69/10/70,71/11/72,73/12/74,75/13/76,77/14/78,79/15/80,81/16/82,83/17/84,85/18/86,87/19/88,89/20/90,91/21/92,93/22/94,95/23/96,97/24/98,99/25/100,101/26/102,103/27/104,105/28/106,107/29/108,109/30/110,111/31/112,113/32/114,115/33/116,117/34/118,119/35/120,121/36/122,123/37/124,125/38/126,127/39/128,129/40/130,131/41/132,133/42/134,135/43/136,137/44/138,139/45/140,141/46/142,143/47/144,145/48/146,147/49/148,149/50/150	-	-	1,2,3,4,5,6,7,8,9,10,11,12,13,14,15,16,17,18,19,20,21,22,23,24,25,26,27,28,29,30,31,32,33,34,35,36,37,38,39,40,41,42,43,44,45,46,47,48,49,50,1,1,2,2,3,3,4,4,5,5,6,6,7,7,8,8,9,9,10,10,11,11,12,12,13,13,14,14,15,15,16,16,17,17,18,18,19,19,20,20,21,21,22,22,23,23,24,24,25,25,26,26,27,27,28,28,29,29,30,30,31,31,32,32,33,33,34,34,35,35,36,36,37,37,38,38,39,39,40,40,41,41,42,42,43,43,44,44,45,45,46,46,47,47,48,48,49,49,50,50
maceoff_water_217	6,6,6,6,6,6,6,6,6,1,1,1,1,1,1,1,1,1,1,1,1,1,1,1,1,1,1	0.0,0.0,0.0,0.0,0.0,0.0,0.0,0.0,0.0,0.0,0.0,0.0,0.0,0.0,0.0,0.0,0.0,0.0,0.0,0.0,0.0,0.0,0.0,0.0,0.0,0.0,0.0	0,0,0,0,0,0,0,0,0,0,0,0,0,0,0,0,0,0,0,0,0,0,0,0,0,0,0	2,2,2,2,2,2,2,2,2,1,1,1,1,1,1,1,1,1,1,1,1,1,1,1,1,1,1	1/10,1/11,2/12,2/13,3/14,3/15,4/16,4/17,5/18,5/19,6/20,6/21,7/22,7/23,8/24,8/25,9/26,9/27	10/1/11,12/2/13,14/3/15,16/4/17,18/5/19,20/6/21,22/7/23,24/8/25,26/9/27	-	-	1,2,3,4,5,6,7,8,9,1,1,2,2,3,3,4,4,5,5,6,6,7,7,8,8,9,9
maceoff_water_218	6,6,6,6,6,6,1,1,1,1,1,1,1,1,1,1,1,1	0.0,0.0,0.0,0.0,0.0,0.0,0.0,0.0,0.0,0.0,0.0,0.0,0.0,0.0,0.0,0.0,0.0,0.0	0,0,0,0,0,0,0,0,0,0,0,0,0,0,0,0,0,0	2,2,2,2,2,2,1,1,1,1,1,1,1,1,1,1,1,1	1/7,1/8,2/9,2/10,3/11,3/12,4/13,4/14,5/15,5/16,6/17,6/18	7/1/8,9/2/10,11/3/12,13/4/14,15/5/16,17/6/18	-	-	1,2,3,4,5,6,1,1,2,2,3,3,4,4,5,5,6,6
maceoff_water_219	6,6,6,6,6,6,6,6,1,1,1,1,1,1,1,1,1,1,1,1,1,1,1,1	0.0,0.0,0.0,0.0,0.0,0.0,0.0,0.0,0.0,0.0,0.0,0.0,0.0,0.0,0.0,0.0,0.0,0.0,0.0,0.0,0.0,0.0,0.0,0.0	0,0,0,0,0,0,0,0,0,0,0,0,0,0,0,0,0,0,0,0,0,0,0,0	2,2,2,2,2,2,2,2,1,1,1,1,1,1,1,1,1,1,1,1,1,1,1,1	1/9,1/10,2/11,2/12,3/13,3/14,4/15,4/16,5/17,5/18,6/19,6/20,7/21,7/22,8/23,8/24	9/1/10,11/2/12,13/3/14,15/4/16,17/5/18,19/6/20,21/7/22,23/8/24	-	-	1,2,3,4,5,6,7,8,1,1,2,2,3,3,4,4,5,5,6,6,7,7,8,8
maceoff_water_220	6,6,6,6,6,6,6,1,1,1,1,1,1,1,1,1,1,1,1,1,1	0.0,0.0,0.0,0.0,0.0,0.0,0.0,0.0,0.0,0.0,0.0,0.0,0.0,0.0,0.0,0.0,0.0,0.0,0.0,0.0,0.0	0,0,0,0,0,0,0,0,0,0,0,0,0,0,0,0,0,0,0,0,0	2,2,2,2,2,2,2,1,1,1,1,1,1,1,1,1,1,1,1,1,1	1/8,1/9,2/10,2/11,3/12,3/13,4/14,4/15,5/16,5/17,6/18,6/19,7/20,7/21	8/1/9,10/2/11,12/3/13,14/4/15,16/5/17,18/6/19,20/7/21	-	-	1,2,3,4,5,6,7,1,1,2,2,3,3,4,4,5,5,6,6,7,7
maceoff_water_221	6,1,1	0.0,0.0,0.0	0,0,0	2,1,1	1/2,1/3	2/1/3	-	-	1,1,1
maceoff_water_222	6,6,6,6,6,6,6,6,6,6,6,6,1,1,1,1,1,1,1,1,1,1,1,1,1,1,1,1,1,1,1,1,1,1,1,1	0.0,0.0,0.0,0.0,0.0,0.0,0.0,0.0,0.0,0.0,0.0,0.0,0.0,0.0,0.0,0.0,0.0,0.0,0.0,0.0,0.0,0.0,0.0,0.0,0.0,0.0,0.0,0.0,0.0,0.0,0.0,0.0,0.0,0.0,0.0,0.0	0,0,0,0,0,0,0,0,0,0,0,0,0,0,0,0,0,0,0,0,0,0,0,0,0,0,0,0,0,0,0,0,0,0,0,0	2,2,2,2,2,2,2,2,2,2,2,2,1,1,1,1,1,1,1,1,1,1,1,1,1,1,1,1,1,1,1,1,1,1,1,1	1/13,1/14,2/15,2/16,3/17,3/18,4/19,4/20,5/21,5/22,6/23,6/24,7/25,7/26,8/27,8/28,9/29,9/30,10/31,10/32,11/33,11/34,12/35,12/36	13/1/14,15/2/16,17/3/18,19/4/20,21/5/22,23/6/24,25/7/26,27/8/28,29/9/30,31/10/32,33/11/34,35/12/36	-	-	1,2,3,4,5,6,7,8,9,10,11,12,1,1,2,2,3,3,4,4,5,5,6,6,7,7,8,8,9,9,10,10,11,11,12,12
maceoff_water_223	6,6,1,1,1,1	0.0,0.0,0.0,0.0,0.0,0.0	0,0,0,0,0,0	2,2,1,1,1,1	1/3,1/4,2/5,2/6	3/1/4,5/2/6	-	-	1,2,1,1,2,2
maceoff_water_224	6,6,6,6,6,6,1,1,1,1,1,1,1,1,1,1,1,1	0.0,0.0,0.0,0.0,0.0,0.0,0.0,0.0,0.0,0.0,0.0,0.0,0.0,0.0,0.0,0.0,0.0,0.0	0,0,0,0,0,0,0,0,0,0,0,0,0,0,0,0,0,0	2,2,2,2,2,2,1,1,1,1,1,1,1,1,1,1,1,1	1/7,1/8,2/9,2/10,3/11,3/12,4/13,4/14,5/15,5/16,6/17,6/18	7/1/8,9/2/10,11/3/12,13/4/14,15/5/16,17/6/18	-	-	1,2,3,4,5,6,1,1,2,2,3,3,4,4,5,5,6,6
maceoff_water_225	6,6,6,1,1,1,1,1,1	0.0,0.0,0.0,0.0,0.0,0.0,0.0,0.0,0.0	0,0,0,0,0,0,0,0,0	2,2,2,1,1,1,1,1,1	1/4,1/5,2/6,2/7,3/8,3/9	4/1/5,6/2/7,8/3/9	-	-	1,2,3,1,1,2,2,3,3
maceoff_water_226	6,6,6,6,6,6,6,6,6,6,6,6,1,1,1,1,1,1,1,1,1,1,1,1,1,1,1,1,1,1,1,1,1,1,1,1	0.0,0.0,0.0,0.0,0.0,0.0,0.0,0.0,0.0,0.0,0.0,0.0,0.0,0.0,0.0,0.0,0.0,0.0,0.0,0.0,0.0,0.0,0.0,0.0,0.0,0.0,0.0,0.0,0.0,0.0,0.0,0.0,0.0,0.0,0.0,0.0	0,0,0,0,0,0,0,0,0,0,0,0,0,0,0,0,0,0,0,0,0,0,0,0,0,0,0,0,0,0,0,0,0,0,0,0	2,2,2,2,2,2,2,2,2,2,2,2,1,1,1,1,1,1,1,1,1,1,1,1,1,1,1,1,1,1,1,1,1,1,1,1	1/13,1/14,2/15,2/16,3/17,3/18,4/19,4/20,5/21,5/22,6/23,6/24,7/25,7/26,8/27,8/28,9/29,9/30,10/31,10/32,11/33,11/34,12/35,12/36	13/1/14,15/2/16,17/3/18,19/4/20,21/5/22,23/6/24,25/7/26,27/8/28,29/9/30,31/10/32,33/11/34,35/12/36	-	-	1,2,3,4,5,6,7,8,9,10,11,12,1,1,2,2,3,3,4,4,5,5,6,6,7,7,8,8,9,9,10,10,11,11,12,12
maceoff_water_227	6,6,6,6,6,6,6,6,1,1,1,1,1,1,1,1,1,1,1,1,1,1,1,1	0.0,0.0,0.0,0.0,0.0,0.0,0.0,0.0,0.0,0.0,0.0,0.0,0.0,0.0,0.0,0.0,0.0,0.0,0.0,0.0,0.0,0.0,0.0,0.0	0,0,0,0,0,0,0,0,0,0,0,0,0,0,0,0,0,0,0,0,0,0,0,0	2,2,2,2,2,2,2,2,1,1,1,1,1,1,1,1,1,1,1,1,1,1,1,1	1/9,1/10,2/11,2/12,3/13,3/14,4/15,4/16,5/17,5/18,6/19,6/20,7/21,7/22,8/23,8/24	9/1/10,11/2/12,13/3/14,15/4/16,17/5/18,19/6/20,21/7/22,23/8/24	-	-	1,2,3,4,5,6,7,8,1,1,2,2,3,3,4,4,5,5,6,6,7,7,8,8
maceoff_water_228	6,6,6,6,6,6,1,1,1,1,1,1,1,1,1,1,1,1	0.0,0.0,0.0,0.0,0.0,0.0,0.0,0.0,0.0,0.0,0.0,0.0,0.0,0.0,0.0,0.0,0.0,0.0	0,0,0,0,0,0,0,0,0,0,0,0,0,0,0,0,0,0	2,2,2,2,2,2,1,1,1,1,1,1,1,1,1,1,1,1	1/7,1/8,2/9,2/10,3/11,3/12,4/13,4/14,5/15,5/16,6/17,6/18	7/1/8,9/2/10,11/3/12,13/4/14,15/5/16,17/6/18	-	-	1,2,3,4,5,6,1,1,2,2,3,3,4,4,5,5,6,6
maceoff_water_229	6,6,6,6,6,6,1,1,1,1,1,1,1,1,1,1,1,1	0.0,0.0,0.0,0.0,0.0,0.0,0.0,0.0,0.0,0.0,0.0,0.0,0.0,0.0,0.0,0.0,0.0,0.0	0,0,0,0,0,0,0,0,0,0,0,0,0,0,0,0,0,0	2,2,2,2,2,2,1,1,1,1,1,1,1,1,1,1,1,1	1/7,1/8,2/9,2/10,3/11,3/12,4/13,4/14,5/15,5/16,6/17,6/18	7/1/8,9/2/10,11/3/12,13/4/14,15/5/16,17/6/18	-	-	1,2,3,4,5,6,1,1,2,2,3,3,4,4,5,5,6,6
maceoff_water_230	6,6,6,6,6,1,1,1,1,1,1,1,1,1,1	0.0,0.0,0.0,0.0,0.0,0.0,0.0,0.0,0.0,0.0,0.0,0.0,0.0,0.0,0.0	0,0,0,0,0,0,0,0,0,0,0,0,0,0,0	2,2,2,2,2,1,1,1,1,1,1,1,1,1,1	1/6,1/7,2/8,2/9,3/10,3/11,4/12,4/13,5/14,5/15	6/1/7,8/2/9,10/3/11,12/4/13,14/5/15	-	-	1,2,3,4,5,1,1,2,2,3,3,4,4,5,5
maceoff_water_231	6,6,6,6,6,6,6,6,6,6,6,6,1,1,1,1,1,1,1,1,1,1,1,1,1,1,1,1,1,1,1,1,1,1,1,1	0.0,0.0,0.0,0.0,0.0,0.0,0.0,0.0,0.0,0.0,0.0,0.0,0.0,0.0,0.0,0.0,0.0,0.0,0.0,0.0,0.0,0.0,0.0,0.0,0.0,0.0,0.0,0.0,0.0,0.0,0.0,0.0,0.0,0.0,0.0,0.0	0,0,0,0,0,0,0,0,0,0,0,0,0,0,0,0,0,0,0,0,0,0,0,0,0,0,0,0,0,0,0,0,0,0,0,0	2,2,2,2,2,2,2,2,2,2,2,2,1,1,1,1,1,1,1,1,1,1,1,1,1,1,1,1,1,1,1,1,1,1,1,1	1/13,1/14,2/15,2/16,3/17,3/18,4/19,4/20,5/21,5/22,6/23,6/24,7/25,7/26,8/27,8/28,9/29,9/30,10/31,10/32,11/33,11/34,12/35,12/36	13/1/14,15/2/16,17/3/18,19/4/20,21/5/22,23/6/24,25/7/26,27/8/28,29/9/30,31/10/32,33/11/34,35/12/36	-	-	1,2,3,4,5,6,7,8,9,10,11,12,1,1,2,2,3,3,4,4,5,5,6,6,7,7,8,8,9,9,10,10,11,11,12,12
maceoff_water_232	6,1,1	0.0,0.0,0.0	0,0,0	2,1,1	1/2,1/3	2/1/3	-	-	1,1,1
maceoff_water_233	6,6,6,6,6,6,6,6,1,1,1,1,1,1,1,1,1,1,1,1,1,1,1,1	0.0,0.0,0.0,0.0,0.0,0.0,0.0,0.0,0.0,0.0,0.0,0.0,0.0,0.0,0.0,0.0,0.0,0.0,0.0,0.0,0.0,0.0,0.0,0.0	0,0,0,0,0,0,0,0,0,0,0,0,0,0,0,0,0,0,0,0,0,0,0,0	2,2,2,2,2,2,2,2,1,1,1,1,1,1,1,1,1,1,1,1,1,1,1,1	1/9,1/10,2/11,2/12,3/13,3/14,4/15,4/16,5/17,5/18,6/19,6/20,7/21,7/22,8/23,8/24	9/1/10,11/2/12,13/3/14,15/4/16,17/5/18,19/6/20,21/7/22,23/8/24	-	-	1,2,3,4,5,6,7,8,1,1,2,2,3,3,4,4,5,5,6,6,7,7,8,8
maceoff_water_234	6,6,6,6,1,1,1,1,1,1,1,1	0.0,0.0,0.0,0.0,0.0,0.0,0.0,0.0,0.0,0.0,0.0,0.0	0,0,0,0,0,0,0,0,0,0,0,0	2,2,2,2,1,1,1,1,1,1,1,1	1/5,1/6,2/7,2/8,3/9,3/10,4/11,4/12	5/1/6,7/2/8,9/3/10,11/4/12	-	-	1,2,3,4,1,1,2,2,3,3,4,4
maceoff_water_235	6,6,6,6,6,6,6,6,6,6,1,1,1,1,1,1,1,1,1,1,1,1,1,1,1,1,1,1,1,1	0.0,0.0,0.0,0.0,0.0,0.0,0.0,0.0,0.0,0.0,0.0,0.0,0.0,0.0,0.0,0.0,0.0,0.0,0.0,0.0,0.0,0.0,0.0,0.0,0.0,0.0,0.0,0.0,0.0,0.0	0,0,0,0,0,0,0,0,0,0,0,0,0,0,0,0,0,0,0,0,0,0,0,0,0,0,0,0,0,0	2,2,2,2,2,2,2,2,2,2,1,1,1,1,1,1,1,1,1,1,1,1,1,1,1,1,1,1,1,1	1/11,1/12,2/13,2/14,3/15,3/16,4/17,4/18,5/19,5/20,6/21,6/22,7/23,7/24,8/25,8/26,9/27,9/28,10/29,10/30	11/1/12,13/2/14,15/3/16,17/4/18,19/5/20,21/6/22,23/7/24,25/8/26,27/9/28,29/10/30	-	-	1,2,3,4,5,6,7,8,9,10,1,1,2,2,3,3,4,4,5,5,6,6,7,7,8,8,9,9,10,10
maceoff_water_236	6,6,6,1,1,1,1,1,1	0.0,0.0,0.0,0.0,0.0,0.0,0.0,0.0,0.0	0,0,0,0,0,0,0,0,0	2,2,2,1,1,1,1,1,1	1/4,1/5,2/6,2/7,3/8,3/9	4/1/5,6/2/7,8/3/9	-	-	1,2,3,1,1,2,2,3,3
maceoff_water_237	6,6,6,6,6,6,6,1,1,1,1,1,1,1,1,1,1,1,1,1,1	0.0,0.0,0.0,0.0,0.0,0.0,0.0,0.0,0.0,0.0,0.0,0.0,0.0,0.0,0.0,0.0,0.0,0.0,0.0,0.0,0.0	0,0,0,0,0,0,0,0,0,0,0,0,0,0,0,0,0,0,0,0,0	2,2,2,2,2,2,2,1,1,1,1,1,1,1,1,1,1,1,1,1,1	1/8,1/9,2/10,2/11,3/12,3/13,4/14,4/15,5/16,5/17,6/18,6/19,7/20,7/21	8/1/9,10/2/11,12/3/13,14/4/15,16/5/17,18/6/19,20/7/21	-	-	1,2,3,4,5,6,7,1,1,2,2,3,3,4,4,5,5,6,6,7,7
maceoff_water_238	6,6,6,6,6,1,1,1,1,1,1,1,1,1,1	0.0,0.0,0.0,0.0,0.0,0.0,0.0,0.0,0.0,0.0,0.0,0.0,0.0,0.0,0.0	0,0,0,0,0,0,0,0,0,0,0,0,0,0,0	2,2,2,2,2,1,1,1,1,1,1,1,1,1,1	1/6,1/7,2/8,2/9,3/10,3/11,4/12,4/13,5/14,5/15	6/1/7,8/2/9,10/3/11,12/4/13,14/5/15	-	-	1,2,3,4,5,1,1,2,2,3,3,4,4,5,5
maceoff_water_239	6,6,6,6,6,6,6,6,6,6,6,6,1,1,1,1,1,1,1,1,1,1,1,1,1,1,1,1,1,1,1,1,1,1,1,1	0.0,0.0,0.0,0.0,0.0,0.0,0.0,0.0,0.0,0.0,0.0,0.0,0.0,0.0,0.0,0.0,0.0,0.0,0.0,0.0,0.0,0.0,0.0,0.0,0.0,0.0,0.0,0.0,0.0,0.0,0.0,0.0,0.0,0.0,0.0,0.0	0,0,0,0,0,0,0,0,0,0,0,0,0,0,0,0,0,0,0,0,0,0,0,0,0,0,0,0,0,0,0,0,0,0,0,0	2,2,2,2,2,2,2,2,2,2,2,2,1,1,1,1,1,1,1,1,1,1,1,1,1,1,1,1,1,1,1,1,1,1,1,1	1/13,1/14,2/15,2/16,3/17,3/18,4/19,4/20,5/21,5/22,6/23,6/24,7/25,7/26,8/27,8/28,9/29,9/30,10/31,10/32,11/33,11/34,12/35,12/36	13/1/14,15/2/16,17/3/18,19/4/20,21/5/22,23/6/24,25/7/26,27/8/28,29/9/30,31/10/32,33/11/34,35/12/36	-	-	1,2,3,4,5,6,7,8,9,10,11,12,1,1,2,2,3,3,4,4,5,5,6,6,7,7,8,8,9,9,10,10,11,11,12,12
maceoff_water_240	6,6,6,6,6,6,6,6,1,1,1,1,1,1,1,1,1,1,1,1,1,1,1,1	0.0,0.0,0.0,0.0,0.0,0.0,0.0,0.0,0.0,0.0,0.0,0.0,0.0,0.0,0.0,0.0,0.0,0.0,0.0,0.0,0.0,0.0,0.0,0.0	0,0,0,0,0,0,0,0,0,0,0,0,0,0,0,0,0,0,0,0,0,0,0,0	2,2,2,2,2,2,2,2,1,1,1,1,1,1,1,1,1,1,1,1,1,1,1,1	1/9,1/10,2/11,2/12,3/13,3/14,4/15,4/16,5/17,5/18,6/19,6/20,7/21,7/22,8/23,8/24	9/1/10,11/2/12,13/3/14,15/4/16,17/5/18,19/6/20,21/7/22,23/8/24	-	-	1,2,3,4,5,6,7,8,1,1,2,2,3,3,4,4,5,5,6,6,7,7,8,8
maceoff_water_241	6,6,6,6,6,6,6,1,1,1,1,1,1,1,1,1,1,1,1,1,1	0.0,0.0,0.0,0.0,0.0,0.0,0.0,0.0,0.0,0.0,0.0,0.0,0.0,0.0,0.0,0.0,0.0,0.0,0.0,0.0,0.0	0,0,0,0,0,0,0,0,0,0,0,0,0,0,0,0,0,0,0,0,0	2,2,2,2,2,2,2,1,1,1,1,1,1,1,1,1,1,1,1,1,1	1/8,1/9,2/10,2/11,3/12,3/13,4/14,4/15,5/16,5/17,6/18,6/19,7/20,7/21	8/1/9,10/2/11,12/3/13,14/4/15,16/5/17,18/6/19,20/7/21	-	-	1,2,3,4,5,6,7,1,1,2,2,3,3,4,4,5,5,6,6,7,7
maceoff_water_242	6,6,6,6,6,6,6,6,6,1,1,1,1,1,1,1,1,1,1,1,1,1,1,1,1,1,1	0.0,0.0,0.0,0.0,0.0,0.0,0.0,0.0,0.0,0.0,0.0,0.0,0.0,0.0,0.0,0.0,0.0,0.0,0.0,0.0,0.0,0.0,0.0,0.0,0.0,0.0,0.0	0,0,0,0,0,0,0,0,0,0,0,0,0,0,0,0,0,0,0,0,0,0,0,0,0,0,0	2,2,2,2,2,2,2,2,2,1,1,1,1,1,1,1,1,1,1,1,1,1,1,1,1,1,1	1/10,1/11,2/12,2/13,3/14,3/15,4/16,4/17,5/18,5/19,6/20,6/21,7/22,7/23,8/24,8/25,9/26,9/27	10/1/11,12/2/13,14/3/15,16/4/17,18/5/19,20/6/21,22/7/23,24/8/25,26/9/27	-	-	1,2,3,4,5,6,7,8,9,1,1,2,2,3,3,4,4,5,5,6,6,7,7,8,8,9,9
maceoff_water_243	6,6,6,1,1,1,1,1,1	0.0,0.0,0.0,0.0,0.0,0.0,0.0,0.0,0.0	0,0,0,0,0,0,0,0,0	2,2,2,1,1,1,1,1,1	1/4,1/5,2/6,2/7,3/8,3/9	4/1/5,6/2/7,8/3/9	-	-	1,2,3,1,1,2,2,3,3
maceoff_water_244	6,6,6,1,1,1,1,1,1	0.0,0.0,0.0,0.0,0.0,0.0,0.0,0.0,0.0	0,0,0,0,0,0,0,0,0	2,2,2,1,1,1,1,1,1	1/4,1/5,2/6,2/7,3/8,3/9	4/1/5,6/2/7,8/3/9	-	-	1,2,3,1,1,2,2,3,3
maceoff_water_245	6,6,6,1,1,1,1,1,1	0.0,0.0,0.0,0.0,0.0,0.0,0.0,0.0,0.0	0,0,0,0,0,0,0,0,0	2,2,2,1,1,1,1,1,1	1/4,1/5,2/6,2/7,3/8,3/9	4/1/5,6/2/7,8/3/9	-	-	1,2,3,1,1,2,2,3,3
maceoff_water_246	6,6,6,6,6,6,6,6,6,6,6,6,1,1,1,1,1,1,1,1,1,1,1,1,1,1,1,1,1,1,1,1,1,1,1,1	0.0,0.0,0.0,0.0,0.0,0.0,0.0,0.0,0.0,0.0,0.0,0.0,0.0,0.0,0.0,0.0,0.0,0.0,0.0,0.0,0.0,0.0,0.0,0.0,0.0,0.0,0.0,0.0,0.0,0.0,0.0,0.0,0.0,0.0,0.0,0.0	0,0,0,0,0,0,0,0,0,0,0,0,0,0,0,0,0,0,0,0,0,0,0,0,0,0,0,0,0,0,0,0,0,0,0,0	2,2,2,2,2,2,2,2,2,2,2,2,1,1,1,1,1,1,1,1,1,1,1,1,1,1,1,1,1,1,1,1,1,1,1,1	1/13,1/14,2/15,2/16,3/17,3/18,4/19,4/20,5/21,5/22,6/23,6/24,7/25,7/26,8/27,8/28,9/29,9/30,10/31,10/32,11/33,11/34,12/35,12/36	13/1/14,15/2/16,17/3/18,19/4/20,21/5/22,23/6/24,25/7/26,27/8/28,29/9/30,31/10/32,33/11/34,35/12/36	-	-	1,2,3,4,5,6,7,8,9,10,11,12,1,1,2,2,3,3,4,4,5,5,6,6,7,7,8,8,9,9,10,10,11,11,12,12
maceoff_water_247	6,6,6,6,6,1,1,1,1,1,1,1,1,1,1	0.0,0.0,0.0,0.0,0.0,0.0,0.0,0.0,0.0,0.0,0.0,0.0,0.0,0.0,0.0	0,0,0,0,0,0,0,0,0,0,0,0,0,0,0	2,2,2,2,2,1,1,1,1,1,1,1,1,1,1	1/6,1/7,2/8,2/9,3/10,3/11,4/12,4/13,5/14,5/15	6/1/7,8/2/9,10/3/11,12/4/13,14/5/15	-	-	1,2,3,4,5,1,1,2,2,3,3,4,4,5,5
maceoff_water_248	6,6,6,1,1,1,1,1,1	0.0,0.0,0.0,0.0,0.0,0.0,0.0,0.0,0.0	0,0,0,0,0,0,0,0,0	2,2,2,1,1,1,1,1,1	1/4,1/5,2/6,2/7,3/8,3/9	4/1/5,6/2/7,8/3/9	-	-	1,2,3,1,1,2,2,3,3
maceoff_water_249	6,6,6,6,6,6,6,6,1,1,1,1,1,1,1,1,1,1,1,1,1,1,1,1	0.0,0.0,0.0,0.0,0.0,0.0,0.0,0.0,0.0,0.0,0.0,0.0,0.0,0.0,0.0,0.0,0.0,0.0,0.0,0.0,0.0,0.0,0.0,0.0	0,0,0,0,0,0,0,0,0,0,0,0,0,0,0,0,0,0,0,0,0,0,0,0	2,2,2,2,2,2,2,2,1,1,1,1,1,1,1,1,1,1,1,1,1,1,1,1	1/9,1/10,2/11,2/12,3/13,3/14,4/15,4/16,5/17,5/18,6/19,6/20,7/21,7/22,8/23,8/24	9/1/10,11/2/12,13/3/14,15/4/16,17/5/18,19/6/20,21/7/22,23/8/24	-	-	1,2,3,4,5,6,7,8,1,1,2,2,3,3,4,4,5,5,6,6,7,7,8,8
maceoff_water_250	6,6,6,6,6,6,1,1,1,1,1,1,1,1,1,1,1,1	0.0,0.0,0.0,0.0,0.0,0.0,0.0,0.0,0.0,0.0,0.0,0.0,0.0,0.0,0.0,0.0,0.0,0.0	0,0,0,0,0,0,0,0,0,0,0,0,0,0,0,0,0,0	2,2,2,2,2,2,1,1,1,1,1,1,1,1,1,1,1,1	1/7,1/8,2/9,2/10,3/11,3/12,4/13,4/14,5/15,5/16,6/17,6/18	7/1/8,9/2/10,11/3/12,13/4/14,15/5/16,17/6/18	-	-	1,2,3,4,5,6,1,1,2,2,3,3,4,4,5,5,6,6
maceoff_water_251	6,6,6,6,6,6,6,1,1,1,1,1,1,1,1,1,1,1,1,1,1	0.0,0.0,0.0,0.0,0.0,0.0,0.0,0.0,0.0,0.0,0.0,0.0,0.0,0.0,0.0,0.0,0.0,0.0,0.0,0.0,0.0	0,0,0,0,0,0,0,0,0,0,0,0,0,0,0,0,0,0,0,0,0	2,2,2,2,2,2,2,1,1,1,1,1,1,1,1,1,1,1,1,1,1	1/8,1/9,2/10,2/11,3/12,3/13,4/14,4/15,5/16,5/17,6/18,6/19,7/20,7/21	8/1/9,10/2/11,12/3/13,14/4/15,16/5/17,18/6/19,20/7/21	-	-	1,2,3,4,5,6,7,1,1,2,2,3,3,4,4,5,5,6,6,7,7
maceoff_water_252	6,6,1,1,1,1	0.0,0.0,0.0,0.0,0.0,0.0	0,0,0,0,0,0	2,2,1,1,1,1	1/3,1/4,2/5,2/6	3/1/4,5/2/6	-	-	1,2,1,1,2,2
maceoff_water_253	6,6,6,6,6,6,6,6,6,1,1,1,1,1,1,1,1,1,1,1,1,1,1,1,1,1,1	0.0,0.0,0.0,0.0,0.0,0.0,0.0,0.0,0.0,0.0,0.0,0.0,0.0,0.0,0.0,0.0,0.0,0.0,0.0,0.0,0.0,0.0,0.0,0.0,0.0,0.0,0.0	0,0,0,0,0,0,0,0,0,0,0,0,0,0,0,0,0,0,0,0,0,0,0,0,0,0,0	2,2,2,2,2,2,2,2,2,1,1,1,1,1,1,1,1,1,1,1,1,1,1,1,1,1,1	1/10,1/11,2/12,2/13,3/14,3/15,4/16,4/17,5/18,5/19,6/20,6/21,7/22,7/23,8/24,8/25,9/26,9/27	10/1/11,12/2/13,14/3/15,16/4/17,18/5/19,20/6/21,22/7/23,24/8/25,26/9/27	-	-	1,2,3,4,5,6,7,8,9,1,1,2,2,3,3,4,4,5,5,6,6,7,7,8,8,9,9
maceoff_water_254	6,6,6,6,6,6,6,6,1,1,1,1,1,1,1,1,1,1,1,1,1,1,1,1	0.0,0.0,0.0,0.0,0.0,0.0,0.0,0.0,0.0,0.0,0.0,0.0,0.0,0.0,0.0,0.0,0.0,0.0,0.0,0.0,0.0,0.0,0.0,0.0	0,0,0,0,0,0,0,0,0,0,0,0,0,0,0,0,0,0,0,0,0,0,0,0	2,2,2,2,2,2,2,2,1,1,1,1,1,1,1,1,1,1,1,1,1,1,1,1	1/9,1/10,2/11,2/12,3/13,3/14,4/15,4/16,5/17,5/18,6/19,6/20,7/21,7/22,8/23,8/24	9/1/10,11/2/12,13/3/14,15/4/16,17/5/18,19/6/20,21/7/22,23/8/24	-	-	1,2,3,4,5,6,7,8,1,1,2,2,3,3,4,4,5,5,6,6,7,7,8,8
maceoff_water_255	6,6,6,6,6,1,1,1,1,1,1,1,1,1,1	0.0,0.0,0.0,0.0,0.0,0.0,0.0,0.0,0.0,0.0,0.0,0.0,0.0,0.0,0.0	0,0,0,0,0,0,0,0,0,0,0,0,0,0,0	2,2,2,2,2,1,1,1,1,1,1,1,1,1,1	1/6,1/7,2/8,2/9,3/10,3/11,4/12,4/13,5/14,5/15	6/1/7,8/2/9,10/3/11,12/4/13,14/5/15	-	-	1,2,3,4,5,1,1,2,2,3,3,4,4,5,5
maceoff_water_256	6,1,1	0.0,0.0,0.0	0,0,0	2,1,1	1/2,1/3	2/1/3	-	-	1,1,1
maceoff_water_257	6,6,6,6,6,6,6,6,6,6,6,1,1,1,1,1,1,1,1,1,1,1,1,1,1,1,1,1,1,1,1,1,1	0.0,0.0,0.0,0.0,0.0,0.0,0.0,0.0,0.0,0.0,0.0,0.0,0.0,0.0,0.0,0.0,0.0,0.0,0.0,0.0,0.0,0.0,0.0,0.0,0.0,0.0,0.0,0.0,0.0,0.0,0.0,0.0,0.0	0,0,0,0,0,0,0,0,0,0,0,0,0,0,0,0,0,0,0,0,0,0,0,0,0,0,0,0,0,0,0,0,0	2,2,2,2,2,2,2,2,2,2,2,1,1,1,1,1,1,1,1,1,1,1,1,1,1,1,1,1,1,1,1,1,1	1/12,1/13,2/14,2/15,3/16,3/17,4/18,4/19,5/20,5/21,6/22,6/23,7/24,7/25,8/26,8/27,9/28,9/29,10/30,10/31,11/32,11/33	12/1/13,14/2/15,16/3/17,18/4/19,20/5/21,22/6/23,24/7/25,26/8/27,28/9/29,30/10/31,32/11/33	-	-	1,2,3,4,5,6,7,8,9,10,11,1,1,2,2,3,3,4,4,5,5,6,6,7,7,8,8,9,9,10,10,11,11
maceoff_water_258	6,6,6,1,1,1,1,1,1	0.0,0.0,0.0,0.0,0.0,0.0,0.0,0.0,0.0	0,0,0,0,0,0,0,0,0	2,2,2,1,1,1,1,1,1	1/4,1/5,2/6,2/7,3/8,3/9	4/1/5,6/2/7,8/3/9	-	-	1,2,3,1,1,2,2,3,3
maceoff_water_259	6,6,6,6,6,6,1,1,1,1,1,1,1,1,1,1,1,1	0.0,0.0,0.0,0.0,0.0,0.0,0.0,0.0,0.0,0.0,0.0,0.0,0.0,0.0,0.0,0.0,0.0,0.0	0,0,0,0,0,0,0,0,0,0,0,0,0,0,0,0,0,0	2,2,2,2,2,2,1,1,1,1,1,1,1,1,1,1,1,1	1/7,1/8,2/9,2/10,3/11,3/12,4/13,4/14,5/15,5/16,6/17,6/18	7/1/8,9/2/10,11/3/12,13/4/14,15/5/16,17/6/18	-	-	1,2,3,4,5,6,1,1,2,2,3,3,4,4,5,5,6,6
maceoff_water_260	6,6,6,6,6,6,6,6,6,6,6,6,1,1,1,1,1,1,1,1,1,1,1,1,1,1,1,1,1,1,1,1,1,1,1,1	0.0,0.0,0.0,0.0,0.0,0.0,0.0,0.0,0.0,0.0,0.0,0.0,0.0,0.0,0.0,0.0,0.0,0.0,0.0,0.0,0.0,0.0,0.0,0.0,0.0,0.0,0.0,0.0,0.0,0.0,0.0,0.0,0.0,0.0,0.0,0.0	0,0,0,0,0,0,0,0,0,0,0,0,0,0,0,0,0,0,0,0,0,0,0,0,0,0,0,0,0,0,0,0,0,0,0,0	2,2,2,2,2,2,2,2,2,2,2,2,1,1,1,1,1,1,1,1,1,1,1,1,1,1,1,1,1,1,1,1,1,1,1,1	1/13,1/14,2/15,2/16,3/17,3/18,4/19,4/20,5/21,5/22,6/23,6/24,7/25,7/26,8/27,8/28,9/29,9/30,10/31,10/32,11/33,11/34,12/35,12/36	13/1/14,15/2/16,17/3/18,19/4/20,21/5/22,23/6/24,25/7/26,27/8/28,29/9/30,31/10/32,33/11/34,35/12/36	-	-	1,2,3,4,5,6,7,8,9,10,11,12,1,1,2,2,3,3,4,4,5,5,6,6,7,7,8,8,9,9,10,10,11,11,12,12
maceoff_water_261	6,6,6,1,1,1,1,1,1	0.0,0.0,0.0,0.0,0.0,0.0,0.0,0.0,0.0	0,0,0,0,0,0,0,0,0	2,2,2,1,1,1,1,1,1	1/4,1/5,2/6,2/7,3/8,3/9	4/1/5,6/2/7,8/3/9	-	-	1,2,3,1,1,2,2,3,3
maceoff_water_262	6,6,6,6,6,6,6,6,6,6,6,6,1,1,1,1,1,1,1,1,1,1,1,1,1,1,1,1,1,1,1,1,1,1,1,1	0.0,0.0,0.0,0.0,0.0,0.0,0.0,0.0,0.0,0.0,0.0,0.0,0.0,0.0,0.0,0.0,0.0,0.0,0.0,0.0,0.0,0.0,0.0,0.0,0.0,0.0,0.0,0.0,0.0,0.0,0.0,0.0,0.0,0.0,0.0,0.0	0,0,0,0,0,0,0,0,0,0,0,0,0,0,0,0,0,0,0,0,0,0,0,0,0,0,0,0,0,0,0,0,0,0,0,0	2,2,2,2,2,2,2,2,2,2,2,2,1,1,1,1,1,1,1,1,1,1,1,1,1,1,1,1,1,1,1,1,1,1,1,1	1/13,1/14,2/15,2/16,3/17,3/18,4/19,4/20,5/21,5/22,6/23,6/24,7/25,7/26,8/27,8/28,9/29,9/30,10/31,10/32,11/33,11/34,12/35,12/36	13/1/14,15/2/16,17/3/18,19/4/20,21/5/22,23/6/24,25/7/26,27/8/28,29/9/30,31/10/32,33/11/34,35/12/36	-	-	1,2,3,4,5,6,7,8,9,10,11,12,1,1,2,2,3,3,4,4,5,5,6,6,7,7,8,8,9,9,10,10,11,11,12,12
maceoff_water_263	6,6,6,6,6,1,1,1,1,1,1,1,1,1,1	0.0,0.0,0.0,0.0,0.0,0.0,0.0,0.0,0.0,0.0,0.0,0.0,0.0,0.0,0.0	0,0,0,0,0,0,0,0,0,0,0,0,0,0,0	2,2,2,2,2,1,1,1,1,1,1,1,1,1,1	1/6,1/7,2/8,2/9,3/10,3/11,4/12,4/13,5/14,5/15	6/1/7,8/2/9,10/3/11,12/4/13,14/5/15	-	-	1,2,3,4,5,1,1,2,2,3,3,4,4,5,5
maceoff_water_264	6,6,6,6,6,1,1,1,1,1,1,1,1,1,1	0.0,0.0,0.0,0.0,0.0,0.0,0.0,0.0,0.0,0.0,0.0,0.0,0.0,0.0,0.0	0,0,0,0,0,0,0,0,0,0,0,0,0,0,0	2,2,2,2,2,1,1,1,1,1,1,1,1,1,1	1/6,1/7,2/8,2/9,3/10,3/11,4/12,4/13,5/14,5/15	6/1/7,8/2/9,10/3/11,12/4/13,14/5/15	-	-	1,2,3,4,5,1,1,2,2,3,3,4,4,5,5
maceoff_water_265	6,6,6,6,6,1,1,1,1,1,1,1,1,1,1	0.0,0.0,0.0,0.0,0.0,0.0,0.0,0.0,0.0,0.0,0.0,0.0,0.0,0.0,0.0	0,0,0,0,0,0,0,0,0,0,0,0,0,0,0	2,2,2,2,2,1,1,1,1,1,1,1,1,1,1	1/6,1/7,2/8,2/9,3/10,3/11,4/12,4/13,5/14,5/15	6/1/7,8/2/9,10/3/11,12/4/13,14/5/15	-	-	1,2,3,4,5,1,1,2,2,3,3,4,4,5,5
maceoff_water_266	6,6,6,6,6,6,6,6,6,6,1,1,1,1,1,1,1,1,1,1,1,1,1,1,1,1,1,1,1,1	0.0,0.0,0.0,0.0,0.0,0.0,0.0,0.0,0.0,0.0,0.0,0.0,0.0,0.0,0.0,0.0,0.0,0.0,0.0,0.0,0.0,0.0,0.0,0.0,0.0,0.0,0.0,0.0,0.0,0.0	0,0,0,0,0,0,0,0,0,0,0,0,0,0,0,0,0,0,0,0,0,0,0,0,0,0,0,0,0,0	2,2,2,2,2,2,2,2,2,2,1,1,1,1,1,1,1,1,1,1,1,1,1,1,1,1,1,1,1,1	1/11,1/12,2/13,2/14,3/15,3/16,4/17,4/18,5/19,5/20,6/21,6/22,7/23,7/24,8/25,8/26,9/27,9/28,10/29,10/30	11/1/12,13/2/14,15/3/16,17/4/18,19/5/20,21/6/22,23/7/24,25/8/26,27/9/28,29/10/30	-	-	1,2,3,4,5,6,7,8,9,10,1,1,2,2,3,3,4,4,5,5,6,6,7,7,8,8,9,9,10,10
maceoff_water_267	6,6,6,6,6,6,6,6,1,1,1,1,1,1,1,1,1,1,1,1,1,1,1,1	0.0,0.0,0.0,0.0,0.0,0.0,0.0,0.0,0.0,0.0,0.0,0.0,0.0,0.0,0.0,0.0,0.0,0.0,0.0,0.0,0.0,0.0,0.0,0.0	0,0,0,0,0,0,0,0,0,0,0,0,0,0,0,0,0,0,0,0,0,0,0,0	2,2,2,2,2,2,2,2,1,1,1,1,1,1,1,1,1,1,1,1,1,1,1,1	1/9,1/10,2/11,2/12,3/13,3/14,4/15,4/16,5/17,5/18,6/19,6/20,7/21,7/22,8/23,8/24	9/1/10,11/2/12,13/3/14,15/4/16,17/5/18,19/6/20,21/7/22,23/8/24	-	-	1,2,3,4,5,6,7,8,1,1,2,2,3,3,4,4,5,5,6,6,7,7,8,8
maceoff_water_268	6,6,6,6,6,6,6,6,1,1,1,1,1,1,1,1,1,1,1,1,1,1,1,1	0.0,0.0,0.0,0.0,0.0,0.0,0.0,0.0,0.0,0.0,0.0,0.0,0.0,0.0,0.0,0.0,0.0,0.0,0.0,0.0,0.0,0.0,0.0,0.0	0,0,0,0,0,0,0,0,0,0,0,0,0,0,0,0,0,0,0,0,0,0,0,0	2,2,2,2,2,2,2,2,1,1,1,1,1,1,1,1,1,1,1,1,1,1,1,1	1/9,1/10,2/11,2/12,3/13,3/14,4/15,4/16,5/17,5/18,6/19,6/20,7/21,7/22,8/23,8/24	9/1/10,11/2/12,13/3/14,15/4/16,17/5/18,19/6/20,21/7/22,23/8/24	-	-	1,2,3,4,5,6,7,8,1,1,2,2,3,3,4,4,5,5,6,6,7,7,8,8
maceoff_water_269	6,1,1	0.0,0.0,0.0	0,0,0	2,1,1	1/2,1/3	2/1/3	-	-	1,1,1
maceoff_water_270	6,6,6,6,6,6,1,1,1,1,1,1,1,1,1,1,1,1	0.0,0.0,0.0,0.0,0.0,0.0,0.0,0.0,0.0,0.0,0.0,0.0,0.0,0.0,0.0,0.0,0.0,0.0	0,0,0,0,0,0,0,0,0,0,0,0,0,0,0,0,0,0	2,2,2,2,2,2,1,1,1,1,1,1,1,1,1,1,1,1	1/7,1/8,2/9,2/10,3/11,3/12,4/13,4/14,5/15,5/16,6/17,6/18	7/1/8,9/2/10,11/3/12,13/4/14,15/5/16,17/6/18	-	-	1,2,3,4,5,6,1,1,2,2,3,3,4,4,5,5,6,6
maceoff_water_271	6,6,6,6,6,6,6,6,1,1,1,1,1,1,1,1,1,1,1,1,1,1,1,1	0.0,0.0,0.0,0.0,0.0,0.0,0.0,0.0,0.0,0.0,0.0,0.0,0.0,0.0,0.0,0.0,0.0,0.0,0.0,0.0,0.0,0.0,0.0,0.0	0,0,0,0,0,0,0,0,0,0,0,0,0,0,0,0,0,0,0,0,0,0,0,0	2,2,2,2,2,2,2,2,1,1,1,1,1,1,1,1,1,1,1,1,1,1,1,1	1/9,1/10,2/11,2/12,3/13,3/14,4/15,4/16,5/17,5/18,6/19,6/20,7/21,7/22,8/23,8/24	9/1/10,11/2/12,13/3/14,15/4/16,17/5/18,19/6/20,21/7/22,23/8/24	-	-	1,2,3,4,5,6,7,8,1,1,2,2,3,3,4,4,5,5,6,6,7,7,8,8
maceoff_water_272	6,6,6,1,1,1,1,1,1	0.0,0.0,0.0,0.0,0.0,0.0,0.0,0.0,0.0	0,0,0,0,0,0,0,0,0	2,2,2,1,1,1,1,1,1	1/4,1/5,2/6,2/7,3/8,3/9	4/1/5,6/2/7,8/3/9	-	-	1,2,3,1,1,2,2,3,3
maceoff_water_273	6,6,1,1,1,1	0.0,0.0,0.0,0.0,0.0,0.0	0,0,0,0,0,0	2,2,1,1,1,1	1/3,1/4,2/5,2/6	3/1/4,5/2/6	-	-	1,2,1,1,2,2
maceoff_water_274	6,6,1,1,1,1	0.0,0.0,0.0,0.0,0.0,0.0	0,0,0,0,0,0	2,2,1,1,1,1	1/3,1/4,2/5,2/6	3/1/4,5/2/6	-	-	1,2,1,1,2,2
maceoff_water_275	6,1,1	0.0,0.0,0.0	0,0,0	2,1,1	1/2,1/3	2/1/3	-	-	1,1,1
maceoff_water_276	6,6,6,1,1,1,1,1,1	0.0,0.0,0.0,0.0,0.0,0.0,0.0,0.0,0.0	0,0,0,0,0,0,0,0,0	2,2,2,1,1,1,1,1,1	1/4,1/5,2/6,2/7,3/8,3/9	4/1/5,6/2/7,8/3/9	-	-	1,2,3,1,1,2,2,3,3
maceoff_water_277	6,6,6,6,6,1,1,1,1,1,1,1,1,1,1	0.0,0.0,0.0,0.0,0.0,0.0,0.0,0.0,0.0,0.0,0.0,0.0,0.0,0.0,0.0	0,0,0,0,0,0,0,0,0,0,0,0,0,0,0	2,2,2,2,2,1,1,1,1,1,1,1,1,1,1	1/6,1/7,2/8,2/9,3/10,3/11,4/12,4/13,5/14,5/15	6/1/7,8/2/9,10/3/11,12/4/13,14/5/15	-	-	1,2,3,4,5,1,1,2,2,3,3,4,4,5,5
maceoff_water_278	6,6,6,6,6,6,6,6,6,6,1,1,1,1,1,1,1,1,1,1,1,1,1,1,1,1,1,1,1,1	0.0,0.0,0.0,0.0,0.0,0.0,0.0,0.0,0.0,0.0,0.0,0.0,0.0,0.0,0.0,0.0,0.0,0.0,0.0,0.0,0.0,0.0,0.0,0.0,0.0,0.0,0.0,0.0,0.0,0.0	0,0,0,0,0,0,0,0,0,0,0,0,0,0,0,0,0,0,0,0,0,0,0,0,0,0,0,0,0,0	2,2,2,2,2,2,2,2,2,2,1,1,1,1,1,1,1,1,1,1,1,1,1,1,1,1,1,1,1,1	1/11,1/12,2/13,2/14,3/15,3/16,4/17,4/18,5/19,5/20,6/21,6/22,7/23,7/24,8/25,8/26,9/27,9/28,10/29,10/30	11/1/12,13/2/14,15/3/16,17/4/18,19/5/20,21/6/22,23/7/24,25/8/26,27/9/28,29/10/30	-	-	1,2,3,4,5,6,7,8,9,10,1,1,2,2,3,3,4,4,5,5,6,6,7,7,8,8,9,9,10,10
maceoff_water_279	6,6,6,6,1,1,1,1,1,1,1,1	0.0,0.0,0.0,0.0,0.0,0.0,0.0,0.0,0.0,0.0,0.0,0.0	0,0,0,0,0,0,0,0,0,0,0,0	2,2,2,2,1,1,1,1,1,1,1,1	1/5,1/6,2/7,2/8,3/9,3/10,4/11,4/12	5/1/6,7/2/8,9/3/10,11/4/12	-	-	1,2,3,4,1,1,2,2,3,3,4,4
maceoff_water_280	6,6,6,6,6,6,6,6,6,6,6,6,1,1,1,1,1,1,1,1,1,1,1,1,1,1,1,1,1,1,1,1,1,1,1,1	0.0,0.0,0.0,0.0,0.0,0.0,0.0,0.0,0.0,0.0,0.0,0.0,0.0,0.0,0.0,0.0,0.0,0.0,0.0,0.0,0.0,0.0,0.0,0.0,0.0,0.0,0.0,0.0,0.0,0.0,0.0,0.0,0.0,0.0,0.0,0.0	0,0,0,0,0,0,0,0,0,0,0,0,0,0,0,0,0,0,0,0,0,0,0,0,0,0,0,0,0,0,0,0,0,0,0,0	2,2,2,2,2,2,2,2,2,2,2,2,1,1,1,1,1,1,1,1,1,1,1,1,1,1,1,1,1,1,1,1,1,1,1,1	1/13,1/14,2/15,2/16,3/17,3/18,4/19,4/20,5/21,5/22,6/23,6/24,7/25,7/26,8/27,8/28,9/29,9/30,10/31,10/32,11/33,11/34,12/35,12/36	13/1/14,15/2/16,17/3/18,19/4/20,21/5/22,23/6/24,25/7/26,27/8/28,29/9/30,31/10/32,33/11/34,35/12/36	-	-	1,2,3,4,5,6,7,8,9,10,11,12,1,1,2,2,3,3,4,4,5,5,6,6,7,7,8,8,9,9,10,10,11,11,12,12
maceoff_water_281	6,6,1,1,1,1	0.0,0.0,0.0,0.0,0.0,0.0	0,0,0,0,0,0	2,2,1,1,1,1	1/3,1/4,2/5,2/6	3/1/4,5/2/6	-	-	1,2,1,1,2,2
maceoff_water_282	6,6,6,6,6,6,6,6,6,6,6,6,1,1,1,1,1,1,1,1,1,1,1,1,1,1,1,1,1,1,1,1,1,1,1,1	0.0,0.0,0.0,0.0,0.0,0.0,0.0,0.0,0.0,0.0,0.0,0.0,0.0,0.0,0.0,0.0,0.0,0.0,0.0,0.0,0.0,0.0,0.0,0.0,0.0,0.0,0.0,0.0,0.0,0.0,0.0,0.0,0.0,0.0,0.0,0.0	0,0,0,0,0,0,0,0,0,0,0,0,0,0,0,0,0,0,0,0,0,0,0,0,0,0,0,0,0,0,0,0,0,0,0,0	2,2,2,2,2,2,2,2,2,2,2,2,1,1,1,1,1,1,1,1,1,1,1,1,1,1,1,1,1,1,1,1,1,1,1,1	1/13,1/14,2/15,2/16,3/17,3/18,4/19,4/20,5/21,5/22,6/23,6/24,7/25,7/26,8/27,8/28,9/29,9/30,10/31,10/32,11/33,11/34,12/35,12/36	13/1/14,15/2/16,17/3/18,19/4/20,21/5/22,23/6/24,25/7/26,27/8/28,29/9/30,31/10/32,33/11/34,35/12/36	-	-	1,2,3,4,5,6,7,8,9,10,11,12,1,1,2,2,3,3,4,4,5,5,6,6,7,7,8,8,9,9,10,10,11,11,12,12
maceoff_water_283	6,6,6,1,1,1,1,1,1	0.0,0.0,0.0,0.0,0.0,0.0,0.0,0.0,0.0	0,0,0,0,0,0,0,0,0	2,2,2,1,1,1,1,1,1	1/4,1/5,2/6,2/7,3/8,3/9	4/1/5,6/2/7,8/3/9	-	-	1,2,3,1,1,2,2,3,3
maceoff_water_284	6,6,6,6,6,6,6,6,6,6,6,6,6,6,6,6,6,6,6,6,6,6,6,6,6,1,1,1,1,1,1,1,1,1,1,1,1,1,1,1,1,1,1,1,1,1,1,1,1,1,1,1,1,1,1,1,1,1,1,1,1,1,1,1,1,1,1,1,1,1,1,1,1,1,1	0.0,0.0,0.0,0.0,0.0,0.0,0.0,0.0,0.0,0.0,0.0,0.0,0.0,0.0,0.0,0.0,0.0,0.0,0.0,0.0,0.0,0.0,0.0,0.0,0.0,0.0,0.0,0.0,0.0,0.0,0.0,0.0,0.0,0.0,0.0,0.0,0.0,0.0,0.0,0.0,0.0,0.0,0.0,0.0,0.0,0.0,0.0,0.0,0.0,0.0,0.0,0.0,0.0,0.0,0.0,0.0,0.0,0.0,0.0,0.0,0.0,0.0,0.0,0.0,0.0,0.0,0.0,0.0,0.0,0.0,0.0,0.0,0.0,0.0,0.0	0,0,0,0,0,0,0,0,0,0,0,0,0,0,0,0,0,0,0,0,0,0,0,0,0,0,0,0,0,0,0,0,0,0,0,0,0,0,0,0,0,0,0,0,0,0,0,0,0,0,0,0,0,0,0,0,0,0,0,0,0,0,0,0,0,0,0,0,0,0,0,0,0,0,0	2,2,2,2,2,2,2,2,2,2,2,2,2,2,2,2,2,2,2,2,2,2,2,2,2,1,1,1,1,1,1,1,1,1,1,1,1,1,1,1,1,1,1,1,1,1,1,1,1,1,1,1,1,1,1,1,1,1,1,1,1,1,1,1,1,1,1,1,1,1,1,1,1,1,1	1/26,1/27,2/28,2/29,3/30,3/31,4/32,4/33,5/34,5/35,6/36,6/37,7/38,7/39,8/40,8/41,9/42,9/43,10/44,10/45,11/46,11/47,12/48,12/49,13/50,13/51,14/52,14/53,15/54,15/55,16/56,16/57,17/58,17/59,18/60,18/61,19/62,19/63,20/64,20/65,21/66,21/67,22/68,22/69,23/70,23/71,24/72,24/73,25/74,25/75	26/1/27,28/2/29,30/3/31,32/4/33,34/5/35,36/6/37,38/7/39,40/8/41,42/9/43,44/10/45,46/11/47,48/12/49,50/13/51,52/14/53,54/15/55,56/16/57,58/17/59,60/18/61,62/19/63,64/20/65,66/21/67,68/22/69,70/23/71,72/24/73,74/25/75	-	-	1,2,3,4,5,6,7,8,9,10,11,12,13,14,15,16,17,18,19,20,21,22,23,24,25,1,1,2,2,3,3,4,4,5,5,6,6,7,7,8,8,9,9,10,10,11,11,12,12,13,13,14,14,15,15,16,16,17,17,18,18,19,19,20,20,21,21,22,22,23,23,24,24,25,25
maceoff_water_285	6,6,1,1,1,1	0.0,0.0,0.0,0.0,0.0,0.0	0,0,0,0,0,0	2,2,1,1,1,1	1/3,1/4,2/5,2/6	3/1/4,5/2/6	-	-	1,2,1,1,2,2
maceoff_water_286	6,6,6,6,6,6,6,6,6,6,1,1,1,1,1,1,1,1,1,1,1,1,1,1,1,1,1,1,1,1	0.0,0.0,0.0,0.0,0.0,0.0,0.0,0.0,0.0,0.0,0.0,0.0,0.0,0.0,0.0,0.0,0.0,0.0,0.0,0.0,0.0,0.0,0.0,0.0,0.0,0.0,0.0,0.0,0.0,0.0	0,0,0,0,0,0,0,0,0,0,0,0,0,0,0,0,0,0,0,0,0,0,0,0,0,0,0,0,0,0	2,2,2,2,2,2,2,2,2,2,1,1,1,1,1,1,1,1,1,1,1,1,1,1,1,1,1,1,1,1	1/11,1/12,2/13,2/14,3/15,3/16,4/17,4/18,5/19,5/20,6/21,6/22,7/23,7/24,8/25,8/26,9/27,9/28,10/29,10/30	11/1/12,13/2/14,15/3/16,17/4/18,19/5/20,21/6/22,23/7/24,25/8/26,27/9/28,29/10/30	-	-	1,2,3,4,5,6,7,8,9,10,1,1,2,2,3,3,4,4,5,5,6,6,7,7,8,8,9,9,10,10
maceoff_water_287	6,6,6,1,1,1,1,1,1	0.0,0.0,0.0,0.0,0.0,0.0,0.0,0.0,0.0	0,0,0,0,0,0,0,0,0	2,2,2,1,1,1,1,1,1	1/4,1/5,2/6,2/7,3/8,3/9	4/1/5,6/2/7,8/3/9	-	-	1,2,3,1,1,2,2,3,3
maceoff_water_288	6,1,1	0.0,0.0,0.0	0,0,0	2,1,1	1/2,1/3	2/1/3	-	-	1,1,1
maceoff_water_289	6,6,6,6,6,6,6,6,6,6,6,6,1,1,1,1,1,1,1,1,1,1,1,1,1,1,1,1,1,1,1,1,1,1,1,1	0.0,0.0,0.0,0.0,0.0,0.0,0.0,0.0,0.0,0.0,0.0,0.0,0.0,0.0,0.0,0.0,0.0,0.0,0.0,0.0,0.0,0.0,0.0,0.0,0.0,0.0,0.0,0.0,0.0,0.0,0.0,0.0,0.0,0.0,0.0,0.0	0,0,0,0,0,0,0,0,0,0,0,0,0,0,0,0,0,0,0,0,0,0,0,0,0,0,0,0,0,0,0,0,0,0,0,0	2,2,2,2,2,2,2,2,2,2,2,2,1,1,1,1,1,1,1,1,1,1,1,1,1,1,1,1,1,1,1,1,1,1,1,1	1/13,1/14,2/15,2/16,3/17,3/18,4/19,4/20,5/21,5/22,6/23,6/24,7/25,7/26,8/27,8/28,9/29,9/30,10/31,10/32,11/33,11/34,12/35,12/36	13/1/14,15/2/16,17/3/18,19/4/20,21/5/22,23/6/24,25/7/26,27/8/28,29/9/30,31/10/32,33/11/34,35/12/36	-	-	1,2,3,4,5,6,7,8,9,10,11,12,1,1,2,2,3,3,4,4,5,5,6,6,7,7,8,8,9,9,10,10,11,11,12,12
maceoff_water_290	6,6,6,6,6,6,6,6,6,6,6,1,1,1,1,1,1,1,1,1,1,1,1,1,1,1,1,1,1,1,1,1,1	0.0,0.0,0.0,0.0,0.0,0.0,0.0,0.0,0.0,0.0,0.0,0.0,0.0,0.0,0.0,0.0,0.0,0.0,0.0,0.0,0.0,0.0,0.0,0.0,0.0,0.0,0.0,0.0,0.0,0.0,0.0,0.0,0.0	0,0,0,0,0,0,0,0,0,0,0,0,0,0,0,0,0,0,0,0,0,0,0,0,0,0,0,0,0,0,0,0,0	2,2,2,2,2,2,2,2,2,2,2,1,1,1,1,1,1,1,1,1,1,1,1,1,1,1,1,1,1,1,1,1,1	1/12,1/13,2/14,2/15,3/16,3/17,4/18,4/19,5/20,5/21,6/22,6/23,7/24,7/25,8/26,8/27,9/28,9/29,10/30,10/31,11/32,11/33	12/1/13,14/2/15,16/3/17,18/4/19,20/5/21,22/6/23,24/7/25,26/8/27,28/9/29,30/10/31,32/11/33	-	-	1,2,3,4,5,6,7,8,9,10,11,1,1,2,2,3,3,4,4,5,5,6,6,7,7,8,8,9,9,10,10,11,11
maceoff_water_291	6,6,6,6,6,1,1,1,1,1,1,1,1,1,1	0.0,0.0,0.0,0.0,0.0,0.0,0.0,0.0,0.0,0.0,0.0,0.0,0.0,0.0,0.0	0,0,0,0,0,0,0,0,0,0,0,0,0,0,0	2,2,2,2,2,1,1,1,1,1,1,1,1,1,1	1/6,1/7,2/8,2/9,3/10,3/11,4/12,4/13,5/14,5/15	6/1/7,8/2/9,10/3/11,12/4/13,14/5/15	-	-	1,2,3,4,5,1,1,2,2,3,3,4,4,5,5
maceoff_water_292	6,6,1,1,1,1	0.0,0.0,0.0,0.0,0.0,0.0	0,0,0,0,0,0	2,2,1,1,1,1	1/3,1/4,2/5,2/6	3/1/4,5/2/6	-	-	1,2,1,1,2,2
maceoff_water_293	6,1,1	0.0,0.0,0.0	0,0,0	2,1,1	1/2,1/3	2/1/3	-	-	1,1,1
maceoff_water_294	6,6,6,6,6,6,6,6,6,1,1,1,1,1,1,1,1,1,1,1,1,1,1,1,1,1,1	0.0,0.0,0.0,0.0,0.0,0.0,0.0,0.0,0.0,0.0,0.0,0.0,0.0,0.0,0.0,0.0,0.0,0.0,0.0,0.0,0.0,0.0,0.0,0.0,0.0,0.0,0.0	0,0,0,0,0,0,0,0,0,0,0,0,0,0,0,0,0,0,0,0,0,0,0,0,0,0,0	2,2,2,2,2,2,2,2,2,1,1,1,1,1,1,1,1,1,1,1,1,1,1,1,1,1,1	1/10,1/11,2/12,2/13,3/14,3/15,4/16,4/17,5/18,5/19,6/20,6/21,7/22,7/23,8/24,8/25,9/26,9/27	10/1/11,12/2/13,14/3/15,16/4/17,18/5/19,20/6/21,22/7/23,24/8/25,26/9/27	-	-	1,2,3,4,5,6,7,8,9,1,1,2,2,3,3,4,4,5,5,6,6,7,7,8,8,9,9
maceoff_water_295	6,6,1,1,1,1	0.0,0.0,0.0,0.0,0.0,0.0	0,0,0,0,0,0	2,2,1,1,1,1	1/3,1/4,2/5,2/6	3/1/4,5/2/6	-	-	1,2,1,1,2,2
maceoff_water_296	6,6,6,6,1,1,1,1,1,1,1,1	0.0,0.0,0.0,0.0,0.0,0.0,0.0,0.0,0.0,0.0,0.0,0.0	0,0,0,0,0,0,0,0,0,0,0,0	2,2,2,2,1,1,1,1,1,1,1,1	1/5,1/6,2/7,2/8,3/9,3/10,4/11,4/12	5/1/6,7/2/8,9/3/10,11/4/12	-	-	1,2,3,4,1,1,2,2,3,3,4,4
maceoff_water_297	6,6,6,6,6,6,6,6,6,1,1,1,1,1,1,1,1,1,1,1,1,1,1,1,1,1,1	0.0,0.0,0.0,0.0,0.0,0.0,0.0,0.0,0.0,0.0,0.0,0.0,0.0,0.0,0.0,0.0,0.0,0.0,0.0,0.0,0.0,0.0,0.0,0.0,0.0,0.0,0.0	0,0,0,0,0,0,0,0,0,0,0,0,0,0,0,0,0,0,0,0,0,0,0,0,0,0,0	2,2,2,2,2,2,2,2,2,1,1,1,1,1,1,1,1,1,1,1,1,1,1,1,1,1,1	1/10,1/11,2/12,2/13,3/14,3/15,4/16,4/17,5/18,5/19,6/20,6/21,7/22,7/23,8/24,8/25,9/26,9/27	10/1/11,12/2/13,14/3/15,16/4/17,18/5/19,20/6/21,22/7/23,24/8/25,26/9/27	-	-	1,2,3,4,5,6,7,8,9,1,1,2,2,3,3,4,4,5,5,6,6,7,7,8,8,9,9
maceoff_water_298	6,6,1,1,1,1	0.0,0.0,0.0,0.0,0.0,0.0	0,0,0,0,0,0	2,2,1,1,1,1	1/3,1/4,2/5,2/6	3/1/4,5/2/6	-	-	1,2,1,1,2,2
maceoff_water_299	6,6,1,1,1,1	0.0,0.0,0.0,0.0,0.0,0.0	0,0,0,0,0,0	2,2,1,1,1,1	1/3,1/4,2/5,2/6	3/1/4,5/2/6	-	-	1,2,1,1,2,2
maceoff_water_300	6,6,6,1,1,1,1,1,1	0.0,0.0,0.0,0.0,0.0,0.0,0.0,0.0,0.0	0,0,0,0,0,0,0,0,0	2,2,2,1,1,1,1,1,1	1/4,1/5,2/6,2/7,3/8,3/9	4/1/5,6/2/7,8/3/9	-	-	1,2,3,1,1,2,2,3,3
maceoff_water_301	6,6,6,6,6,6,6,6,6,6,1,1,1,1,1,1,1,1,1,1,1,1,1,1,1,1,1,1,1,1	0.0,0.0,0.0,0.0,0.0,0.0,0.0,0.0,0.0,0.0,0.0,0.0,0.0,0.0,0.0,0.0,0.0,0.0,0.0,0.0,0.0,0.0,0.0,0.0,0.0,0.0,0.0,0.0,0.0,0.0	0,0,0,0,0,0,0,0,0,0,0,0,0,0,0,0,0,0,0,0,0,0,0,0,0,0,0,0,0,0	2,2,2,2,2,2,2,2,2,2,1,1,1,1,1,1,1,1,1,1,1,1,1,1,1,1,1,1,1,1	1/11,1/12,2/13,2/14,3/15,3/16,4/17,4/18,5/19,5/20,6/21,6/22,7/23,7/24,8/25,8/26,9/27,9/28,10/29,10/30	11/1/12,13/2/14,15/3/16,17/4/18,19/5/20,21/6/22,23/7/24,25/8/26,27/9/28,29/10/30	-	-	1,2,3,4,5,6,7,8,9,10,1,1,2,2,3,3,4,4,5,5,6,6,7,7,8,8,9,9,10,10
maceoff_water_302	6,6,6,1,1,1,1,1,1	0.0,0.0,0.0,0.0,0.0,0.0,0.0,0.0,0.0	0,0,0,0,0,0,0,0,0	2,2,2,1,1,1,1,1,1	1/4,1/5,2/6,2/7,3/8,3/9	4/1/5,6/2/7,8/3/9	-	-	1,2,3,1,1,2,2,3,3
maceoff_water_303	6,6,6,6,1,1,1,1,1,1,1,1	0.0,0.0,0.0,0.0,0.0,0.0,0.0,0.0,0.0,0.0,0.0,0.0	0,0,0,0,0,0,0,0,0,0,0,0	2,2,2,2,1,1,1,1,1,1,1,1	1/5,1/6,2/7,2/8,3/9,3/10,4/11,4/12	5/1/6,7/2/8,9/3/10,11/4/12	-	-	1,2,3,4,1,1,2,2,3,3,4,4
maceoff_water_304	6,6,6,6,6,6,6,6,6,1,1,1,1,1,1,1,1,1,1,1,1,1,1,1,1,1,1	0.0,0.0,0.0,0.0,0.0,0.0,0.0,0.0,0.0,0.0,0.0,0.0,0.0,0.0,0.0,0.0,0.0,0.0,0.0,0.0,0.0,0.0,0.0,0.0,0.0,0.0,0.0	0,0,0,0,0,0,0,0,0,0,0,0,0,0,0,0,0,0,0,0,0,0,0,0,0,0,0	2,2,2,2,2,2,2,2,2,1,1,1,1,1,1,1,1,1,1,1,1,1,1,1,1,1,1	1/10,1/11,2/12,2/13,3/14,3/15,4/16,4/17,5/18,5/19,6/20,6/21,7/22,7/23,8/24,8/25,9/26,9/27	10/1/11,12/2/13,14/3/15,16/4/17,18/5/19,20/6/21,22/7/23,24/8/25,26/9/27	-	-	1,2,3,4,5,6,7,8,9,1,1,2,2,3,3,4,4,5,5,6,6,7,7,8,8,9,9
maceoff_water_305	6,6,6,6,1,1,1,1,1,1,1,1	0.0,0.0,0.0,0.0,0.0,0.0,0.0,0.0,0.0,0.0,0.0,0.0	0,0,0,0,0,0,0,0,0,0,0,0	2,2,2,2,1,1,1,1,1,1,1,1	1/5,1/6,2/7,2/8,3/9,3/10,4/11,4/12	5/1/6,7/2/8,9/3/10,11/4/12	-	-	1,2,3,4,1,1,2,2,3,3,4,4
maceoff_water_306	6,6,6,6,6,6,6,1,1,1,1,1,1,1,1,1,1,1,1,1,1	0.0,0.0,0.0,0.0,0.0,0.0,0.0,0.0,0.0,0.0,0.0,0.0,0.0,0.0,0.0,0.0,0.0,0.0,0.0,0.0,0.0	0,0,0,0,0,0,0,0,0,0,0,0,0,0,0,0,0,0,0,0,0	2,2,2,2,2,2,2,1,1,1,1,1,1,1,1,1,1,1,1,1,1	1/8,1/9,2/10,2/11,3/12,3/13,4/14,4/15,5/16,5/17,6/18,6/19,7/20,7/21	8/1/9,10/2/11,12/3/13,14/4/15,16/5/17,18/6/19,20/7/21	-	-	1,2,3,4,5,6,7,1,1,2,2,3,3,4,4,5,5,6,6,7,7
maceoff_water_307	6,6,6,6,1,1,1,1,1,1,1,1	0.0,0.0,0.0,0.0,0.0,0.0,0.0,0.0,0.0,0.0,0.0,0.0	0,0,0,0,0,0,0,0,0,0,0,0	2,2,2,2,1,1,1,1,1,1,1,1	1/5,1/6,2/7,2/8,3/9,3/10,4/11,4/12	5/1/6,7/2/8,9/3/10,11/4/12	-	-	1,2,3,4,1,1,2,2,3,3,4,4
maceoff_water_308	6,6,6,6,1,1,1,1,1,1,1,1	0.0,0.0,0.0,0.0,0.0,0.0,0.0,0.0,0.0,0.0,0.0,0.0	0,0,0,0,0,0,0,0,0,0,0,0	2,2,2,2,1,1,1,1,1,1,1,1	1/5,1/6,2/7,2/8,3/9,3/10,4/11,4/12	5/1/6,7/2/8,9/3/10,11/4/12	-	-	1,2,3,4,1,1,2,2,3,3,4,4
maceoff_water_309	6,6,6,6,1,1,1,1,1,1,1,1	0.0,0.0,0.0,0.0,0.0,0.0,0.0,0.0,0.0,0.0,0.0,0.0	0,0,0,0,0,0,0,0,0,0,0,0	2,2,2,2,1,1,1,1,1,1,1,1	1/5,1/6,2/7,2/8,3/9,3/10,4/11,4/12	5/1/6,7/2/8,9/3/10,11/4/12	-	-	1,2,3,4,1,1,2,2,3,3,4,4
maceoff_water_310	6,6,6,1,1,1,1,1,1	0.0,0.0,0.0,0.0,0.0,0.0,0.0,0.0,0.0	0,0,0,0,0,0,0,0,0	2,2,2,1,1,1,1,1,1	1/4,1/5,2/6,2/7,3/8,3/9	4/1/5,6/2/7,8/3/9	-	-	1,2,3,1,1,2,2,3,3
maceoff_water_311	6,6,6,6,6,1,1,1,1,1,1,1,1,1,1	0.0,0.0,0.0,0.0,0.0,0.0,0.0,0.0,0.0,0.0,0.0,0.0,0.0,0.0,0.0	0,0,0,0,0,0,0,0,0,0,0,0,0,0,0	2,2,2,2,2,1,1,1,1,1,1,1,1,1,1	1/6,1/7,2/8,2/9,3/10,3/11,4/12,4/13,5/14,5/15	6/1/7,8/2/9,10/3/11,12/4/13,14/5/15	-	-	1,2,3,4,5,1,1,2,2,3,3,4,4,5,5
maceoff_water_312	6,6,6,6,6,6,6,6,6,6,6,6,1,1,1,1,1,1,1,1,1,1,1,1,1,1,1,1,1,1,1,1,1,1,1,1	0.0,0.0,0.0,0.0,0.0,0.0,0.0,0.0,0.0,0.0,0.0,0.0,0.0,0.0,0.0,0.0,0.0,0.0,0.0,0.0,0.0,0.0,0.0,0.0,0.0,0.0,0.0,0.0,0.0,0.0,0.0,0.0,0.0,0.0,0.0,0.0	0,0,0,0,0,0,0,0,0,0,0,0,0,0,0,0,0,0,0,0,0,0,0,0,0,0,0,0,0,0,0,0,0,0,0,0	2,2,2,2,2,2,2,2,2,2,2,2,1,1,1,1,1,1,1,1,1,1,1,1,1,1,1,1,1,1,1,1,1,1,1,1	1/13,1/14,2/15,2/16,3/17,3/18,4/19,4/20,5/21,5/22,6/23,6/24,7/25,7/26,8/27,8/28,9/29,9/30,10/31,10/32,11/33,11/34,12/35,12/36	13/1/14,15/2/16,17/3/18,19/4/20,21/5/22,23/6/24,25/7/26,27/8/28,29/9/30,31/10/32,33/11/34,35/12/36	-	-	1,2,3,4,5,6,7,8,9,10,11,12,1,1,2,2,3,3,4,4,5,5,6,6,7,7,8,8,9,9,10,10,11,11,12,12
maceoff_water_313	6,6,6,6,1,1,1,1,1,1,1,1	0.0,0.0,0.0,0.0,0.0,0.0,0.0,0.0,0.0,0.0,0.0,0.0	0,0,0,0,0,0,0,0,0,0,0,0	2,2,2,2,1,1,1,1,1,1,1,1	1/5,1/6,2/7,2/8,3/9,3/10,4/11,4/12	5/1/6,7/2/8,9/3/10,11/4/12	-	-	1,2,3,4,1,1,2,2,3,3,4,4
maceoff_water_314	6,6,6,6,6,6,6,6,6,6,6,6,6,6,6,6,6,6,6,6,6,6,6,6,6,1,1,1,1,1,1,1,1,1,1,1,1,1,1,1,1,1,1,1,1,1,1,1,1,1,1,1,1,1,1,1,1,1,1,1,1,1,1,1,1,1,1,1,1,1,1,1,1,1,1	0.0,0.0,0.0,0.0,0.0,0.0,0.0,0.0,0.0,0.0,0.0,0.0,0.0,0.0,0.0,0.0,0.0,0.0,0.0,0.0,0.0,0.0,0.0,0.0,0.0,0.0,0.0,0.0,0.0,0.0,0.0,0.0,0.0,0.0,0.0,0.0,0.0,0.0,0.0,0.0,0.0,0.0,0.0,0.0,0.0,0.0,0.0,0.0,0.0,0.0,0.0,0.0,0.0,0.0,0.0,0.0,0.0,0.0,0.0,0.0,0.0,0.0,0.0,0.0,0.0,0.0,0.0,0.0,0.0,0.0,0.0,0.0,0.0,0.0,0.0	0,0,0,0,0,0,0,0,0,0,0,0,0,0,0,0,0,0,0,0,0,0,0,0,0,0,0,0,0,0,0,0,0,0,0,0,0,0,0,0,0,0,0,0,0,0,0,0,0,0,0,0,0,0,0,0,0,0,0,0,0,0,0,0,0,0,0,0,0,0,0,0,0,0,0	2,2,2,2,2,2,2,2,2,2,2,2,2,2,2,2,2,2,2,2,2,2,2,2,2,1,1,1,1,1,1,1,1,1,1,1,1,1,1,1,1,1,1,1,1,1,1,1,1,1,1,1,1,1,1,1,1,1,1,1,1,1,1,1,1,1,1,1,1,1,1,1,1,1,1	1/26,1/27,2/28,2/29,3/30,3/31,4/32,4/33,5/34,5/35,6/36,6/37,7/38,7/39,8/40,8/41,9/42,9/43,10/44,10/45,11/46,11/47,12/48,12/49,13/50,13/51,14/52,14/53,15/54,15/55,16/56,16/57,17/58,17/59,18/60,18/61,19/62,19/63,20/64,20/65,21/66,21/67,22/68,22/69,23/70,23/71,24/72,24/73,25/74,25/75	26/1/27,28/2/29,30/3/31,32/4/33,34/5/35,36/6/37,38/7/39,40/8/41,42/9/43,44/10/45,46/11/47,48/12/49,50/13/51,52/14/53,54/15/55,56/16/57,58/17/59,60/18/61,62/19/63,64/20/65,66/21/67,68/22/69,70/23/71,72/24/73,74/25/75	-	-	1,2,3,4,5,6,7,8,9,10,11,12,13,14,15,16,17,18,19,20,21,22,23,24,25,1,1,2,2,3,3,4,4,5,5,6,6,7,7,8,8,9,9,10,10,11,11,12,12,13,13,14,14,15,15,16,16,17,17,18,18,19,19,20,20,21,21,22,22,23,23,24,24,25,25
maceoff_water_315	6,6,6,6,6,6,6,6,1,1,1,1,1,1,1,1,1,1,1,1,1,1,1,1	0.0,0.0,0.0,0.0,0.0,0.0,0.0,0.0,0.0,0.0,0.0,0.0,0.0,0.0,0.0,0.0,0.0,0.0,0.0,0.0,0.0,0.0,0.0,0.0	0,0,0,0,0,0,0,0,0,0,0,0,0,0,0,0,0,0,0,0,0,0,0,0	2,2,2,2,2,2,2,2,1,1,1,1,1,1,1,1,1,1,1,1,1,1,1,1	1/9,1/10,2/11,2/12,3/13,3/14,4/15,4/16,5/17,5/18,6/19,6/20,7/21,7/22,8/23,8/24	9/1/10,11/2/12,13/3/14,15/4/16,17/5/18,19/6/20,21/7/22,23/8/24	-	-	1,2,3,4,5,6,7,8,1,1,2,2,3,3,4,4,5,5,6,6,7,7,8,8
maceoff_water_316	6,1,1	0.0,0.0,0.0	0,0,0	2,1,1	1/2,1/3	2/1/3	-	-	1,1,1
maceoff_water_317	6,6,6,6,6,6,6,6,1,1,1,1,1,1,1,1,1,1,1,1,1,1,1,1	0.0,0.0,0.0,0.0,0.0,0.0,0.0,0.0,0.0,0.0,0.0,0.0,0.0,0.0,0.0,0.0,0.0,0.0,0.0,0.0,0.0,0.0,0.0,0.0	0,0,0,0,0,0,0,0,0,0,0,0,0,0,0,0,0,0,0,0,0,0,0,0	2,2,2,2,2,2,2,2,1,1,1,1,1,1,1,1,1,1,1,1,1,1,1,1	1/9,1/10,2/11,2/12,3/13,3/14,4/15,4/16,5/17,5/18,6/19,6/20,7/21,7/22,8/23,8/24	9/1/10,11/2/12,13/3/14,15/4/16,17/5/18,19/6/20,21/7/22,23/8/24	-	-	1,2,3,4,5,6,7,8,1,1,2,2,3,3,4,4,5,5,6,6,7,7,8,8
maceoff_water_318	6,1,1	0.0,0.0,0.0	0,0,0	2,1,1	1/2,1/3	2/1/3	-	-	1,1,1
maceoff_water_319	6,6,6,6,6,1,1,1,1,1,1,1,1,1,1	0.0,0.0,0.0,0.0,0.0,0.0,0.0,0.0,0.0,0.0,0.0,0.0,0.0,0.0,0.0	0,0,0,0,0,0,0,0,0,0,0,0,0,0,0	2,2,2,2,2,1,1,1,1,1,1,1,1,1,1	1/6,1/7,2/8,2/9,3/10,3/11,4/12,4/13,5/14,5/15	6/1/7,8/2/9,10/3/11,12/4/13,14/5/15	-	-	1,2,3,4,5,1,1,2,2,3,3,4,4,5,5
maceoff_water_320	6,1,1	0.0,0.0,0.0	0,0,0	2,1,1	1/2,1/3	2/1/3	-	-	1,1,1
maceoff_water_321	6,6,6,6,6,6,6,6,6,6,6,6,6,6,6,6,6,6,6,6,6,6,6,6,6,1,1,1,1,1,1,1,1,1,1,1,1,1,1,1,1,1,1,1,1,1,1,1,1,1,1,1,1,1,1,1,1,1,1,1,1,1,1,1,1,1,1,1,1,1,1,1,1,1,1	0.0,0.0,0.0,0.0,0.0,0.0,0.0,0.0,0.0,0.0,0.0,0.0,0.0,0.0,0.0,0.0,0.0,0.0,0.0,0.0,0.0,0.0,0.0,0.0,0.0,0.0,0.0,0.0,0.0,0.0,0.0,0.0,0.0,0.0,0.0,0.0,0.0,0.0,0.0,0.0,0.0,0.0,0.0,0.0,0.0,0.0,0.0,0.0,0.0,0.0,0.0,0.0,0.0,0.0,0.0,0.0,0.0,0.0,0.0,0.0,0.0,0.0,0.0,0.0,0.0,0.0,0.0,0.0,0.0,0.0,0.0,0.0,0.0,0.0,0.0	0,0,0,0,0,0,0,0,0,0,0,0,0,0,0,0,0,0,0,0,0,0,0,0,0,0,0,0,0,0,0,0,0,0,0,0,0,0,0,0,0,0,0,0,0,0,0,0,0,0,0,0,0,0,0,0,0,0,0,0,0,0,0,0,0,0,0,0,0,0,0,0,0,0,0	2,2,2,2,2,2,2,2,2,2,2,2,2,2,2,2,2,2,2,2,2,2,2,2,2,1,1,1,1,1,1,1,1,1,1,1,1,1,1,1,1,1,1,1,1,1,1,1,1,1,1,1,1,1,1,1,1,1,1,1,1,1,1,1,1,1,1,1,1,1,1,1,1,1,1	1/26,1/27,2/28,2/29,3/30,3/31,4/32,4/33,5/34,5/35,6/36,6/37,7/38,7/39,8/40,8/41,9/42,9/43,10/44,10/45,11/46,11/47,12/48,12/49,13/50,13/51,14/52,14/53,15/54,15/55,16/56,16/57,17/58,17/59,18/60,18/61,19/62,19/63,20/64,20/65,21/66,21/67,22/68,22/69,23/70,23/71,24/72,24/73,25/74,25/75	26/1/27,28/2/29,30/3/31,32/4/33,34/5/35,36/6/37,38/7/39,40/8/41,42/9/43,44/10/45,46/11/47,48/12/49,50/13/51,52/14/53,54/15/55,56/16/57,58/17/59,60/18/61,62/19/63,64/20/65,66/21/67,68/22/69,70/23/71,72/24/73,74/25/75	-	-	1,2,3,4,5,6,7,8,9,10,11,12,13,14,15,16,17,18,19,20,21,22,23,24,25,1,1,2,2,3,3,4,4,5,5,6,6,7,7,8,8,9,9,10,10,11,11,12,12,13,13,14,14,15,15,16,16,17,17,18,18,19,19,20,20,21,21,22,22,23,23,24,24,25,25
maceoff_water_322	6,6,6,6,6,6,6,1,1,1,1,1,1,1,1,1,1,1,1,1,1	0.0,0.0,0.0,0.0,0.0,0.0,0.0,0.0,0.0,0.0,0.0,0.0,0.0,0.0,0.0,0.0,0.0,0.0,0.0,0.0,0.0	0,0,0,0,0,0,0,0,0,0,0,0,0,0,0,0,0,0,0,0,0	2,2,2,2,2,2,2,1,1,1,1,1,1,1,1,1,1,1,1,1,1	1/8,1/9,2/10,2/11,3/12,3/13,4/14,4/15,5/16,5/17,6/18,6/19,7/20,7/21	8/1/9,10/2/11,12/3/13,14/4/15,16/5/17,18/6/19,20/7/21	-	-	1,2,3,4,5,6,7,1,1,2,2,3,3,4,4,5,5,6,6,7,7
maceoff_water_323	6,6,6,6,6,6,1,1,1,1,1,1,1,1,1,1,1,1	0.0,0.0,0.0,0.0,0.0,0.0,0.0,0.0,0.0,0.0,0.0,0.0,0.0,0.0,0.0,0.0,0.0,0.0	0,0,0,0,0,0,0,0,0,0,0,0,0,0,0,0,0,0	2,2,2,2,2,2,1,1,1,1,1,1,1,1,1,1,1,1	1/7,1/8,2/9,2/10,3/11,3/12,4/13,4/14,5/15,5/16,6/17,6/18	7/1/8,9/2/10,11/3/12,13/4/14,15/5/16,17/6/18	-	-	1,2,3,4,5,6,1,1,2,2,3,3,4,4,5,5,6,6
maceoff_water_324	6,6,6,6,6,6,6,6,6,6,6,6,6,6,6,6,6,6,6,6,6,6,6,6,6,1,1,1,1,1,1,1,1,1,1,1,1,1,1,1,1,1,1,1,1,1,1,1,1,1,1,1,1,1,1,1,1,1,1,1,1,1,1,1,1,1,1,1,1,1,1,1,1,1,1	0.0,0.0,0.0,0.0,0.0,0.0,0.0,0.0,0.0,0.0,0.0,0.0,0.0,0.0,0.0,0.0,0.0,0.0,0.0,0.0,0.0,0.0,0.0,0.0,0.0,0.0,0.0,0.0,0.0,0.0,0.0,0.0,0.0,0.0,0.0,0.0,0.0,0.0,0.0,0.0,0.0,0.0,0.0,0.0,0.0,0.0,0.0,0.0,0.0,0.0,0.0,0.0,0.0,0.0,0.0,0.0,0.0,0.0,0.0,0.0,0.0,0.0,0.0,0.0,0.0,0.0,0.0,0.0,0.0,0.0,0.0,0.0,0.0,0.0,0.0	0,0,0,0,0,0,0,0,0,0,0,0,0,0,0,0,0,0,0,0,0,0,0,0,0,0,0,0,0,0,0,0,0,0,0,0,0,0,0,0,0,0,0,0,0,0,0,0,0,0,0,0,0,0,0,0,0,0,0,0,0,0,0,0,0,0,0,0,0,0,0,0,0,0,0	2,2,2,2,2,2,2,2,2,2,2,2,2,2,2,2,2,2,2,2,2,2,2,2,2,1,1,1,1,1,1,1,1,1,1,1,1,1,1,1,1,1,1,1,1,1,1,1,1,1,1,1,1,1,1,1,1,1,1,1,1,1,1,1,1,1,1,1,1,1,1,1,1,1,1	1/26,1/27,2/28,2/29,3/30,3/31,4/32,4/33,5/34,5/35,6/36,6/37,7/38,7/39,8/40,8/41,9/42,9/43,10/44,10/45,11/46,11/47,12/48,12/49,13/50,13/51,14/52,14/53,15/54,15/55,16/56,16/57,17/58,17/59,18/60,18/61,19/62,19/63,20/64,20/65,21/66,21/67,22/68,22/69,23/70,23/71,24/72,24/73,25/74,25/75	26/1/27,28/2/29,30/3/31,32/4/33,34/5/35,36/6/37,38/7/39,40/8/41,42/9/43,44/10/45,46/11/47,48/12/49,50/13/51,52/14/53,54/15/55,56/16/57,58/17/59,60/18/61,62/19/63,64/20/65,66/21/67,68/22/69,70/23/71,72/24/73,74/25/75	-	-	1,2,3,4,5,6,7,8,9,10,11,12,13,14,15,16,17,18,19,20,21,22,23,24,25,1,1,2,2,3,3,4,4,5,5,6,6,7,7,8,8,9,9,10,10,11,11,12,12,13,13,14,14,15,15,16,16,17,17,18,18,19,19,20,20,21,21,22,22,23,23,24,24,25,25
maceoff_water_325	6,6,6,6,6,6,1,1,1,1,1,1,1,1,1,1,1,1	0.0,0.0,0.0,0.0,0.0,0.0,0.0,0.0,0.0,0.0,0.0,0.0,0.0,0.0,0.0,0.0,0.0,0.0	0,0,0,0,0,0,0,0,0,0,0,0,0,0,0,0,0,0	2,2,2,2,2,2,1,1,1,1,1,1,1,1,1,1,1,1	1/7,1/8,2/9,2/10,3/11,3/12,4/13,4/14,5/15,5/16,6/17,6/18	7/1/8,9/2/10,11/3/12,13/4/14,15/5/16,17/6/18	-	-	1,2,3,4,5,6,1,1,2,2,3,3,4,4,5,5,6,6
maceoff_water_326	6,6,6,6,6,6,6,6,6,1,1,1,1,1,1,1,1,1,1,1,1,1,1,1,1,1,1	0.0,0.0,0.0,0.0,0.0,0.0,0.0,0.0,0.0,0.0,0.0,0.0,0.0,0.0,0.0,0.0,0.0,0.0,0.0,0.0,0.0,0.0,0.0,0.0,0.0,0.0,0.0	0,0,0,0,0,0,0,0,0,0,0,0,0,0,0,0,0,0,0,0,0,0,0,0,0,0,0	2,2,2,2,2,2,2,2,2,1,1,1,1,1,1,1,1,1,1,1,1,1,1,1,1,1,1	1/10,1/11,2/12,2/13,3/14,3/15,4/16,4/17,5/18,5/19,6/20,6/21,7/22,7/23,8/24,8/25,9/26,9/27	10/1/11,12/2/13,14/3/15,16/4/17,18/5/19,20/6/21,22/7/23,24/8/25,26/9/27	-	-	1,2,3,4,5,6,7,8,9,1,1,2,2,3,3,4,4,5,5,6,6,7,7,8,8,9,9
maceoff_water_327	6,6,6,6,6,6,6,6,1,1,1,1,1,1,1,1,1,1,1,1,1,1,1,1	0.0,0.0,0.0,0.0,0.0,0.0,0.0,0.0,0.0,0.0,0.0,0.0,0.0,0.0,0.0,0.0,0.0,0.0,0.0,0.0,0.0,0.0,0.0,0.0	0,0,0,0,0,0,0,0,0,0,0,0,0,0,0,0,0,0,0,0,0,0,0,0	2,2,2,2,2,2,2,2,1,1,1,1,1,1,1,1,1,1,1,1,1,1,1,1	1/9,1/10,2/11,2/12,3/13,3/14,4/15,4/16,5/17,5/18,6/19,6/20,7/21,7/22,8/23,8/24	9/1/10,11/2/12,13/3/14,15/4/16,17/5/18,19/6/20,21/7/22,23/8/24	-	-	1,2,3,4,5,6,7,8,1,1,2,2,3,3,4,4,5,5,6,6,7,7,8,8
maceoff_water_328	6,6,6,6,6,6,6,6,6,6,6,1,1,1,1,1,1,1,1,1,1,1,1,1,1,1,1,1,1,1,1,1,1	0.0,0.0,0.0,0.0,0.0,0.0,0.0,0.0,0.0,0.0,0.0,0.0,0.0,0.0,0.0,0.0,0.0,0.0,0.0,0.0,0.0,0.0,0.0,0.0,0.0,0.0,0.0,0.0,0.0,0.0,0.0,0.0,0.0	0,0,0,0,0,0,0,0,0,0,0,0,0,0,0,0,0,0,0,0,0,0,0,0,0,0,0,0,0,0,0,0,0	2,2,2,2,2,2,2,2,2,2,2,1,1,1,1,1,1,1,1,1,1,1,1,1,1,1,1,1,1,1,1,1,1	1/12,1/13,2/14,2/15,3/16,3/17,4/18,4/19,5/20,5/21,6/22,6/23,7/24,7/25,8/26,8/27,9/28,9/29,10/30,10/31,11/32,11/33	12/1/13,14/2/15,16/3/17,18/4/19,20/5/21,22/6/23,24/7/25,26/8/27,28/9/29,30/10/31,32/11/33	-	-	1,2,3,4,5,6,7,8,9,10,11,1,1,2,2,3,3,4,4,5,5,6,6,7,7,8,8,9,9,10,10,11,11
maceoff_water_329	6,6,6,6,6,6,6,6,6,6,6,6,6,6,6,6,6,6,6,6,6,6,6,6,6,1,1,1,1,1,1,1,1,1,1,1,1,1,1,1,1,1,1,1,1,1,1,1,1,1,1,1,1,1,1,1,1,1,1,1,1,1,1,1,1,1,1,1,1,1,1,1,1,1,1	0.0,0.0,0.0,0.0,0.0,0.0,0.0,0.0,0.0,0.0,0.0,0.0,0.0,0.0,0.0,0.0,0.0,0.0,0.0,0.0,0.0,0.0,0.0,0.0,0.0,0.0,0.0,0.0,0.0,0.0,0.0,0.0,0.0,0.0,0.0,0.0,0.0,0.0,0.0,0.0,0.0,0.0,0.0,0.0,0.0,0.0,0.0,0.0,0.0,0.0,0.0,0.0,0.0,0.0,0.0,0.0,0.0,0.0,0.0,0.0,0.0,0.0,0.0,0.0,0.0,0.0,0.0,0.0,0.0,0.0,0.0,0.0,0.0,0.0,0.0	0,0,0,0,0,0,0,0,0,0,0,0,0,0,0,0,0,0,0,0,0,0,0,0,0,0,0,0,0,0,0,0,0,0,0,0,0,0,0,0,0,0,0,0,0,0,0,0,0,0,0,0,0,0,0,0,0,0,0,0,0,0,0,0,0,0,0,0,0,0,0,0,0,0,0	2,2,2,2,2,2,2,2,2,2,2,2,2,2,2,2,2,2,2,2,2,2,2,2,2,1,1,1,1,1,1,1,1,1,1,1,1,1,1,1,1,1,1,1,1,1,1,1,1,1,1,1,1,1,1,1,1,1,1,1,1,1,1,1,1,1,1,1,1,1,1,1,1,1,1	1/26,1/27,2/28,2/29,3/30,3/31,4/32,4/33,5/34,5/35,6/36,6/37,7/38,7/39,8/40,8/41,9/42,9/43,10/44,10/45,11/46,11/47,12/48,12/49,13/50,13/51,14/52,14/53,15/54,15/55,16/56,16/57,17/58,17/59,18/60,18/61,19/62,19/63,20/64,20/65,21/66,21/67,22/68,22/69,23/70,23/71,24/72,24/73,25/74,25/75	26/1/27,28/2/29,30/3/31,32/4/33,34/5/35,36/6/37,38/7/39,40/8/41,42/9/43,44/10/45,46/11/47,48/12/49,50/13/51,52/14/53,54/15/55,56/16/57,58/17/59,60/18/61,62/19/63,64/20/65,66/21/67,68/22/69,70/23/71,72/24/73,74/25/75	-	-	1,2,3,4,5,6,7,8,9,10,11,12,13,14,15,16,17,18,19,20,21,22,23,24,25,1,1,2,2,3,3,4,4,5,5,6,6,7,7,8,8,9,9,10,10,11,11,12,12,13,13,14,14,15,15,16,16,17,17,18,18,19,19,20,20,21,21,22,22,23,23,24,24,25,25
maceoff_water_330	6,6,6,6,1,1,1,1,1,1,1,1	0.0,0.0,0.0,0.0,0.0,0.0,0.0,0.0,0.0,0.0,0.0,0.0	0,0,0,0,0,0,0,0,0,0,0,0	2,2,2,2,1,1,1,1,1,1,1,1	1/5,1/6,2/7,2/8,3/9,3/10,4/11,4/12	5/1/6,7/2/8,9/3/10,11/4/12	-	-	1,2,3,4,1,1,2,2,3,3,4,4
maceoff_water_331	6,6,6,6,6,6,6,6,1,1,1,1,1,1,1,1,1,1,1,1,1,1,1,1	0.0,0.0,0.0,0.0,0.0,0.0,0.0,0.0,0.0,0.0,0.0,0.0,0.0,0.0,0.0,0.0,0.0,0.0,0.0,0.0,0.0,0.0,0.0,0.0	0,0,0,0,0,0,0,0,0,0,0,0,0,0,0,0,0,0,0,0,0,0,0,0	2,2,2,2,2,2,2,2,1,1,1,1,1,1,1,1,1,1,1,1,1,1,1,1	1/9,1/10,2/11,2/12,3/13,3/14,4/15,4/16,5/17,5/18,6/19,6/20,7/21,7/22,8/23,8/24	9/1/10,11/2/12,13/3/14,15/4/16,17/5/18,19/6/20,21/7/22,23/8/24	-	-	1,2,3,4,5,6,7,8,1,1,2,2,3,3,4,4,5,5,6,6,7,7,8,8
maceoff_water_332	6,6,6,6,6,6,6,1,1,1,1,1,1,1,1,1,1,1,1,1,1	0.0,0.0,0.0,0.0,0.0,0.0,0.0,0.0,0.0,0.0,0.0,0.0,0.0,0.0,0.0,0.0,0.0,0.0,0.0,0.0,0.0	0,0,0,0,0,0,0,0,0,0,0,0,0,0,0,0,0,0,0,0,0	2,2,2,2,2,2,2,1,1,1,1,1,1,1,1,1,1,1,1,1,1	1/8,1/9,2/10,2/11,3/12,3/13,4/14,4/15,5/16,5/17,6/18,6/19,7/20,7/21	8/1/9,10/2/11,12/3/13,14/4/15,16/5/17,18/6/19,20/7/21	-	-	1,2,3,4,5,6,7,1,1,2,2,3,3,4,4,5,5,6,6,7,7
maceoff_water_333	6,1,1	0.0,0.0,0.0	0,0,0	2,1,1	1/2,1/3	2/1/3	-	-	1,1,1
maceoff_water_334	6,6,6,6,6,6,1,1,1,1,1,1,1,1,1,1,1,1	0.0,0.0,0.0,0.0,0.0,0.0,0.0,0.0,0.0,0.0,0.0,0.0,0.0,0.0,0.0,0.0,0.0,0.0	0,0,0,0,0,0,0,0,0,0,0,0,0,0,0,0,0,0	2,2,2,2,2,2,1,1,1,1,1,1,1,1,1,1,1,1	1/7,1/8,2/9,2/10,3/11,3/12,4/13,4/14,5/15,5/16,6/17,6/18	7/1/8,9/2/10,11/3/12,13/4/14,15/5/16,17/6/18	-	-	1,2,3,4,5,6,1,1,2,2,3,3,4,4,5,5,6,6
maceoff_water_335	6,6,6,6,6,6,1,1,1,1,1,1,1,1,1,1,1,1	0.0,0.0,0.0,0.0,0.0,0.0,0.0,0.0,0.0,0.0,0.0,0.0,0.0,0.0,0.0,0.0,0.0,0.0	0,0,0,0,0,0,0,0,0,0,0,0,0,0,0,0,0,0	2,2,2,2,2,2,1,1,1,1,1,1,1,1,1,1,1,1	1/7,1/8,2/9,2/10,3/11,3/12,4/13,4/14,5/15,5/16,6/17,6/18	7/1/8,9/2/10,11/3/12,13/4/14,15/5/16,17/6/18	-	-	1,2,3,4,5,6,1,1,2,2,3,3,4,4,5,5,6,6
maceoff_water_336	6,6,6,6,6,6,6,6,1,1,1,1,1,1,1,1,1,1,1,1,1,1,1,1	0.0,0.0,0.0,0.0,0.0,0.0,0.0,0.0,0.0,0.0,0.0,0.0,0.0,0.0,0.0,0.0,0.0,0.0,0.0,0.0,0.0,0.0,0.0,0.0	0,0,0,0,0,0,0,0,0,0,0,0,0,0,0,0,0,0,0,0,0,0,0,0	2,2,2,2,2,2,2,2,1,1,1,1,1,1,1,1,1,1,1,1,1,1,1,1	1/9,1/10,2/11,2/12,3/13,3/14,4/15,4/16,5/17,5/18,6/19,6/20,7/21,7/22,8/23,8/24	9/1/10,11/2/12,13/3/14,15/4/16,17/5/18,19/6/20,21/7/22,23/8/24	-	-	1,2,3,4,5,6,7,8,1,1,2,2,3,3,4,4,5,5,6,6,7,7,8,8
maceoff_water_337	6,6,1,1,1,1	0.0,0.0,0.0,0.0,0.0,0.0	0,0,0,0,0,0	2,2,1,1,1,1	1/3,1/4,2/5,2/6	3/1/4,5/2/6	-	-	1,2,1,1,2,2
maceoff_water_338	6,6,6,6,6,6,6,1,1,1,1,1,1,1,1,1,1,1,1,1,1	0.0,0.0,0.0,0.0,0.0,0.0,0.0,0.0,0.0,0.0,0.0,0.0,0.0,0.0,0.0,0.0,0.0,0.0,0.0,0.0,0.0	0,0,0,0,0,0,0,0,0,0,0,0,0,0,0,0,0,0,0,0,0	2,2,2,2,2,2,2,1,1,1,1,1,1,1,1,1,1,1,1,1,1	1/8,1/9,2/10,2/11,3/12,3/13,4/14,4/15,5/16,5/17,6/18,6/19,7/20,7/21	8/1/9,10/2/11,12/3/13,14/4/15,16/5/17,18/6/19,20/7/21	-	-	1,2,3,4,5,6,7,1,1,2,2,3,3,4,4,5,5,6,6,7,7
maceoff_water_339	6,6,6,6,6,6,1,1,1,1,1,1,1,1,1,1,1,1	0.0,0.0,0.0,0.0,0.0,0.0,0.0,0.0,0.0,0.0,0.0,0.0,0.0,0.0,0.0,0.0,0.0,0.0	0,0,0,0,0,0,0,0,0,0,0,0,0,0,0,0,0,0	2,2,2,2,2,2,1,1,1,1,1,1,1,1,1,1,1,1	1/7,1/8,2/9,2/10,3/11,3/12,4/13,4/14,5/15,5/16,6/17,6/18	7/1/8,9/2/10,11/3/12,13/4/14,15/5/16,17/6/18	-	-	1,2,3,4,5,6,1,1,2,2,3,3,4,4,5,5,6,6
maceoff_water_340	6,6,6,6,6,6,6,6,6,6,6,6,1,1,1,1,1,1,1,1,1,1,1,1,1,1,1,1,1,1,1,1,1,1,1,1	0.0,0.0,0.0,0.0,0.0,0.0,0.0,0.0,0.0,0.0,0.0,0.0,0.0,0.0,0.0,0.0,0.0,0.0,0.0,0.0,0.0,0.0,0.0,0.0,0.0,0.0,0.0,0.0,0.0,0.0,0.0,0.0,0.0,0.0,0.0,0.0	0,0,0,0,0,0,0,0,0,0,0,0,0,0,0,0,0,0,0,0,0,0,0,0,0,0,0,0,0,0,0,0,0,0,0,0	2,2,2,2,2,2,2,2,2,2,2,2,1,1,1,1,1,1,1,1,1,1,1,1,1,1,1,1,1,1,1,1,1,1,1,1	1/13,1/14,2/15,2/16,3/17,3/18,4/19,4/20,5/21,5/22,6/23,6/24,7/25,7/26,8/27,8/28,9/29,9/30,10/31,10/32,11/33,11/34,12/35,12/36	13/1/14,15/2/16,17/3/18,19/4/20,21/5/22,23/6/24,25/7/26,27/8/28,29/9/30,31/10/32,33/11/34,35/12/36	-	-	1,2,3,4,5,6,7,8,9,10,11,12,1,1,2,2,3,3,4,4,5,5,6,6,7,7,8,8,9,9,10,10,11,11,12,12
maceoff_water_341	6,6,6,6,6,6,6,1,1,1,1,1,1,1,1,1,1,1,1,1,1	0.0,0.0,0.0,0.0,0.0,0.0,0.0,0.0,0.0,0.0,0.0,0.0,0.0,0.0,0.0,0.0,0.0,0.0,0.0,0.0,0.0	0,0,0,0,0,0,0,0,0,0,0,0,0,0,0,0,0,0,0,0,0	2,2,2,2,2,2,2,1,1,1,1,1,1,1,1,1,1,1,1,1,1	1/8,1/9,2/10,2/11,3/12,3/13,4/14,4/15,5/16,5/17,6/18,6/19,7/20,7/21	8/1/9,10/2/11,12/3/13,14/4/15,16/5/17,18/6/19,20/7/21	-	-	1,2,3,4,5,6,7,1,1,2,2,3,3,4,4,5,5,6,6,7,7
maceoff_water_342	6,6,6,6,6,6,6,6,1,1,1,1,1,1,1,1,1,1,1,1,1,1,1,1	0.0,0.0,0.0,0.0,0.0,0.0,0.0,0.0,0.0,0.0,0.0,0.0,0.0,0.0,0.0,0.0,0.0,0.0,0.0,0.0,0.0,0.0,0.0,0.0	0,0,0,0,0,0,0,0,0,0,0,0,0,0,0,0,0,0,0,0,0,0,0,0	2,2,2,2,2,2,2,2,1,1,1,1,1,1,1,1,1,1,1,1,1,1,1,1	1/9,1/10,2/11,2/12,3/13,3/14,4/15,4/16,5/17,5/18,6/19,6/20,7/21,7/22,8/23,8/24	9/1/10,11/2/12,13/3/14,15/4/16,17/5/18,19/6/20,21/7/22,23/8/24	-	-	1,2,3,4,5,6,7,8,1,1,2,2,3,3,4,4,5,5,6,6,7,7,8,8
maceoff_water_343	6,1,1	0.0,0.0,0.0	0,0,0	2,1,1	1/2,1/3	2/1/3	-	-	1,1,1
maceoff_water_344	6,6,6,6,6,6,6,6,6,6,1,1,1,1,1,1,1,1,1,1,1,1,1,1,1,1,1,1,1,1	0.0,0.0,0.0,0.0,0.0,0.0,0.0,0.0,0.0,0.0,0.0,0.0,0.0,0.0,0.0,0.0,0.0,0.0,0.0,0.0,0.0,0.0,0.0,0.0,0.0,0.0,0.0,0.0,0.0,0.0	0,0,0,0,0,0,0,0,0,0,0,0,0,0,0,0,0,0,0,0,0,0,0,0,0,0,0,0,0,0	2,2,2,2,2,2,2,2,2,2,1,1,1,1,1,1,1,1,1,1,1,1,1,1,1,1,1,1,1,1	1/11,1/12,2/13,2/14,3/15,3/16,4/17,4/18,5/19,5/20,6/21,6/22,7/23,7/24,8/25,8/26,9/27,9/28,10/29,10/30	11/1/12,13/2/14,15/3/16,17/4/18,19/5/20,21/6/22,23/7/24,25/8/26,27/9/28,29/10/30	-	-	1,2,3,4,5,6,7,8,9,10,1,1,2,2,3,3,4,4,5,5,6,6,7,7,8,8,9,9,10,10
maceoff_water_345	6,6,6,6,1,1,1,1,1,1,1,1	0.0,0.0,0.0,0.0,0.0,0.0,0.0,0.0,0.0,0.0,0.0,0.0	0,0,0,0,0,0,0,0,0,0,0,0	2,2,2,2,1,1,1,1,1,1,1,1	1/5,1/6,2/7,2/8,3/9,3/10,4/11,4/12	5/1/6,7/2/8,9/3/10,11/4/12	-	-	1,2,3,4,1,1,2,2,3,3,4,4
maceoff_water_346	6,6,6,6,6,6,6,6,6,6,6,6,6,6,6,6,6,6,6,6,6,6,6,6,6,6,6,6,6,6,6,6,6,6,6,6,6,6,6,6,6,6,6,6,6,6,6,6,6,6,1,1,1,1,1,1,1,1,1,1,1,1,1,1,1,1,1,1,1,1,1,1,1,1,1,1,1,1,1,1,1,1,1,1,1,1,1,1,1,1,1,1,1,1,1,1,1,1,1,1,1,1,1,1,1,1,1,1,1,1,1,1,1,1,1,1,1,1,1,1,1,1,1,1,1,1,1,1,1,1,1,1,1,1,1,1,1,1,1,1,1,1,1,1,1,1,1,1,1,1	0.0,0.0,0.0,0.0,0.0,0.0,0.0,0.0,0.0,0.0,0.0,0.0,0.0,0.0,0.0,0.0,0.0,0.0,0.0,0.0,0.0,0.0,0.0,0.0,0.0,0.0,0.0,0.0,0.0,0.0,0.0,0.0,0.0,0.0,0.0,0.0,0.0,0.0,0.0,0.0,0.0,0.0,0.0,0.0,0.0,0.0,0.0,0.0,0.0,0.0,0.0,0.0,0.0,0.0,0.0,0.0,0.0,0.0,0.0,0.0,0.0,0.0,0.0,0.0,0.0,0.0,0.0,0.0,0.0,0.0,0.0,0.0,0.0,0.0,0.0,0.0,0.0,0.0,0.0,0.0,0.0,0.0,0.0,0.0,0.0,0.0,0.0,0.0,0.0,0.0,0.0,0.0,0.0,0.0,0.0,0.0,0.0,0.0,0.0,0.0,0.0,0.0,0.0,0.0,0.0,0.0,0.0,0.0,0.0,0.0,0.0,0.0,0.0,0.0,0.0,0.0,0.0,0.0,0.0,0.0,0.0,0.0,0.0,0.0,0.0,0.0,0.0,0.0,0.0,0.0,0.0,0.0,0.0,0.0,0.0,0.0,0.0,0.0,0.0,0.0,0.0,0.0,0.0,0.0,0.0,0.0,0.0,0.0,0.0,0.0	0,0,0,0,0,0,0,0,0,0,0,0,0,0,0,0,0,0,0,0,0,0,0,0,0,0,0,0,0,0,0,0,0,0,0,0,0,0,0,0,0,0,0,0,0,0,0,0,0,0,0,0,0,0,0,0,0,0,0,0,0,0,0,0,0,0,0,0,0,0,0,0,0,0,0,0,0,0,0,0,0,0,0,0,0,0,0,0,0,0,0,0,0,0,0,0,0,0,0,0,0,0,0,0,0,0,0,0,0,0,0,0,0,0,0,0,0,0,0,0,0,0,0,0,0,0,0,0,0,0,0,0,0,0,0,0,0,0,0,0,0,0,0,0,0,0,0,0,0,0	2,2,2,2,2,2,2,2,2,2,2,2,2,2,2,2,2,2,2,2,2,2,2,2,2,2,2,2,2,2,2,2,2,2,2,2,2,2,2,2,2,2,2,2,2,2,2,2,2,2,1,1,1,1,1,1,1,1,1,1,1,1,1,1,1,1,1,1,1,1,1,1,1,1,1,1,1,1,1,1,1,1,1,1,1,1,1,1,1,1,1,1,1,1,1,1,1,1,1,1,1,1,1,1,1,1,1,1,1,1,1,1,1,1,1,1,1,1,1,1,1,1,1,1,1,1,1,1,1,1,1,1,1,1,1,1,1,1,1,1,1,1,1,1,1,1,1,1,1,1	1/51,1/52,2/53,2/54,3/55,3/56,4/57,4/58,5/59,5/60,6/61,6/62,7/63,7/64,8/65,8/66,9/67,9/68,10/69,10/70,11/71,11/72,12/73,12/74,13/75,13/76,14/77,14/78,15/79,15/80,16/81,16/82,17/83,17/84,18/85,18/86,19/87,19/88,20/89,20/90,21/91,21/92,22/93,22/94,23/95,23/96,24/97,24/98,25/99,25/100,26/101,26/102,27/103,27/104,28/105,28/106,29/107,29/108,30/109,30/110,31/111,31/112,32/113,32/114,33/115,33/116,34/117,34/118,35/119,35/120,36/121,36/122,37/123,37/124,38/125,38/126,39/127,39/128,40/129,40/130,41/131,41/132,42/133,42/134,43/135,43/136,44/137,44/138,45/139,45/140,46/141,46/142,47/143,47/144,48/145,48/146,49/147,49/148,50/149,50/150	51/1/52,53/2/54,55/3/56,57/4/58,59/5/60,61/6/62,63/7/64,65/8/66,67/9/68,69/10/70,71/11/72,73/12/74,75/13/76,77/14/78,79/15/80,81/16/82,83/17/84,85/18/86,87/19/88,89/20/90,91/21/92,93/22/94,95/23/96,97/24/98,99/25/100,101/26/102,103/27/104,105/28/106,107/29/108,109/30/110,111/31/112,113/32/114,115/33/116,117/34/118,119/35/120,121/36/122,123/37/124,125/38/126,127/39/128,129/40/130,131/41/132,133/42/134,135/43/136,137/44/138,139/45/140,141/46/142,143/47/144,145/48/146,147/49/148,149/50/150	-	-	1,2,3,4,5,6,7,8,9,10,11,12,13,14,15,16,17,18,19,20,21,22,23,24,25,26,27,28,29,30,31,32,33,34,35,36,37,38,39,40,41,42,43,44,45,46,47,48,49,50,1,1,2,2,3,3,4,4,5,5,6,6,7,7,8,8,9,9,10,10,11,11,12,12,13,13,14,14,15,15,16,16,17,17,18,18,19,19,20,20,21,21,22,22,23,23,24,24,25,25,26,26,27,27,28,28,29,29,30,30,31,31,32,32,33,33,34,34,35,35,36,36,37,37,38,38,39,39,40,40,41,41,42,42,43,43,44,44,45,45,46,46,47,47,48,48,49,49,50,50
maceoff_water_347	6,6,6,6,6,6,1,1,1,1,1,1,1,1,1,1,1,1	0.0,0.0,0.0,0.0,0.0,0.0,0.0,0.0,0.0,0.0,0.0,0.0,0.0,0.0,0.0,0.0,0.0,0.0	0,0,0,0,0,0,0,0,0,0,0,0,0,0,0,0,0,0	2,2,2,2,2,2,1,1,1,1,1,1,1,1,1,1,1,1	1/7,1/8,2/9,2/10,3/11,3/12,4/13,4/14,5/15,5/16,6/17,6/18	7/1/8,9/2/10,11/3/12,13/4/14,15/5/16,17/6/18	-	-	1,2,3,4,5,6,1,1,2,2,3,3,4,4,5,5,6,6
maceoff_water_348	6,6,6,6,6,1,1,1,1,1,1,1,1,1,1	0.0,0.0,0.0,0.0,0.0,0.0,0.0,0.0,0.0,0.0,0.0,0.0,0.0,0.0,0.0	0,0,0,0,0,0,0,0,0,0,0,0,0,0,0	2,2,2,2,2,1,1,1,1,1,1,1,1,1,1	1/6,1/7,2/8,2/9,3/10,3/11,4/12,4/13,5/14,5/15	6/1/7,8/2/9,10/3/11,12/4/13,14/5/15	-	-	1,2,3,4,5,1,1,2,2,3,3,4,4,5,5
maceoff_water_349	6,6,6,6,6,1,1,1,1,1,1,1,1,1,1	0.0,0.0,0.0,0.0,0.0,0.0,0.0,0.0,0.0,0.0,0.0,0.0,0.0,0.0,0.0	0,0,0,0,0,0,0,0,0,0,0,0,0,0,0	2,2,2,2,2,1,1,1,1,1,1,1,1,1,1	1/6,1/7,2/8,2/9,3/10,3/11,4/12,4/13,5/14,5/15	6/1/7,8/2/9,10/3/11,12/4/13,14/5/15	-	-	1,2,3,4,5,1,1,2,2,3,3,4,4,5,5
maceoff_water_350	6,6,6,6,1,1,1,1,1,1,1,1	0.0,0.0,0.0,0.0,0.0,0.0,0.0,0.0,0.0,0.0,0.0,0.0	0,0,0,0,0,0,0,0,0,0,0,0	2,2,2,2,1,1,1,1,1,1,1,1	1/5,1/6,2/7,2/8,3/9,3/10,4/11,4/12	5/1/6,7/2/8,9/3/10,11/4/12	-	-	1,2,3,4,1,1,2,2,3,3,4,4
maceoff_water_351	6,1,1	0.0,0.0,0.0	0,0,0	2,1,1	1/2,1/3	2/1/3	-	-	1,1,1
maceoff_water_352	6,6,6,6,6,1,1,1,1,1,1,1,1,1,1	0.0,0.0,0.0,0.0,0.0,0.0,0.0,0.0,0.0,0.0,0.0,0.0,0.0,0.0,0.0	0,0,0,0,0,0,0,0,0,0,0,0,0,0,0	2,2,2,2,2,1,1,1,1,1,1,1,1,1,1	1/6,1/7,2/8,2/9,3/10,3/11,4/12,4/13,5/14,5/15	6/1/7,8/2/9,10/3/11,12/4/13,14/5/15	-	-	1,2,3,4,5,1,1,2,2,3,3,4,4,5,5
maceoff_water_353	6,6,6,6,6,6,6,6,6,6,6,6,1,1,1,1,1,1,1,1,1,1,1,1,1,1,1,1,1,1,1,1,1,1,1,1	0.0,0.0,0.0,0.0,0.0,0.0,0.0,0.0,0.0,0.0,0.0,0.0,0.0,0.0,0.0,0.0,0.0,0.0,0.0,0.0,0.0,0.0,0.0,0.0,0.0,0.0,0.0,0.0,0.0,0.0,0.0,0.0,0.0,0.0,0.0,0.0	0,0,0,0,0,0,0,0,0,0,0,0,0,0,0,0,0,0,0,0,0,0,0,0,0,0,0,0,0,0,0,0,0,0,0,0	2,2,2,2,2,2,2,2,2,2,2,2,1,1,1,1,1,1,1,1,1,1,1,1,1,1,1,1,1,1,1,1,1,1,1,1	1/13,1/14,2/15,2/16,3/17,3/18,4/19,4/20,5/21,5/22,6/23,6/24,7/25,7/26,8/27,8/28,9/29,9/30,10/31,10/32,11/33,11/34,12/35,12/36	13/1/14,15/2/16,17/3/18,19/4/20,21/5/22,23/6/24,25/7/26,27/8/28,29/9/30,31/10/32,33/11/34,35/12/36	-	-	1,2,3,4,5,6,7,8,9,10,11,12,1,1,2,2,3,3,4,4,5,5,6,6,7,7,8,8,9,9,10,10,11,11,12,12
maceoff_water_354	6,6,6,6,6,6,1,1,1,1,1,1,1,1,1,1,1,1	0.0,0.0,0.0,0.0,0.0,0.0,0.0,0.0,0.0,0.0,0.0,0.0,0.0,0.0,0.0,0.0,0.0,0.0	0,0,0,0,0,0,0,0,0,0,0,0,0,0,0,0,0,0	2,2,2,2,2,2,1,1,1,1,1,1,1,1,1,1,1,1	1/7,1/8,2/9,2/10,3/11,3/12,4/13,4/14,5/15,5/16,6/17,6/18	7/1/8,9/2/10,11/3/12,13/4/14,15/5/16,17/6/18	-	-	1,2,3,4,5,6,1,1,2,2,3,3,4,4,5,5,6,6
maceoff_water_355	6,6,6,6,6,6,6,6,6,6,6,1,1,1,1,1,1,1,1,1,1,1,1,1,1,1,1,1,1,1,1,1,1	0.0,0.0,0.0,0.0,0.0,0.0,0.0,0.0,0.0,0.0,0.0,0.0,0.0,0.0,0.0,0.0,0.0,0.0,0.0,0.0,0.0,0.0,0.0,0.0,0.0,0.0,0.0,0.0,0.0,0.0,0.0,0.0,0.0	0,0,0,0,0,0,0,0,0,0,0,0,0,0,0,0,0,0,0,0,0,0,0,0,0,0,0,0,0,0,0,0,0	2,2,2,2,2,2,2,2,2,2,2,1,1,1,1,1,1,1,1,1,1,1,1,1,1,1,1,1,1,1,1,1,1	1/12,1/13,2/14,2/15,3/16,3/17,4/18,4/19,5/20,5/21,6/22,6/23,7/24,7/25,8/26,8/27,9/28,9/29,10/30,10/31,11/32,11/33	12/1/13,14/2/15,16/3/17,18/4/19,20/5/21,22/6/23,24/7/25,26/8/27,28/9/29,30/10/31,32/11/33	-	-	1,2,3,4,5,6,7,8,9,10,11,1,1,2,2,3,3,4,4,5,5,6,6,7,7,8,8,9,9,10,10,11,11
maceoff_water_356	6,1,1	0.0,0.0,0.0	0,0,0	2,1,1	1/2,1/3	2/1/3	-	-	1,1,1
maceoff_water_357	6,6,6,6,6,6,6,6,6,6,6,6,1,1,1,1,1,1,1,1,1,1,1,1,1,1,1,1,1,1,1,1,1,1,1,1	0.0,0.0,0.0,0.0,0.0,0.0,0.0,0.0,0.0,0.0,0.0,0.0,0.0,0.0,0.0,0.0,0.0,0.0,0.0,0.0,0.0,0.0,0.0,0.0,0.0,0.0,0.0,0.0,0.0,0.0,0.0,0.0,0.0,0.0,0.0,0.0	0,0,0,0,0,0,0,0,0,0,0,0,0,0,0,0,0,0,0,0,0,0,0,0,0,0,0,0,0,0,0,0,0,0,0,0	2,2,2,2,2,2,2,2,2,2,2,2,1,1,1,1,1,1,1,1,1,1,1,1,1,1,1,1,1,1,1,1,1,1,1,1	1/13,1/14,2/15,2/16,3/17,3/18,4/19,4/20,5/21,5/22,6/23,6/24,7/25,7/26,8/27,8/28,9/29,9/30,10/31,10/32,11/33,11/34,12/35,12/36	13/1/14,15/2/16,17/3/18,19/4/20,21/5/22,23/6/24,25/7/26,27/8/28,29/9/30,31/10/32,33/11/34,35/12/36	-	-	1,2,3,4,5,6,7,8,9,10,11,12,1,1,2,2,3,3,4,4,5,5,6,6,7,7,8,8,9,9,10,10,11,11,12,12
maceoff_water_358	6,6,6,6,6,6,6,6,6,1,1,1,1,1,1,1,1,1,1,1,1,1,1,1,1,1,1	0.0,0.0,0.0,0.0,0.0,0.0,0.0,0.0,0.0,0.0,0.0,0.0,0.0,0.0,0.0,0.0,0.0,0.0,0.0,0.0,0.0,0.0,0.0,0.0,0.0,0.0,0.0	0,0,0,0,0,0,0,0,0,0,0,0,0,0,0,0,0,0,0,0,0,0,0,0,0,0,0	2,2,2,2,2,2,2,2,2,1,1,1,1,1,1,1,1,1,1,1,1,1,1,1,1,1,1	1/10,1/11,2/12,2/13,3/14,3/15,4/16,4/17,5/18,5/19,6/20,6/21,7/22,7/23,8/24,8/25,9/26,9/27	10/1/11,12/2/13,14/3/15,16/4/17,18/5/19,20/6/21,22/7/23,24/8/25,26/9/27	-	-	1,2,3,4,5,6,7,8,9,1,1,2,2,3,3,4,4,5,5,6,6,7,7,8,8,9,9
maceoff_water_359	6,6,6,6,6,6,1,1,1,1,1,1,1,1,1,1,1,1	0.0,0.0,0.0,0.0,0.0,0.0,0.0,0.0,0.0,0.0,0.0,0.0,0.0,0.0,0.0,0.0,0.0,0.0	0,0,0,0,0,0,0,0,0,0,0,0,0,0,0,0,0,0	2,2,2,2,2,2,1,1,1,1,1,1,1,1,1,1,1,1	1/7,1/8,2/9,2/10,3/11,3/12,4/13,4/14,5/15,5/16,6/17,6/18	7/1/8,9/2/10,11/3/12,13/4/14,15/5/16,17/6/18	-	-	1,2,3,4,5,6,1,1,2,2,3,3,4,4,5,5,6,6
maceoff_water_360	6,6,6,6,6,6,6,1,1,1,1,1,1,1,1,1,1,1,1,1,1	0.0,0.0,0.0,0.0,0.0,0.0,0.0,0.0,0.0,0.0,0.0,0.0,0.0,0.0,0.0,0.0,0.0,0.0,0.0,0.0,0.0	0,0,0,0,0,0,0,0,0,0,0,0,0,0,0,0,0,0,0,0,0	2,2,2,2,2,2,2,1,1,1,1,1,1,1,1,1,1,1,1,1,1	1/8,1/9,2/10,2/11,3/12,3/13,4/14,4/15,5/16,5/17,6/18,6/19,7/20,7/21	8/1/9,10/2/11,12/3/13,14/4/15,16/5/17,18/6/19,20/7/21	-	-	1,2,3,4,5,6,7,1,1,2,2,3,3,4,4,5,5,6,6,7,7
maceoff_water_361	6,6,6,6,6,6,6,6,1,1,1,1,1,1,1,1,1,1,1,1,1,1,1,1	0.0,0.0,0.0,0.0,0.0,0.0,0.0,0.0,0.0,0.0,0.0,0.0,0.0,0.0,0.0,0.0,0.0,0.0,0.0,0.0,0.0,0.0,0.0,0.0	0,0,0,0,0,0,0,0,0,0,0,0,0,0,0,0,0,0,0,0,0,0,0,0	2,2,2,2,2,2,2,2,1,1,1,1,1,1,1,1,1,1,1,1,1,1,1,1	1/9,1/10,2/11,2/12,3/13,3/14,4/15,4/16,5/17,5/18,6/19,6/20,7/21,7/22,8/23,8/24	9/1/10,11/2/12,13/3/14,15/4/16,17/5/18,19/6/20,21/7/22,23/8/24	-	-	1,2,3,4,5,6,7,8,1,1,2,2,3,3,4,4,5,5,6,6,7,7,8,8
maceoff_water_362	6,6,6,6,6,6,1,1,1,1,1,1,1,1,1,1,1,1	0.0,0.0,0.0,0.0,0.0,0.0,0.0,0.0,0.0,0.0,0.0,0.0,0.0,0.0,0.0,0.0,0.0,0.0	0,0,0,0,0,0,0,0,0,0,0,0,0,0,0,0,0,0	2,2,2,2,2,2,1,1,1,1,1,1,1,1,1,1,1,1	1/7,1/8,2/9,2/10,3/11,3/12,4/13,4/14,5/15,5/16,6/17,6/18	7/1/8,9/2/10,11/3/12,13/4/14,15/5/16,17/6/18	-	-	1,2,3,4,5,6,1,1,2,2,3,3,4,4,5,5,6,6
maceoff_water_363	6,6,6,1,1,1,1,1,1	0.0,0.0,0.0,0.0,0.0,0.0,0.0,0.0,0.0	0,0,0,0,0,0,0,0,0	2,2,2,1,1,1,1,1,1	1/4,1/5,2/6,2/7,3/8,3/9	4/1/5,6/2/7,8/3/9	-	-	1,2,3,1,1,2,2,3,3
maceoff_water_364	6,6,1,1,1,1	0.0,0.0,0.0,0.0,0.0,0.0	0,0,0,0,0,0	2,2,1,1,1,1	1/3,1/4,2/5,2/6	3/1/4,5/2/6	-	-	1,2,1,1,2,2
maceoff_water_365	6,6,6,6,6,6,6,6,1,1,1,1,1,1,1,1,1,1,1,1,1,1,1,1	0.0,0.0,0.0,0.0,0.0,0.0,0.0,0.0,0.0,0.0,0.0,0.0,0.0,0.0,0.0,0.0,0.0,0.0,0.0,0.0,0.0,0.0,0.0,0.0	0,0,0,0,0,0,0,0,0,0,0,0,0,0,0,0,0,0,0,0,0,0,0,0	2,2,2,2,2,2,2,2,1,1,1,1,1,1,1,1,1,1,1,1,1,1,1,1	1/9,1/10,2/11,2/12,3/13,3/14,4/15,4/16,5/17,5/18,6/19,6/20,7/21,7/22,8/23,8/24	9/1/10,11/2/12,13/3/14,15/4/16,17/5/18,19/6/20,21/7/22,23/8/24	-	-	1,2,3,4,5,6,7,8,1,1,2,2,3,3,4,4,5,5,6,6,7,7,8,8
maceoff_water_366	6,1,1	0.0,0.0,0.0	0,0,0	2,1,1	1/2,1/3	2/1/3	-	-	1,1,1
maceoff_water_367	6,6,1,1,1,1	0.0,0.0,0.0,0.0,0.0,0.0	0,0,0,0,0,0	2,2,1,1,1,1	1/3,1/4,2/5,2/6	3/1/4,5/2/6	-	-	1,2,1,1,2,2
maceoff_water_368	6,6,6,6,1,1,1,1,1,1,1,1	0.0,0.0,0.0,0.0,0.0,0.0,0.0,0.0,0.0,0.0,0.0,0.0	0,0,0,0,0,0,0,0,0,0,0,0	2,2,2,2,1,1,1,1,1,1,1,1	1/5,1/6,2/7,2/8,3/9,3/10,4/11,4/12	5/1/6,7/2/8,9/3/10,11/4/12	-	-	1,2,3,4,1,1,2,2,3,3,4,4
maceoff_water_369	6,1,1	0.0,0.0,0.0	0,0,0	2,1,1	1/2,1/3	2/1/3	-	-	1,1,1
maceoff_water_370	6,6,6,1,1,1,1,1,1	0.0,0.0,0.0,0.0,0.0,0.0,0.0,0.0,0.0	0,0,0,0,0,0,0,0,0	2,2,2,1,1,1,1,1,1	1/4,1/5,2/6,2/7,3/8,3/9	4/1/5,6/2/7,8/3/9	-	-	1,2,3,1,1,2,2,3,3
maceoff_water_371	6,6,6,6,6,6,1,1,1,1,1,1,1,1,1,1,1,1	0.0,0.0,0.0,0.0,0.0,0.0,0.0,0.0,0.0,0.0,0.0,0.0,0.0,0.0,0.0,0.0,0.0,0.0	0,0,0,0,0,0,0,0,0,0,0,0,0,0,0,0,0,0	2,2,2,2,2,2,1,1,1,1,1,1,1,1,1,1,1,1	1/7,1/8,2/9,2/10,3/11,3/12,4/13,4/14,5/15,5/16,6/17,6/18	7/1/8,9/2/10,11/3/12,13/4/14,15/5/16,17/6/18	-	-	1,2,3,4,5,6,1,1,2,2,3,3,4,4,5,5,6,6
maceoff_water_372	6,6,6,6,6,6,6,1,1,1,1,1,1,1,1,1,1,1,1,1,1	0.0,0.0,0.0,0.0,0.0,0.0,0.0,0.0,0.0,0.0,0.0,0.0,0.0,0.0,0.0,0.0,0.0,0.0,0.0,0.0,0.0	0,0,0,0,0,0,0,0,0,0,0,0,0,0,0,0,0,0,0,0,0	2,2,2,2,2,2,2,1,1,1,1,1,1,1,1,1,1,1,1,1,1	1/8,1/9,2/10,2/11,3/12,3/13,4/14,4/15,5/16,5/17,6/18,6/19,7/20,7/21	8/1/9,10/2/11,12/3/13,14/4/15,16/5/17,18/6/19,20/7/21	-	-	1,2,3,4,5,6,7,1,1,2,2,3,3,4,4,5,5,6,6,7,7
maceoff_water_373	6,6,6,6,6,6,1,1,1,1,1,1,1,1,1,1,1,1	0.0,0.0,0.0,0.0,0.0,0.0,0.0,0.0,0.0,0.0,0.0,0.0,0.0,0.0,0.0,0.0,0.0,0.0	0,0,0,0,0,0,0,0,0,0,0,0,0,0,0,0,0,0	2,2,2,2,2,2,1,1,1,1,1,1,1,1,1,1,1,1	1/7,1/8,2/9,2/10,3/11,3/12,4/13,4/14,5/15,5/16,6/17,6/18	7/1/8,9/2/10,11/3/12,13/4/14,15/5/16,17/6/18	-	-	1,2,3,4,5,6,1,1,2,2,3,3,4,4,5,5,6,6
maceoff_water_374	6,6,6,6,1,1,1,1,1,1,1,1	0.0,0.0,0.0,0.0,0.0,0.0,0.0,0.0,0.0,0.0,0.0,0.0	0,0,0,0,0,0,0,0,0,0,0,0	2,2,2,2,1,1,1,1,1,1,1,1	1/5,1/6,2/7,2/8,3/9,3/10,4/11,4/12	5/1/6,7/2/8,9/3/10,11/4/12	-	-	1,2,3,4,1,1,2,2,3,3,4,4
maceoff_water_375	6,6,6,6,6,6,6,1,1,1,1,1,1,1,1,1,1,1,1,1,1	0.0,0.0,0.0,0.0,0.0,0.0,0.0,0.0,0.0,0.0,0.0,0.0,0.0,0.0,0.0,0.0,0.0,0.0,0.0,0.0,0.0	0,0,0,0,0,0,0,0,0,0,0,0,0,0,0,0,0,0,0,0,0	2,2,2,2,2,2,2,1,1,1,1,1,1,1,1,1,1,1,1,1,1	1/8,1/9,2/10,2/11,3/12,3/13,4/14,4/15,5/16,5/17,6/18,6/19,7/20,7/21	8/1/9,10/2/11,12/3/13,14/4/15,16/5/17,18/6/19,20/7/21	-	-	1,2,3,4,5,6,7,1,1,2,2,3,3,4,4,5,5,6,6,7,7
maceoff_water_376	6,6,6,6,6,6,6,6,6,6,6,6,1,1,1,1,1,1,1,1,1,1,1,1,1,1,1,1,1,1,1,1,1,1,1,1	0.0,0.0,0.0,0.0,0.0,0.0,0.0,0.0,0.0,0.0,0.0,0.0,0.0,0.0,0.0,0.0,0.0,0.0,0.0,0.0,0.0,0.0,0.0,0.0,0.0,0.0,0.0,0.0,0.0,0.0,0.0,0.0,0.0,0.0,0.0,0.0	0,0,0,0,0,0,0,0,0,0,0,0,0,0,0,0,0,0,0,0,0,0,0,0,0,0,0,0,0,0,0,0,0,0,0,0	2,2,2,2,2,2,2,2,2,2,2,2,1,1,1,1,1,1,1,1,1,1,1,1,1,1,1,1,1,1,1,1,1,1,1,1	1/13,1/14,2/15,2/16,3/17,3/18,4/19,4/20,5/21,5/22,6/23,6/24,7/25,7/26,8/27,8/28,9/29,9/30,10/31,10/32,11/33,11/34,12/35,12/36	13/1/14,15/2/16,17/3/18,19/4/20,21/5/22,23/6/24,25/7/26,27/8/28,29/9/30,31/10/32,33/11/34,35/12/36	-	-	1,2,3,4,5,6,7,8,9,10,11,12,1,1,2,2,3,3,4,4,5,5,6,6,7,7,8,8,9,9,10,10,11,11,12,12
maceoff_water_377	6,6,6,6,6,1,1,1,1,1,1,1,1,1,1	0.0,0.0,0.0,0.0,0.0,0.0,0.0,0.0,0.0,0.0,0.0,0.0,0.0,0.0,0.0	0,0,0,0,0,0,0,0,0,0,0,0,0,0,0	2,2,2,2,2,1,1,1,1,1,1,1,1,1,1	1/6,1/7,2/8,2/9,3/10,3/11,4/12,4/13,5/14,5/15	6/1/7,8/2/9,10/3/11,12/4/13,14/5/15	-	-	1,2,3,4,5,1,1,2,2,3,3,4,4,5,5
maceoff_water_378	6,6,1,1,1,1	0.0,0.0,0.0,0.0,0.0,0.0	0,0,0,0,0,0	2,2,1,1,1,1	1/3,1/4,2/5,2/6	3/1/4,5/2/6	-	-	1,2,1,1,2,2
maceoff_water_379	6,6,6,1,1,1,1,1,1	0.0,0.0,0.0,0.0,0.0,0.0,0.0,0.0,0.0	0,0,0,0,0,0,0,0,0	2,2,2,1,1,1,1,1,1	1/4,1/5,2/6,2/7,3/8,3/9	4/1/5,6/2/7,8/3/9	-	-	1,2,3,1,1,2,2,3,3
maceoff_water_380	6,6,6,6,6,6,6,6,6,6,6,6,6,6,6,6,6,6,6,6,6,6,6,6,6,1,1,1,1,1,1,1,1,1,1,1,1,1,1,1,1,1,1,1,1,1,1,1,1,1,1,1,1,1,1,1,1,1,1,1,1,1,1,1,1,1,1,1,1,1,1,1,1,1,1	0.0,0.0,0.0,0.0,0.0,0.0,0.0,0.0,0.0,0.0,0.0,0.0,0.0,0.0,0.0,0.0,0.0,0.0,0.0,0.0,0.0,0.0,0.0,0.0,0.0,0.0,0.0,0.0,0.0,0.0,0.0,0.0,0.0,0.0,0.0,0.0,0.0,0.0,0.0,0.0,0.0,0.0,0.0,0.0,0.0,0.0,0.0,0.0,0.0,0.0,0.0,0.0,0.0,0.0,0.0,0.0,0.0,0.0,0.0,0.0,0.0,0.0,0.0,0.0,0.0,0.0,0.0,0.0,0.0,0.0,0.0,0.0,0.0,0.0,0.0	0,0,0,0,0,0,0,0,0,0,0,0,0,0,0,0,0,0,0,0,0,0,0,0,0,0,0,0,0,0,0,0,0,0,0,0,0,0,0,0,0,0,0,0,0,0,0,0,0,0,0,0,0,0,0,0,0,0,0,0,0,0,0,0,0,0,0,0,0,0,0,0,0,0,0	2,2,2,2,2,2,2,2,2,2,2,2,2,2,2,2,2,2,2,2,2,2,2,2,2,1,1,1,1,1,1,1,1,1,1,1,1,1,1,1,1,1,1,1,1,1,1,1,1,1,1,1,1,1,1,1,1,1,1,1,1,1,1,1,1,1,1,1,1,1,1,1,1,1,1	1/26,1/27,2/28,2/29,3/30,3/31,4/32,4/33,5/34,5/35,6/36,6/37,7/38,7/39,8/40,8/41,9/42,9/43,10/44,10/45,11/46,11/47,12/48,12/49,13/50,13/51,14/52,14/53,15/54,15/55,16/56,16/57,17/58,17/59,18/60,18/61,19/62,19/63,20/64,20/65,21/66,21/67,22/68,22/69,23/70,23/71,24/72,24/73,25/74,25/75	26/1/27,28/2/29,30/3/31,32/4/33,34/5/35,36/6/37,38/7/39,40/8/41,42/9/43,44/10/45,46/11/47,48/12/49,50/13/51,52/14/53,54/15/55,56/16/57,58/17/59,60/18/61,62/19/63,64/20/65,66/21/67,68/22/69,70/23/71,72/24/73,74/25/75	-	-	1,2,3,4,5,6,7,8,9,10,11,12,13,14,15,16,17,18,19,20,21,22,23,24,25,1,1,2,2,3,3,4,4,5,5,6,6,7,7,8,8,9,9,10,10,11,11,12,12,13,13,14,14,15,15,16,16,17,17,18,18,19,19,20,20,21,21,22,22,23,23,24,24,25,25
maceoff_water_381	6,6,6,6,6,6,6,6,6,6,6,6,6,6,6,6,6,6,6,6,6,6,6,6,6,1,1,1,1,1,1,1,1,1,1,1,1,1,1,1,1,1,1,1,1,1,1,1,1,1,1,1,1,1,1,1,1,1,1,1,1,1,1,1,1,1,1,1,1,1,1,1,1,1,1	0.0,0.0,0.0,0.0,0.0,0.0,0.0,0.0,0.0,0.0,0.0,0.0,0.0,0.0,0.0,0.0,0.0,0.0,0.0,0.0,0.0,0.0,0.0,0.0,0.0,0.0,0.0,0.0,0.0,0.0,0.0,0.0,0.0,0.0,0.0,0.0,0.0,0.0,0.0,0.0,0.0,0.0,0.0,0.0,0.0,0.0,0.0,0.0,0.0,0.0,0.0,0.0,0.0,0.0,0.0,0.0,0.0,0.0,0.0,0.0,0.0,0.0,0.0,0.0,0.0,0.0,0.0,0.0,0.0,0.0,0.0,0.0,0.0,0.0,0.0	0,0,0,0,0,0,0,0,0,0,0,0,0,0,0,0,0,0,0,0,0,0,0,0,0,0,0,0,0,0,0,0,0,0,0,0,0,0,0,0,0,0,0,0,0,0,0,0,0,0,0,0,0,0,0,0,0,0,0,0,0,0,0,0,0,0,0,0,0,0,0,0,0,0,0	2,2,2,2,2,2,2,2,2,2,2,2,2,2,2,2,2,2,2,2,2,2,2,2,2,1,1,1,1,1,1,1,1,1,1,1,1,1,1,1,1,1,1,1,1,1,1,1,1,1,1,1,1,1,1,1,1,1,1,1,1,1,1,1,1,1,1,1,1,1,1,1,1,1,1	1/26,1/27,2/28,2/29,3/30,3/31,4/32,4/33,5/34,5/35,6/36,6/37,7/38,7/39,8/40,8/41,9/42,9/43,10/44,10/45,11/46,11/47,12/48,12/49,13/50,13/51,14/52,14/53,15/54,15/55,16/56,16/57,17/58,17/59,18/60,18/61,19/62,19/63,20/64,20/65,21/66,21/67,22/68,22/69,23/70,23/71,24/72,24/73,25/74,25/75	26/1/27,28/2/29,30/3/31,32/4/33,34/5/35,36/6/37,38/7/39,40/8/41,42/9/43,44/10/45,46/11/47,48/12/49,50/13/51,52/14/53,54/15/55,56/16/57,58/17/59,60/18/61,62/19/63,64/20/65,66/21/67,68/22/69,70/23/71,72/24/73,74/25/75	-	-	1,2,3,4,5,6,7,8,9,10,11,12,13,14,15,16,17,18,19,20,21,22,23,24,25,1,1,2,2,3,3,4,4,5,5,6,6,7,7,8,8,9,9,10,10,11,11,12,12,13,13,14,14,15,15,16,16,17,17,18,18,19,19,20,20,21,21,22,22,23,23,24,24,25,25
maceoff_water_382	6,6,6,6,6,6,1,1,1,1,1,1,1,1,1,1,1,1	0.0,0.0,0.0,0.0,0.0,0.0,0.0,0.0,0.0,0.0,0.0,0.0,0.0,0.0,0.0,0.0,0.0,0.0	0,0,0,0,0,0,0,0,0,0,0,0,0,0,0,0,0,0	2,2,2,2,2,2,1,1,1,1,1,1,1,1,1,1,1,1	1/7,1/8,2/9,2/10,3/11,3/12,4/13,4/14,5/15,5/16,6/17,6/18	7/1/8,9/2/10,11/3/12,13/4/14,15/5/16,17/6/18	-	-	1,2,3,4,5,6,1,1,2,2,3,3,4,4,5,5,6,6
maceoff_water_383	6,6,6,6,6,6,6,6,1,1,1,1,1,1,1,1,1,1,1,1,1,1,1,1	0.0,0.0,0.0,0.0,0.0,0.0,0.0,0.0,0.0,0.0,0.0,0.0,0.0,0.0,0.0,0.0,0.0,0.0,0.0,0.0,0.0,0.0,0.0,0.0	0,0,0,0,0,0,0,0,0,0,0,0,0,0,0,0,0,0,0,0,0,0,0,0	2,2,2,2,2,2,2,2,1,1,1,1,1,1,1,1,1,1,1,1,1,1,1,1	1/9,1/10,2/11,2/12,3/13,3/14,4/15,4/16,5/17,5/18,6/19,6/20,7/21,7/22,8/23,8/24	9/1/10,11/2/12,13/3/14,15/4/16,17/5/18,19/6/20,21/7/22,23/8/24	-	-	1,2,3,4,5,6,7,8,1,1,2,2,3,3,4,4,5,5,6,6,7,7,8,8
maceoff_water_384	6,6,6,6,6,1,1,1,1,1,1,1,1,1,1	0.0,0.0,0.0,0.0,0.0,0.0,0.0,0.0,0.0,0.0,0.0,0.0,0.0,0.0,0.0	0,0,0,0,0,0,0,0,0,0,0,0,0,0,0	2,2,2,2,2,1,1,1,1,1,1,1,1,1,1	1/6,1/7,2/8,2/9,3/10,3/11,4/12,4/13,5/14,5/15	6/1/7,8/2/9,10/3/11,12/4/13,14/5/15	-	-	1,2,3,4,5,1,1,2,2,3,3,4,4,5,5
maceoff_water_385	6,6,6,6,6,6,6,1,1,1,1,1,1,1,1,1,1,1,1,1,1	0.0,0.0,0.0,0.0,0.0,0.0,0.0,0.0,0.0,0.0,0.0,0.0,0.0,0.0,0.0,0.0,0.0,0.0,0.0,0.0,0.0	0,0,0,0,0,0,0,0,0,0,0,0,0,0,0,0,0,0,0,0,0	2,2,2,2,2,2,2,1,1,1,1,1,1,1,1,1,1,1,1,1,1	1/8,1/9,2/10,2/11,3/12,3/13,4/14,4/15,5/16,5/17,6/18,6/19,7/20,7/21	8/1/9,10/2/11,12/3/13,14/4/15,16/5/17,18/6/19,20/7/21	-	-	1,2,3,4,5,6,7,1,1,2,2,3,3,4,4,5,5,6,6,7,7
maceoff_water_386	6,6,6,6,6,6,1,1,1,1,1,1,1,1,1,1,1,1	0.0,0.0,0.0,0.0,0.0,0.0,0.0,0.0,0.0,0.0,0.0,0.0,0.0,0.0,0.0,0.0,0.0,0.0	0,0,0,0,0,0,0,0,0,0,0,0,0,0,0,0,0,0	2,2,2,2,2,2,1,1,1,1,1,1,1,1,1,1,1,1	1/7,1/8,2/9,2/10,3/11,3/12,4/13,4/14,5/15,5/16,6/17,6/18	7/1/8,9/2/10,11/3/12,13/4/14,15/5/16,17/6/18	-	-	1,2,3,4,5,6,1,1,2,2,3,3,4,4,5,5,6,6
maceoff_water_387	6,6,1,1,1,1	0.0,0.0,0.0,0.0,0.0,0.0	0,0,0,0,0,0	2,2,1,1,1,1	1/3,1/4,2/5,2/6	3/1/4,5/2/6	-	-	1,2,1,1,2,2
maceoff_water_388	6,1,1	0.0,0.0,0.0	0,0,0	2,1,1	1/2,1/3	2/1/3	-	-	1,1,1
maceoff_water_389	6,6,6,6,1,1,1,1,1,1,1,1	0.0,0.0,0.0,0.0,0.0,0.0,0.0,0.0,0.0,0.0,0.0,0.0	0,0,0,0,0,0,0,0,0,0,0,0	2,2,2,2,1,1,1,1,1,1,1,1	1/5,1/6,2/7,2/8,3/9,3/10,4/11,4/12	5/1/6,7/2/8,9/3/10,11/4/12	-	-	1,2,3,4,1,1,2,2,3,3,4,4
maceoff_water_390	6,6,6,6,6,6,6,6,6,6,6,6,6,6,6,6,6,6,6,6,6,6,6,6,6,6,6,6,6,6,6,6,6,6,6,6,6,6,6,6,6,6,6,6,6,6,6,6,6,6,1,1,1,1,1,1,1,1,1,1,1,1,1,1,1,1,1,1,1,1,1,1,1,1,1,1,1,1,1,1,1,1,1,1,1,1,1,1,1,1,1,1,1,1,1,1,1,1,1,1,1,1,1,1,1,1,1,1,1,1,1,1,1,1,1,1,1,1,1,1,1,1,1,1,1,1,1,1,1,1,1,1,1,1,1,1,1,1,1,1,1,1,1,1,1,1,1,1,1,1	0.0,0.0,0.0,0.0,0.0,0.0,0.0,0.0,0.0,0.0,0.0,0.0,0.0,0.0,0.0,0.0,0.0,0.0,0.0,0.0,0.0,0.0,0.0,0.0,0.0,0.0,0.0,0.0,0.0,0.0,0.0,0.0,0.0,0.0,0.0,0.0,0.0,0.0,0.0,0.0,0.0,0.0,0.0,0.0,0.0,0.0,0.0,0.0,0.0,0.0,0.0,0.0,0.0,0.0,0.0,0.0,0.0,0.0,0.0,0.0,0.0,0.0,0.0,0.0,0.0,0.0,0.0,0.0,0.0,0.0,0.0,0.0,0.0,0.0,0.0,0.0,0.0,0.0,0.0,0.0,0.0,0.0,0.0,0.0,0.0,0.0,0.0,0.0,0.0,0.0,0.0,0.0,0.0,0.0,0.0,0.0,0.0,0.0,0.0,0.0,0.0,0.0,0.0,0.0,0.0,0.0,0.0,0.0,0.0,0.0,0.0,0.0,0.0,0.0,0.0,0.0,0.0,0.0,0.0,0.0,0.0,0.0,0.0,0.0,0.0,0.0,0.0,0.0,0.0,0.0,0.0,0.0,0.0,0.0,0.0,0.0,0.0,0.0,0.0,0.0,0.0,0.0,0.0,0.0,0.0,0.0,0.0,0.0,0.0,0.0	0,0,0,0,0,0,0,0,0,0,0,0,0,0,0,0,0,0,0,0,0,0,0,0,0,0,0,0,0,0,0,0,0,0,0,0,0,0,0,0,0,0,0,0,0,0,0,0,0,0,0,0,0,0,0,0,0,0,0,0,0,0,0,0,0,0,0,0,0,0,0,0,0,0,0,0,0,0,0,0,0,0,0,0,0,0,0,0,0,0,0,0,0,0,0,0,0,0,0,0,0,0,0,0,0,0,0,0,0,0,0,0,0,0,0,0,0,0,0,0,0,0,0,0,0,0,0,0,0,0,0,0,0,0,0,0,0,0,0,0,0,0,0,0,0,0,0,0,0,0	2,2,2,2,2,2,2,2,2,2,2,2,2,2,2,2,2,2,2,2,2,2,2,2,2,2,2,2,2,2,2,2,2,2,2,2,2,2,2,2,2,2,2,2,2,2,2,2,2,2,1,1,1,1,1,1,1,1,1,1,1,1,1,1,1,1,1,1,1,1,1,1,1,1,1,1,1,1,1,1,1,1,1,1,1,1,1,1,1,1,1,1,1,1,1,1,1,1,1,1,1,1,1,1,1,1,1,1,1,1,1,1,1,1,1,1,1,1,1,1,1,1,1,1,1,1,1,1,1,1,1,1,1,1,1,1,1,1,1,1,1,1,1,1,1,1,1,1,1,1	1/51,1/52,2/53,2/54,3/55,3/56,4/57,4/58,5/59,5/60,6/61,6/62,7/63,7/64,8/65,8/66,9/67,9/68,10/69,10/70,11/71,11/72,12/73,12/74,13/75,13/76,14/77,14/78,15/79,15/80,16/81,16/82,17/83,17/84,18/85,18/86,19/87,19/88,20/89,20/90,21/91,21/92,22/93,22/94,23/95,23/96,24/97,24/98,25/99,25/100,26/101,26/102,27/103,27/104,28/105,28/106,29/107,29/108,30/109,30/110,31/111,31/112,32/113,32/114,33/115,33/116,34/117,34/118,35/119,35/120,36/121,36/122,37/123,37/124,38/125,38/126,39/127,39/128,40/129,40/130,41/131,41/132,42/133,42/134,43/135,43/136,44/137,44/138,45/139,45/140,46/141,46/142,47/143,47/144,48/145,48/146,49/147,49/148,50/149,50/150	51/1/52,53/2/54,55/3/56,57/4/58,59/5/60,61/6/62,63/7/64,65/8/66,67/9/68,69/10/70,71/11/72,73/12/74,75/13/76,77/14/78,79/15/80,81/16/82,83/17/84,85/18/86,87/19/88,89/20/90,91/21/92,93/22/94,95/23/96,97/24/98,99/25/100,101/26/102,103/27/104,105/28/106,107/29/108,109/30/110,111/31/112,113/32/114,115/33/116,117/34/118,119/35/120,121/36/122,123/37/124,125/38/126,127/39/128,129/40/130,131/41/132,133/42/134,135/43/136,137/44/138,139/45/140,141/46/142,143/47/144,145/48/146,147/49/148,149/50/150	-	-	1,2,3,4,5,6,7,8,9,10,11,12,13,14,15,16,17,18,19,20,21,22,23,24,25,26,27,28,29,30,31,32,33,34,35,36,37,38,39,40,41,42,43,44,45,46,47,48,49,50,1,1,2,2,3,3,4,4,5,5,6,6,7,7,8,8,9,9,10,10,11,11,12,12,13,13,14,14,15,15,16,16,17,17,18,18,19,19,20,20,21,21,22,22,23,23,24,24,25,25,26,26,27,27,28,28,29,29,30,30,31,31,32,32,33,33,34,34,35,35,36,36,37,37,38,38,39,39,40,40,41,41,42,42,43,43,44,44,45,45,46,46,47,47,48,48,49,49,50,50
maceoff_water_391	6,6,6,6,6,6,6,6,6,6,6,6,6,6,6,6,6,6,6,6,6,6,6,6,6,1,1,1,1,1,1,1,1,1,1,1,1,1,1,1,1,1,1,1,1,1,1,1,1,1,1,1,1,1,1,1,1,1,1,1,1,1,1,1,1,1,1,1,1,1,1,1,1,1,1	0.0,0.0,0.0,0.0,0.0,0.0,0.0,0.0,0.0,0.0,0.0,0.0,0.0,0.0,0.0,0.0,0.0,0.0,0.0,0.0,0.0,0.0,0.0,0.0,0.0,0.0,0.0,0.0,0.0,0.0,0.0,0.0,0.0,0.0,0.0,0.0,0.0,0.0,0.0,0.0,0.0,0.0,0.0,0.0,0.0,0.0,0.0,0.0,0.0,0.0,0.0,0.0,0.0,0.0,0.0,0.0,0.0,0.0,0.0,0.0,0.0,0.0,0.0,0.0,0.0,0.0,0.0,0.0,0.0,0.0,0.0,0.0,0.0,0.0,0.0	0,0,0,0,0,0,0,0,0,0,0,0,0,0,0,0,0,0,0,0,0,0,0,0,0,0,0,0,0,0,0,0,0,0,0,0,0,0,0,0,0,0,0,0,0,0,0,0,0,0,0,0,0,0,0,0,0,0,0,0,0,0,0,0,0,0,0,0,0,0,0,0,0,0,0	2,2,2,2,2,2,2,2,2,2,2,2,2,2,2,2,2,2,2,2,2,2,2,2,2,1,1,1,1,1,1,1,1,1,1,1,1,1,1,1,1,1,1,1,1,1,1,1,1,1,1,1,1,1,1,1,1,1,1,1,1,1,1,1,1,1,1,1,1,1,1,1,1,1,1	1/26,1/27,2/28,2/29,3/30,3/31,4/32,4/33,5/34,5/35,6/36,6/37,7/38,7/39,8/40,8/41,9/42,9/43,10/44,10/45,11/46,11/47,12/48,12/49,13/50,13/51,14/52,14/53,15/54,15/55,16/56,16/57,17/58,17/59,18/60,18/61,19/62,19/63,20/64,20/65,21/66,21/67,22/68,22/69,23/70,23/71,24/72,24/73,25/74,25/75	26/1/27,28/2/29,30/3/31,32/4/33,34/5/35,36/6/37,38/7/39,40/8/41,42/9/43,44/10/45,46/11/47,48/12/49,50/13/51,52/14/53,54/15/55,56/16/57,58/17/59,60/18/61,62/19/63,64/20/65,66/21/67,68/22/69,70/23/71,72/24/73,74/25/75	-	-	1,2,3,4,5,6,7,8,9,10,11,12,13,14,15,16,17,18,19,20,21,22,23,24,25,1,1,2,2,3,3,4,4,5,5,6,6,7,7,8,8,9,9,10,10,11,11,12,12,13,13,14,14,15,15,16,16,17,17,18,18,19,19,20,20,21,21,22,22,23,23,24,24,25,25
maceoff_water_392	6,6,6,6,6,6,6,6,6,6,6,6,1,1,1,1,1,1,1,1,1,1,1,1,1,1,1,1,1,1,1,1,1,1,1,1	0.0,0.0,0.0,0.0,0.0,0.0,0.0,0.0,0.0,0.0,0.0,0.0,0.0,0.0,0.0,0.0,0.0,0.0,0.0,0.0,0.0,0.0,0.0,0.0,0.0,0.0,0.0,0.0,0.0,0.0,0.0,0.0,0.0,0.0,0.0,0.0	0,0,0,0,0,0,0,0,0,0,0,0,0,0,0,0,0,0,0,0,0,0,0,0,0,0,0,0,0,0,0,0,0,0,0,0	2,2,2,2,2,2,2,2,2,2,2,2,1,1,1,1,1,1,1,1,1,1,1,1,1,1,1,1,1,1,1,1,1,1,1,1	1/13,1/14,2/15,2/16,3/17,3/18,4/19,4/20,5/21,5/22,6/23,6/24,7/25,7/26,8/27,8/28,9/29,9/30,10/31,10/32,11/33,11/34,12/35,12/36	13/1/14,15/2/16,17/3/18,19/4/20,21/5/22,23/6/24,25/7/26,27/8/28,29/9/30,31/10/32,33/11/34,35/12/36	-	-	1,2,3,4,5,6,7,8,9,10,11,12,1,1,2,2,3,3,4,4,5,5,6,6,7,7,8,8,9,9,10,10,11,11,12,12
maceoff_water_393	6,6,6,6,6,6,6,6,6,6,6,1,1,1,1,1,1,1,1,1,1,1,1,1,1,1,1,1,1,1,1,1,1	0.0,0.0,0.0,0.0,0.0,0.0,0.0,0.0,0.0,0.0,0.0,0.0,0.0,0.0,0.0,0.0,0.0,0.0,0.0,0.0,0.0,0.0,0.0,0.0,0.0,0.0,0.0,0.0,0.0,0.0,0.0,0.0,0.0	0,0,0,0,0,0,0,0,0,0,0,0,0,0,0,0,0,0,0,0,0,0,0,0,0,0,0,0,0,0,0,0,0	2,2,2,2,2,2,2,2,2,2,2,1,1,1,1,1,1,1,1,1,1,1,1,1,1,1,1,1,1,1,1,1,1	1/12,1/13,2/14,2/15,3/16,3/17,4/18,4/19,5/20,5/21,6/22,6/23,7/24,7/25,8/26,8/27,9/28,9/29,10/30,10/31,11/32,11/33	12/1/13,14/2/15,16/3/17,18/4/19,20/5/21,22/6/23,24/7/25,26/8/27,28/9/29,30/10/31,32/11/33	-	-	1,2,3,4,5,6,7,8,9,10,11,1,1,2,2,3,3,4,4,5,5,6,6,7,7,8,8,9,9,10,10,11,11
maceoff_water_394	6,6,6,6,6,6,6,6,1,1,1,1,1,1,1,1,1,1,1,1,1,1,1,1	0.0,0.0,0.0,0.0,0.0,0.0,0.0,0.0,0.0,0.0,0.0,0.0,0.0,0.0,0.0,0.0,0.0,0.0,0.0,0.0,0.0,0.0,0.0,0.0	0,0,0,0,0,0,0,0,0,0,0,0,0,0,0,0,0,0,0,0,0,0,0,0	2,2,2,2,2,2,2,2,1,1,1,1,1,1,1,1,1,1,1,1,1,1,1,1	1/9,1/10,2/11,2/12,3/13,3/14,4/15,4/16,5/17,5/18,6/19,6/20,7/21,7/22,8/23,8/24	9/1/10,11/2/12,13/3/14,15/4/16,17/5/18,19/6/20,21/7/22,23/8/24	-	-	1,2,3,4,5,6,7,8,1,1,2,2,3,3,4,4,5,5,6,6,7,7,8,8
maceoff_water_395	6,6,6,6,6,6,6,6,1,1,1,1,1,1,1,1,1,1,1,1,1,1,1,1	0.0,0.0,0.0,0.0,0.0,0.0,0.0,0.0,0.0,0.0,0.0,0.0,0.0,0.0,0.0,0.0,0.0,0.0,0.0,0.0,0.0,0.0,0.0,0.0	0,0,0,0,0,0,0,0,0,0,0,0,0,0,0,0,0,0,0,0,0,0,0,0	2,2,2,2,2,2,2,2,1,1,1,1,1,1,1,1,1,1,1,1,1,1,1,1	1/9,1/10,2/11,2/12,3/13,3/14,4/15,4/16,5/17,5/18,6/19,6/20,7/21,7/22,8/23,8/24	9/1/10,11/2/12,13/3/14,15/4/16,17/5/18,19/6/20,21/7/22,23/8/24	-	-	1,2,3,4,5,6,7,8,1,1,2,2,3,3,4,4,5,5,6,6,7,7,8,8
maceoff_water_396	6,6,6,6,6,6,6,6,6,6,1,1,1,1,1,1,1,1,1,1,1,1,1,1,1,1,1,1,1,1	0.0,0.0,0.0,0.0,0.0,0.0,0.0,0.0,0.0,0.0,0.0,0.0,0.0,0.0,0.0,0.0,0.0,0.0,0.0,0.0,0.0,0.0,0.0,0.0,0.0,0.0,0.0,0.0,0.0,0.0	0,0,0,0,0,0,0,0,0,0,0,0,0,0,0,0,0,0,0,0,0,0,0,0,0,0,0,0,0,0	2,2,2,2,2,2,2,2,2,2,1,1,1,1,1,1,1,1,1,1,1,1,1,1,1,1,1,1,1,1	1/11,1/12,2/13,2/14,3/15,3/16,4/17,4/18,5/19,5/20,6/21,6/22,7/23,7/24,8/25,8/26,9/27,9/28,10/29,10/30	11/1/12,13/2/14,15/3/16,17/4/18,19/5/20,21/6/22,23/7/24,25/8/26,27/9/28,29/10/30	-	-	1,2,3,4,5,6,7,8,9,10,1,1,2,2,3,3,4,4,5,5,6,6,7,7,8,8,9,9,10,10
maceoff_water_397	6,6,6,6,6,6,6,6,6,6,1,1,1,1,1,1,1,1,1,1,1,1,1,1,1,1,1,1,1,1	0.0,0.0,0.0,0.0,0.0,0.0,0.0,0.0,0.0,0.0,0.0,0.0,0.0,0.0,0.0,0.0,0.0,0.0,0.0,0.0,0.0,0.0,0.0,0.0,0.0,0.0,0.0,0.0,0.0,0.0	0,0,0,0,0,0,0,0,0,0,0,0,0,0,0,0,0,0,0,0,0,0,0,0,0,0,0,0,0,0	2,2,2,2,2,2,2,2,2,2,1,1,1,1,1,1,1,1,1,1,1,1,1,1,1,1,1,1,1,1	1/11,1/12,2/13,2/14,3/15,3/16,4/17,4/18,5/19,5/20,6/21,6/22,7/23,7/24,8/25,8/26,9/27,9/28,10/29,10/30	11/1/12,13/2/14,15/3/16,17/4/18,19/5/20,21/6/22,23/7/24,25/8/26,27/9/28,29/10/30	-	-	1,2,3,4,5,6,7,8,9,10,1,1,2,2,3,3,4,4,5,5,6,6,7,7,8,8,9,9,10,10
maceoff_water_398	6,6,6,6,6,1,1,1,1,1,1,1,1,1,1	0.0,0.0,0.0,0.0,0.0,0.0,0.0,0.0,0.0,0.0,0.0,0.0,0.0,0.0,0.0	0,0,0,0,0,0,0,0,0,0,0,0,0,0,0	2,2,2,2,2,1,1,1,1,1,1,1,1,1,1	1/6,1/7,2/8,2/9,3/10,3/11,4/12,4/13,5/14,5/15	6/1/7,8/2/9,10/3/11,12/4/13,14/5/15	-	-	1,2,3,4,5,1,1,2,2,3,3,4,4,5,5
maceoff_water_399	6,6,6,6,1,1,1,1,1,1,1,1	0.0,0.0,0.0,0.0,0.0,0.0,0.0,0.0,0.0,0.0,0.0,0.0	0,0,0,0,0,0,0,0,0,0,0,0	2,2,2,2,1,1,1,1,1,1,1,1	1/5,1/6,2/7,2/8,3/9,3/10,4/11,4/12	5/1/6,7/2/8,9/3/10,11/4/12	-	-	1,2,3,4,1,1,2,2,3,3,4,4
maceoff_water_400	6,6,6,1,1,1,1,1,1	0.0,0.0,0.0,0.0,0.0,0.0,0.0,0.0,0.0	0,0,0,0,0,0,0,0,0	2,2,2,1,1,1,1,1,1	1/4,1/5,2/6,2/7,3/8,3/9	4/1/5,6/2/7,8/3/9	-	-	1,2,3,1,1,2,2,3,3
maceoff_water_401	6,6,6,6,6,6,6,1,1,1,1,1,1,1,1,1,1,1,1,1,1	0.0,0.0,0.0,0.0,0.0,0.0,0.0,0.0,0.0,0.0,0.0,0.0,0.0,0.0,0.0,0.0,0.0,0.0,0.0,0.0,0.0	0,0,0,0,0,0,0,0,0,0,0,0,0,0,0,0,0,0,0,0,0	2,2,2,2,2,2,2,1,1,1,1,1,1,1,1,1,1,1,1,1,1	1/8,1/9,2/10,2/11,3/12,3/13,4/14,4/15,5/16,5/17,6/18,6/19,7/20,7/21	8/1/9,10/2/11,12/3/13,14/4/15,16/5/17,18/6/19,20/7/21	-	-	1,2,3,4,5,6,7,1,1,2,2,3,3,4,4,5,5,6,6,7,7
maceoff_water_402	6,6,6,1,1,1,1,1,1	0.0,0.0,0.0,0.0,0.0,0.0,0.0,0.0,0.0	0,0,0,0,0,0,0,0,0	2,2,2,1,1,1,1,1,1	1/4,1/5,2/6,2/7,3/8,3/9	4/1/5,6/2/7,8/3/9	-	-	1,2,3,1,1,2,2,3,3
maceoff_water_403	6,6,6,6,6,6,6,6,6,6,1,1,1,1,1,1,1,1,1,1,1,1,1,1,1,1,1,1,1,1	0.0,0.0,0.0,0.0,0.0,0.0,0.0,0.0,0.0,0.0,0.0,0.0,0.0,0.0,0.0,0.0,0.0,0.0,0.0,0.0,0.0,0.0,0.0,0.0,0.0,0.0,0.0,0.0,0.0,0.0	0,0,0,0,0,0,0,0,0,0,0,0,0,0,0,0,0,0,0,0,0,0,0,0,0,0,0,0,0,0	2,2,2,2,2,2,2,2,2,2,1,1,1,1,1,1,1,1,1,1,1,1,1,1,1,1,1,1,1,1	1/11,1/12,2/13,2/14,3/15,3/16,4/17,4/18,5/19,5/20,6/21,6/22,7/23,7/24,8/25,8/26,9/27,9/28,10/29,10/30	11/1/12,13/2/14,15/3/16,17/4/18,19/5/20,21/6/22,23/7/24,25/8/26,27/9/28,29/10/30	-	-	1,2,3,4,5,6,7,8,9,10,1,1,2,2,3,3,4,4,5,5,6,6,7,7,8,8,9,9,10,10
maceoff_water_404	6,6,1,1,1,1	0.0,0.0,0.0,0.0,0.0,0.0	0,0,0,0,0,0	2,2,1,1,1,1	1/3,1/4,2/5,2/6	3/1/4,5/2/6	-	-	1,2,1,1,2,2
maceoff_water_405	6,6,6,6,6,6,6,6,1,1,1,1,1,1,1,1,1,1,1,1,1,1,1,1	0.0,0.0,0.0,0.0,0.0,0.0,0.0,0.0,0.0,0.0,0.0,0.0,0.0,0.0,0.0,0.0,0.0,0.0,0.0,0.0,0.0,0.0,0.0,0.0	0,0,0,0,0,0,0,0,0,0,0,0,0,0,0,0,0,0,0,0,0,0,0,0	2,2,2,2,2,2,2,2,1,1,1,1,1,1,1,1,1,1,1,1,1,1,1,1	1/9,1/10,2/11,2/12,3/13,3/14,4/15,4/16,5/17,5/18,6/19,6/20,7/21,7/22,8/23,8/24	9/1/10,11/2/12,13/3/14,15/4/16,17/5/18,19/6/20,21/7/22,23/8/24	-	-	1,2,3,4,5,6,7,8,1,1,2,2,3,3,4,4,5,5,6,6,7,7,8,8
maceoff_water_406	6,6,6,6,6,1,1,1,1,1,1,1,1,1,1	0.0,0.0,0.0,0.0,0.0,0.0,0.0,0.0,0.0,0.0,0.0,0.0,0.0,0.0,0.0	0,0,0,0,0,0,0,0,0,0,0,0,0,0,0	2,2,2,2,2,1,1,1,1,1,1,1,1,1,1	1/6,1/7,2/8,2/9,3/10,3/11,4/12,4/13,5/14,5/15	6/1/7,8/2/9,10/3/11,12/4/13,14/5/15	-	-	1,2,3,4,5,1,1,2,2,3,3,4,4,5,5
maceoff_water_407	6,6,1,1,1,1	0.0,0.0,0.0,0.0,0.0,0.0	0,0,0,0,0,0	2,2,1,1,1,1	1/3,1/4,2/5,2/6	3/1/4,5/2/6	-	-	1,2,1,1,2,2
maceoff_water_408	6,6,6,6,6,6,1,1,1,1,1,1,1,1,1,1,1,1	0.0,0.0,0.0,0.0,0.0,0.0,0.0,0.0,0.0,0.0,0.0,0.0,0.0,0.0,0.0,0.0,0.0,0.0	0,0,0,0,0,0,0,0,0,0,0,0,0,0,0,0,0,0	2,2,2,2,2,2,1,1,1,1,1,1,1,1,1,1,1,1	1/7,1/8,2/9,2/10,3/11,3/12,4/13,4/14,5/15,5/16,6/17,6/18	7/1/8,9/2/10,11/3/12,13/4/14,15/5/16,17/6/18	-	-	1,2,3,4,5,6,1,1,2,2,3,3,4,4,5,5,6,6
maceoff_water_409	6,6,6,1,1,1,1,1,1	0.0,0.0,0.0,0.0,0.0,0.0,0.0,0.0,0.0	0,0,0,0,0,0,0,0,0	2,2,2,1,1,1,1,1,1	1/4,1/5,2/6,2/7,3/8,3/9	4/1/5,6/2/7,8/3/9	-	-	1,2,3,1,1,2,2,3,3
maceoff_water_410	6,1,1	0.0,0.0,0.0	0,0,0	2,1,1	1/2,1/3	2/1/3	-	-	1,1,1
maceoff_water_411	6,6,6,1,1,1,1,1,1	0.0,0.0,0.0,0.0,0.0,0.0,0.0,0.0,0.0	0,0,0,0,0,0,0,0,0	2,2,2,1,1,1,1,1,1	1/4,1/5,2/6,2/7,3/8,3/9	4/1/5,6/2/7,8/3/9	-	-	1,2,3,1,1,2,2,3,3
maceoff_water_412	6,6,6,6,6,6,6,1,1,1,1,1,1,1,1,1,1,1,1,1,1	0.0,0.0,0.0,0.0,0.0,0.0,0.0,0.0,0.0,0.0,0.0,0.0,0.0,0.0,0.0,0.0,0.0,0.0,0.0,0.0,0.0	0,0,0,0,0,0,0,0,0,0,0,0,0,0,0,0,0,0,0,0,0	2,2,2,2,2,2,2,1,1,1,1,1,1,1,1,1,1,1,1,1,1	1/8,1/9,2/10,2/11,3/12,3/13,4/14,4/15,5/16,5/17,6/18,6/19,7/20,7/21	8/1/9,10/2/11,12/3/13,14/4/15,16/5/17,18/6/19,20/7/21	-	-	1,2,3,4,5,6,7,1,1,2,2,3,3,4,4,5,5,6,6,7,7
maceoff_water_413	6,6,6,6,6,6,6,6,1,1,1,1,1,1,1,1,1,1,1,1,1,1,1,1	0.0,0.0,0.0,0.0,0.0,0.0,0.0,0.0,0.0,0.0,0.0,0.0,0.0,0.0,0.0,0.0,0.0,0.0,0.0,0.0,0.0,0.0,0.0,0.0	0,0,0,0,0,0,0,0,0,0,0,0,0,0,0,0,0,0,0,0,0,0,0,0	2,2,2,2,2,2,2,2,1,1,1,1,1,1,1,1,1,1,1,1,1,1,1,1	1/9,1/10,2/11,2/12,3/13,3/14,4/15,4/16,5/17,5/18,6/19,6/20,7/21,7/22,8/23,8/24	9/1/10,11/2/12,13/3/14,15/4/16,17/5/18,19/6/20,21/7/22,23/8/24	-	-	1,2,3,4,5,6,7,8,1,1,2,2,3,3,4,4,5,5,6,6,7,7,8,8
maceoff_water_414	6,6,6,1,1,1,1,1,1	0.0,0.0,0.0,0.0,0.0,0.0,0.0,0.0,0.0	0,0,0,0,0,0,0,0,0	2,2,2,1,1,1,1,1,1	1/4,1/5,2/6,2/7,3/8,3/9	4/1/5,6/2/7,8/3/9	-	-	1,2,3,1,1,2,2,3,3
maceoff_water_415	6,6,6,6,1,1,1,1,1,1,1,1	0.0,0.0,0.0,0.0,0.0,0.0,0.0,0.0,0.0,0.0,0.0,0.0	0,0,0,0,0,0,0,0,0,0,0,0	2,2,2,2,1,1,1,1,1,1,1,1	1/5,1/6,2/7,2/8,3/9,3/10,4/11,4/12	5/1/6,7/2/8,9/3/10,11/4/12	-	-	1,2,3,4,1,1,2,2,3,3,4,4
maceoff_water_416	6,6,6,6,1,1,1,1,1,1,1,1	0.0,0.0,0.0,0.0,0.0,0.0,0.0,0.0,0.0,0.0,0.0,0.0	0,0,0,0,0,0,0,0,0,0,0,0	2,2,2,2,1,1,1,1,1,1,1,1	1/5,1/6,2/7,2/8,3/9,3/10,4/11,4/12	5/1/6,7/2/8,9/3/10,11/4/12	-	-	1,2,3,4,1,1,2,2,3,3,4,4
maceoff_water_417	6,6,6,6,6,6,6,6,6,6,6,1,1,1,1,1,1,1,1,1,1,1,1,1,1,1,1,1,1,1,1,1,1	0.0,0.0,0.0,0.0,0.0,0.0,0.0,0.0,0.0,0.0,0.0,0.0,0.0,0.0,0.0,0.0,0.0,0.0,0.0,0.0,0.0,0.0,0.0,0.0,0.0,0.0,0.0,0.0,0.0,0.0,0.0,0.0,0.0	0,0,0,0,0,0,0,0,0,0,0,0,0,0,0,0,0,0,0,0,0,0,0,0,0,0,0,0,0,0,0,0,0	2,2,2,2,2,2,2,2,2,2,2,1,1,1,1,1,1,1,1,1,1,1,1,1,1,1,1,1,1,1,1,1,1	1/12,1/13,2/14,2/15,3/16,3/17,4/18,4/19,5/20,5/21,6/22,6/23,7/24,7/25,8/26,8/27,9/28,9/29,10/30,10/31,11/32,11/33	12/1/13,14/2/15,16/3/17,18/4/19,20/5/21,22/6/23,24/7/25,26/8/27,28/9/29,30/10/31,32/11/33	-	-	1,2,3,4,5,6,7,8,9,10,11,1,1,2,2,3,3,4,4,5,5,6,6,7,7,8,8,9,9,10,10,11,11
maceoff_water_418	6,1,1	0.0,0.0,0.0	0,0,0	2,1,1	1/2,1/3	2/1/3	-	-	1,1,1
maceoff_water_419	6,6,6,6,6,6,6,1,1,1,1,1,1,1,1,1,1,1,1,1,1	0.0,0.0,0.0,0.0,0.0,0.0,0.0,0.0,0.0,0.0,0.0,0.0,0.0,0.0,0.0,0.0,0.0,0.0,0.0,0.0,0.0	0,0,0,0,0,0,0,0,0,0,0,0,0,0,0,0,0,0,0,0,0	2,2,2,2,2,2,2,1,1,1,1,1,1,1,1,1,1,1,1,1,1	1/8,1/9,2/10,2/11,3/12,3/13,4/14,4/15,5/16,5/17,6/18,6/19,7/20,7/21	8/1/9,10/2/11,12/3/13,14/4/15,16/5/17,18/6/19,20/7/21	-	-	1,2,3,4,5,6,7,1,1,2,2,3,3,4,4,5,5,6,6,7,7
maceoff_water_420	6,6,1,1,1,1	0.0,0.0,0.0,0.0,0.0,0.0	0,0,0,0,0,0	2,2,1,1,1,1	1/3,1/4,2/5,2/6	3/1/4,5/2/6	-	-	1,2,1,1,2,2
maceoff_water_421	6,6,6,6,6,1,1,1,1,1,1,1,1,1,1	0.0,0.0,0.0,0.0,0.0,0.0,0.0,0.0,0.0,0.0,0.0,0.0,0.0,0.0,0.0	0,0,0,0,0,0,0,0,0,0,0,0,0,0,0	2,2,2,2,2,1,1,1,1,1,1,1,1,1,1	1/6,1/7,2/8,2/9,3/10,3/11,4/12,4/13,5/14,5/15	6/1/7,8/2/9,10/3/11,12/4/13,14/5/15	-	-	1,2,3,4,5,1,1,2,2,3,3,4,4,5,5
maceoff_water_422	6,6,6,6,6,6,6,6,6,6,6,1,1,1,1,1,1,1,1,1,1,1,1,1,1,1,1,1,1,1,1,1,1	0.0,0.0,0.0,0.0,0.0,0.0,0.0,0.0,0.0,0.0,0.0,0.0,0.0,0.0,0.0,0.0,0.0,0.0,0.0,0.0,0.0,0.0,0.0,0.0,0.0,0.0,0.0,0.0,0.0,0.0,0.0,0.0,0.0	0,0,0,0,0,0,0,0,0,0,0,0,0,0,0,0,0,0,0,0,0,0,0,0,0,0,0,0,0,0,0,0,0	2,2,2,2,2,2,2,2,2,2,2,1,1,1,1,1,1,1,1,1,1,1,1,1,1,1,1,1,1,1,1,1,1	1/12,1/13,2/14,2/15,3/16,3/17,4/18,4/19,5/20,5/21,6/22,6/23,7/24,7/25,8/26,8/27,9/28,9/29,10/30,10/31,11/32,11/33	12/1/13,14/2/15,16/3/17,18/4/19,20/5/21,22/6/23,24/7/25,26/8/27,28/9/29,30/10/31,32/11/33	-	-	1,2,3,4,5,6,7,8,9,10,11,1,1,2,2,3,3,4,4,5,5,6,6,7,7,8,8,9,9,10,10,11,11
maceoff_water_423	6,6,6,6,6,6,1,1,1,1,1,1,1,1,1,1,1,1	0.0,0.0,0.0,0.0,0.0,0.0,0.0,0.0,0.0,0.0,0.0,0.0,0.0,0.0,0.0,0.0,0.0,0.0	0,0,0,0,0,0,0,0,0,0,0,0,0,0,0,0,0,0	2,2,2,2,2,2,1,1,1,1,1,1,1,1,1,1,1,1	1/7,1/8,2/9,2/10,3/11,3/12,4/13,4/14,5/15,5/16,6/17,6/18	7/1/8,9/2/10,11/3/12,13/4/14,15/5/16,17/6/18	-	-	1,2,3,4,5,6,1,1,2,2,3,3,4,4,5,5,6,6
maceoff_water_424	6,6,6,6,6,6,1,1,1,1,1,1,1,1,1,1,1,1	0.0,0.0,0.0,0.0,0.0,0.0,0.0,0.0,0.0,0.0,0.0,0.0,0.0,0.0,0.0,0.0,0.0,0.0	0,0,0,0,0,0,0,0,0,0,0,0,0,0,0,0,0,0	2,2,2,2,2,2,1,1,1,1,1,1,1,1,1,1,1,1	1/7,1/8,2/9,2/10,3/11,3/12,4/13,4/14,5/15,5/16,6/17,6/18	7/1/8,9/2/10,11/3/12,13/4/14,15/5/16,17/6/18	-	-	1,2,3,4,5,6,1,1,2,2,3,3,4,4,5,5,6,6
maceoff_water_425	6,6,6,6,1,1,1,1,1,1,1,1	0.0,0.0,0.0,0.0,0.0,0.0,0.0,0.0,0.0,0.0,0.0,0.0	0,0,0,0,0,0,0,0,0,0,0,0	2,2,2,2,1,1,1,1,1,1,1,1	1/5,1/6,2/7,2/8,3/9,3/10,4/11,4/12	5/1/6,7/2/8,9/3/10,11/4/12	-	-	1,2,3,4,1,1,2,2,3,3,4,4
maceoff_water_426	6,1,1	0.0,0.0,0.0	0,0,0	2,1,1	1/2,1/3	2/1/3	-	-	1,1,1
maceoff_water_427	6,6,6,6,6,6,6,1,1,1,1,1,1,1,1,1,1,1,1,1,1	0.0,0.0,0.0,0.0,0.0,0.0,0.0,0.0,0.0,0.0,0.0,0.0,0.0,0.0,0.0,0.0,0.0,0.0,0.0,0.0,0.0	0,0,0,0,0,0,0,0,0,0,0,0,0,0,0,0,0,0,0,0,0	2,2,2,2,2,2,2,1,1,1,1,1,1,1,1,1,1,1,1,1,1	1/8,1/9,2/10,2/11,3/12,3/13,4/14,4/15,5/16,5/17,6/18,6/19,7/20,7/21	8/1/9,10/2/11,12/3/13,14/4/15,16/5/17,18/6/19,20/7/21	-	-	1,2,3,4,5,6,7,1,1,2,2,3,3,4,4,5,5,6,6,7,7
maceoff_water_428	6,6,6,6,6,6,6,6,6,6,1,1,1,1,1,1,1,1,1,1,1,1,1,1,1,1,1,1,1,1	0.0,0.0,0.0,0.0,0.0,0.0,0.0,0.0,0.0,0.0,0.0,0.0,0.0,0.0,0.0,0.0,0.0,0.0,0.0,0.0,0.0,0.0,0.0,0.0,0.0,0.0,0.0,0.0,0.0,0.0	0,0,0,0,0,0,0,0,0,0,0,0,0,0,0,0,0,0,0,0,0,0,0,0,0,0,0,0,0,0	2,2,2,2,2,2,2,2,2,2,1,1,1,1,1,1,1,1,1,1,1,1,1,1,1,1,1,1,1,1	1/11,1/12,2/13,2/14,3/15,3/16,4/17,4/18,5/19,5/20,6/21,6/22,7/23,7/24,8/25,8/26,9/27,9/28,10/29,10/30	11/1/12,13/2/14,15/3/16,17/4/18,19/5/20,21/6/22,23/7/24,25/8/26,27/9/28,29/10/30	-	-	1,2,3,4,5,6,7,8,9,10,1,1,2,2,3,3,4,4,5,5,6,6,7,7,8,8,9,9,10,10
maceoff_water_429	6,6,6,6,6,6,6,6,1,1,1,1,1,1,1,1,1,1,1,1,1,1,1,1	0.0,0.0,0.0,0.0,0.0,0.0,0.0,0.0,0.0,0.0,0.0,0.0,0.0,0.0,0.0,0.0,0.0,0.0,0.0,0.0,0.0,0.0,0.0,0.0	0,0,0,0,0,0,0,0,0,0,0,0,0,0,0,0,0,0,0,0,0,0,0,0	2,2,2,2,2,2,2,2,1,1,1,1,1,1,1,1,1,1,1,1,1,1,1,1	1/9,1/10,2/11,2/12,3/13,3/14,4/15,4/16,5/17,5/18,6/19,6/20,7/21,7/22,8/23,8/24	9/1/10,11/2/12,13/3/14,15/4/16,17/5/18,19/6/20,21/7/22,23/8/24	-	-	1,2,3,4,5,6,7,8,1,1,2,2,3,3,4,4,5,5,6,6,7,7,8,8
maceoff_water_430	6,6,6,6,6,6,6,6,6,6,6,6,6,6,6,6,6,6,6,6,6,6,6,6,6,6,6,6,6,6,6,6,6,6,6,6,6,6,6,6,6,6,6,6,6,6,6,6,6,6,1,1,1,1,1,1,1,1,1,1,1,1,1,1,1,1,1,1,1,1,1,1,1,1,1,1,1,1,1,1,1,1,1,1,1,1,1,1,1,1,1,1,1,1,1,1,1,1,1,1,1,1,1,1,1,1,1,1,1,1,1,1,1,1,1,1,1,1,1,1,1,1,1,1,1,1,1,1,1,1,1,1,1,1,1,1,1,1,1,1,1,1,1,1,1,1,1,1,1,1	0.0,0.0,0.0,0.0,0.0,0.0,0.0,0.0,0.0,0.0,0.0,0.0,0.0,0.0,0.0,0.0,0.0,0.0,0.0,0.0,0.0,0.0,0.0,0.0,0.0,0.0,0.0,0.0,0.0,0.0,0.0,0.0,0.0,0.0,0.0,0.0,0.0,0.0,0.0,0.0,0.0,0.0,0.0,0.0,0.0,0.0,0.0,0.0,0.0,0.0,0.0,0.0,0.0,0.0,0.0,0.0,0.0,0.0,0.0,0.0,0.0,0.0,0.0,0.0,0.0,0.0,0.0,0.0,0.0,0.0,0.0,0.0,0.0,0.0,0.0,0.0,0.0,0.0,0.0,0.0,0.0,0.0,0.0,0.0,0.0,0.0,0.0,0.0,0.0,0.0,0.0,0.0,0.0,0.0,0.0,0.0,0.0,0.0,0.0,0.0,0.0,0.0,0.0,0.0,0.0,0.0,0.0,0.0,0.0,0.0,0.0,0.0,0.0,0.0,0.0,0.0,0.0,0.0,0.0,0.0,0.0,0.0,0.0,0.0,0.0,0.0,0.0,0.0,0.0,0.0,0.0,0.0,0.0,0.0,0.0,0.0,0.0,0.0,0.0,0.0,0.0,0.0,0.0,0.0,0.0,0.0,0.0,0.0,0.0,0.0	0,0,0,0,0,0,0,0,0,0,0,0,0,0,0,0,0,0,0,0,0,0,0,0,0,0,0,0,0,0,0,0,0,0,0,0,0,0,0,0,0,0,0,0,0,0,0,0,0,0,0,0,0,0,0,0,0,0,0,0,0,0,0,0,0,0,0,0,0,0,0,0,0,0,0,0,0,0,0,0,0,0,0,0,0,0,0,0,0,0,0,0,0,0,0,0,0,0,0,0,0,0,0,0,0,0,0,0,0,0,0,0,0,0,0,0,0,0,0,0,0,0,0,0,0,0,0,0,0,0,0,0,0,0,0,0,0,0,0,0,0,0,0,0,0,0,0,0,0,0	2,2,2,2,2,2,2,2,2,2,2,2,2,2,2,2,2,2,2,2,2,2,2,2,2,2,2,2,2,2,2,2,2,2,2,2,2,2,2,2,2,2,2,2,2,2,2,2,2,2,1,1,1,1,1,1,1,1,1,1,1,1,1,1,1,1,1,1,1,1,1,1,1,1,1,1,1,1,1,1,1,1,1,1,1,1,1,1,1,1,1,1,1,1,1,1,1,1,1,1,1,1,1,1,1,1,1,1,1,1,1,1,1,1,1,1,1,1,1,1,1,1,1,1,1,1,1,1,1,1,1,1,1,1,1,1,1,1,1,1,1,1,1,1,1,1,1,1,1,1	1/51,1/52,2/53,2/54,3/55,3/56,4/57,4/58,5/59,5/60,6/61,6/62,7/63,7/64,8/65,8/66,9/67,9/68,10/69,10/70,11/71,11/72,12/73,12/74,13/75,13/76,14/77,14/78,15/79,15/80,16/81,16/82,17/83,17/84,18/85,18/86,19/87,19/88,20/89,20/90,21/91,21/92,22/93,22/94,23/95,23/96,24/97,24/98,25/99,25/100,26/101,26/102,27/103,27/104,28/105,28/106,29/107,29/108,30/109,30/110,31/111,31/112,32/113,32/114,33/115,33/116,34/117,34/118,35/119,35/120,36/121,36/122,37/123,37/124,38/125,38/126,39/127,39/128,40/129,40/130,41/131,41/132,42/133,42/134,43/135,43/136,44/137,44/138,45/139,45/140,46/141,46/142,47/143,47/144,48/145,48/146,49/147,49/148,50/149,50/150	51/1/52,53/2/54,55/3/56,57/4/58,59/5/60,61/6/62,63/7/64,65/8/66,67/9/68,69/10/70,71/11/72,73/12/74,75/13/76,77/14/78,79/15/80,81/16/82,83/17/84,85/18/86,87/19/88,89/20/90,91/21/92,93/22/94,95/23/96,97/24/98,99/25/100,101/26/102,103/27/104,105/28/106,107/29/108,109/30/110,111/31/112,113/32/114,115/33/116,117/34/118,119/35/120,121/36/122,123/37/124,125/38/126,127/39/128,129/40/130,131/41/132,133/42/134,135/43/136,137/44/138,139/45/140,141/46/142,143/47/144,145/48/146,147/49/148,149/50/150	-	-	1,2,3,4,5,6,7,8,9,10,11,12,13,14,15,16,17,18,19,20,21,22,23,24,25,26,27,28,29,30,31,32,33,34,35,36,37,38,39,40,41,42,43,44,45,46,47,48,49,50,1,1,2,2,3,3,4,4,5,5,6,6,7,7,8,8,9,9,10,10,11,11,12,12,13,13,14,14,15,15,16,16,17,17,18,18,19,19,20,20,21,21,22,22,23,23,24,24,25,25,26,26,27,27,28,28,29,29,30,30,31,31,32,32,33,33,34,34,35,35,36,36,37,37,38,38,39,39,40,40,41,41,42,42,43,43,44,44,45,45,46,46,47,47,48,48,49,49,50,50
maceoff_water_431	6,6,6,6,6,6,6,1,1,1,1,1,1,1,1,1,1,1,1,1,1	0.0,0.0,0.0,0.0,0.0,0.0,0.0,0.0,0.0,0.0,0.0,0.0,0.0,0.0,0.0,0.0,0.0,0.0,0.0,0.0,0.0	0,0,0,0,0,0,0,0,0,0,0,0,0,0,0,0,0,0,0,0,0	2,2,2,2,2,2,2,1,1,1,1,1,1,1,1,1,1,1,1,1,1	1/8,1/9,2/10,2/11,3/12,3/13,4/14,4/15,5/16,5/17,6/18,6/19,7/20,7/21	8/1/9,10/2/11,12/3/13,14/4/15,16/5/17,18/6/19,20/7/21	-	-	1,2,3,4,5,6,7,1,1,2,2,3,3,4,4,5,5,6,6,7,7
maceoff_water_432	6,6,6,6,6,6,6,6,1,1,1,1,1,1,1,1,1,1,1,1,1,1,1,1	0.0,0.0,0.0,0.0,0.0,0.0,0.0,0.0,0.0,0.0,0.0,0.0,0.0,0.0,0.0,0.0,0.0,0.0,0.0,0.0,0.0,0.0,0.0,0.0	0,0,0,0,0,0,0,0,0,0,0,0,0,0,0,0,0,0,0,0,0,0,0,0	2,2,2,2,2,2,2,2,1,1,1,1,1,1,1,1,1,1,1,1,1,1,1,1	1/9,1/10,2/11,2/12,3/13,3/14,4/15,4/16,5/17,5/18,6/19,6/20,7/21,7/22,8/23,8/24	9/1/10,11/2/12,13/3/14,15/4/16,17/5/18,19/6/20,21/7/22,23/8/24	-	-	1,2,3,4,5,6,7,8,1,1,2,2,3,3,4,4,5,5,6,6,7,7,8,8
maceoff_water_433	6,6,6,1,1,1,1,1,1	0.0,0.0,0.0,0.0,0.0,0.0,0.0,0.0,0.0	0,0,0,0,0,0,0,0,0	2,2,2,1,1,1,1,1,1	1/4,1/5,2/6,2/7,3/8,3/9	4/1/5,6/2/7,8/3/9	-	-	1,2,3,1,1,2,2,3,3
maceoff_water_434	6,1,1	0.0,0.0,0.0	0,0,0	2,1,1	1/2,1/3	2/1/3	-	-	1,1,1
maceoff_water_435	6,6,6,6,6,6,1,1,1,1,1,1,1,1,1,1,1,1	0.0,0.0,0.0,0.0,0.0,0.0,0.0,0.0,0.0,0.0,0.0,0.0,0.0,0.0,0.0,0.0,0.0,0.0	0,0,0,0,0,0,0,0,0,0,0,0,0,0,0,0,0,0	2,2,2,2,2,2,1,1,1,1,1,1,1,1,1,1,1,1	1/7,1/8,2/9,2/10,3/11,3/12,4/13,4/14,5/15,5/16,6/17,6/18	7/1/8,9/2/10,11/3/12,13/4/14,15/5/16,17/6/18	-	-	1,2,3,4,5,6,1,1,2,2,3,3,4,4,5,5,6,6
maceoff_water_436	6,6,1,1,1,1	0.0,0.0,0.0,0.0,0.0,0.0	0,0,0,0,0,0	2,2,1,1,1,1	1/3,1/4,2/5,2/6	3/1/4,5/2/6	-	-	1,2,1,1,2,2
maceoff_water_437	6,6,6,6,6,6,6,1,1,1,1,1,1,1,1,1,1,1,1,1,1	0.0,0.0,0.0,0.0,0.0,0.0,0.0,0.0,0.0,0.0,0.0,0.0,0.0,0.0,0.0,0.0,0.0,0.0,0.0,0.0,0.0	0,0,0,0,0,0,0,0,0,0,0,0,0,0,0,0,0,0,0,0,0	2,2,2,2,2,2,2,1,1,1,1,1,1,1,1,1,1,1,1,1,1	1/8,1/9,2/10,2/11,3/12,3/13,4/14,4/15,5/16,5/17,6/18,6/19,7/20,7/21	8/1/9,10/2/11,12/3/13,14/4/15,16/5/17,18/6/19,20/7/21	-	-	1,2,3,4,5,6,7,1,1,2,2,3,3,4,4,5,5,6,6,7,7
maceoff_water_438	6,6,6,6,6,6,1,1,1,1,1,1,1,1,1,1,1,1	0.0,0.0,0.0,0.0,0.0,0.0,0.0,0.0,0.0,0.0,0.0,0.0,0.0,0.0,0.0,0.0,0.0,0.0	0,0,0,0,0,0,0,0,0,0,0,0,0,0,0,0,0,0	2,2,2,2,2,2,1,1,1,1,1,1,1,1,1,1,1,1	1/7,1/8,2/9,2/10,3/11,3/12,4/13,4/14,5/15,5/16,6/17,6/18	7/1/8,9/2/10,11/3/12,13/4/14,15/5/16,17/6/18	-	-	1,2,3,4,5,6,1,1,2,2,3,3,4,4,5,5,6,6
maceoff_water_439	6,6,6,6,6,6,6,6,1,1,1,1,1,1,1,1,1,1,1,1,1,1,1,1	0.0,0.0,0.0,0.0,0.0,0.0,0.0,0.0,0.0,0.0,0.0,0.0,0.0,0.0,0.0,0.0,0.0,0.0,0.0,0.0,0.0,0.0,0.0,0.0	0,0,0,0,0,0,0,0,0,0,0,0,0,0,0,0,0,0,0,0,0,0,0,0	2,2,2,2,2,2,2,2,1,1,1,1,1,1,1,1,1,1,1,1,1,1,1,1	1/9,1/10,2/11,2/12,3/13,3/14,4/15,4/16,5/17,5/18,6/19,6/20,7/21,7/22,8/23,8/24	9/1/10,11/2/12,13/3/14,15/4/16,17/5/18,19/6/20,21/7/22,23/8/24	-	-	1,2,3,4,5,6,7,8,1,1,2,2,3,3,4,4,5,5,6,6,7,7,8,8
maceoff_water_440	6,6,6,6,6,6,6,6,6,1,1,1,1,1,1,1,1,1,1,1,1,1,1,1,1,1,1	0.0,0.0,0.0,0.0,0.0,0.0,0.0,0.0,0.0,0.0,0.0,0.0,0.0,0.0,0.0,0.0,0.0,0.0,0.0,0.0,0.0,0.0,0.0,0.0,0.0,0.0,0.0	0,0,0,0,0,0,0,0,0,0,0,0,0,0,0,0,0,0,0,0,0,0,0,0,0,0,0	2,2,2,2,2,2,2,2,2,1,1,1,1,1,1,1,1,1,1,1,1,1,1,1,1,1,1	1/10,1/11,2/12,2/13,3/14,3/15,4/16,4/17,5/18,5/19,6/20,6/21,7/22,7/23,8/24,8/25,9/26,9/27	10/1/11,12/2/13,14/3/15,16/4/17,18/5/19,20/6/21,22/7/23,24/8/25,26/9/27	-	-	1,2,3,4,5,6,7,8,9,1,1,2,2,3,3,4,4,5,5,6,6,7,7,8,8,9,9
maceoff_water_441	6,6,1,1,1,1	0.0,0.0,0.0,0.0,0.0,0.0	0,0,0,0,0,0	2,2,1,1,1,1	1/3,1/4,2/5,2/6	3/1/4,5/2/6	-	-	1,2,1,1,2,2
maceoff_water_442	6,6,6,6,6,6,6,6,6,6,6,6,6,6,6,6,6,6,6,6,6,6,6,6,6,1,1,1,1,1,1,1,1,1,1,1,1,1,1,1,1,1,1,1,1,1,1,1,1,1,1,1,1,1,1,1,1,1,1,1,1,1,1,1,1,1,1,1,1,1,1,1,1,1,1	0.0,0.0,0.0,0.0,0.0,0.0,0.0,0.0,0.0,0.0,0.0,0.0,0.0,0.0,0.0,0.0,0.0,0.0,0.0,0.0,0.0,0.0,0.0,0.0,0.0,0.0,0.0,0.0,0.0,0.0,0.0,0.0,0.0,0.0,0.0,0.0,0.0,0.0,0.0,0.0,0.0,0.0,0.0,0.0,0.0,0.0,0.0,0.0,0.0,0.0,0.0,0.0,0.0,0.0,0.0,0.0,0.0,0.0,0.0,0.0,0.0,0.0,0.0,0.0,0.0,0.0,0.0,0.0,0.0,0.0,0.0,0.0,0.0,0.0,0.0	0,0,0,0,0,0,0,0,0,0,0,0,0,0,0,0,0,0,0,0,0,0,0,0,0,0,0,0,0,0,0,0,0,0,0,0,0,0,0,0,0,0,0,0,0,0,0,0,0,0,0,0,0,0,0,0,0,0,0,0,0,0,0,0,0,0,0,0,0,0,0,0,0,0,0	2,2,2,2,2,2,2,2,2,2,2,2,2,2,2,2,2,2,2,2,2,2,2,2,2,1,1,1,1,1,1,1,1,1,1,1,1,1,1,1,1,1,1,1,1,1,1,1,1,1,1,1,1,1,1,1,1,1,1,1,1,1,1,1,1,1,1,1,1,1,1,1,1,1,1	1/26,1/27,2/28,2/29,3/30,3/31,4/32,4/33,5/34,5/35,6/36,6/37,7/38,7/39,8/40,8/41,9/42,9/43,10/44,10/45,11/46,11/47,12/48,12/49,13/50,13/51,14/52,14/53,15/54,15/55,16/56,16/57,17/58,17/59,18/60,18/61,19/62,19/63,20/64,20/65,21/66,21/67,22/68,22/69,23/70,23/71,24/72,24/73,25/74,25/75	26/1/27,28/2/29,30/3/31,32/4/33,34/5/35,36/6/37,38/7/39,40/8/41,42/9/43,44/10/45,46/11/47,48/12/49,50/13/51,52/14/53,54/15/55,56/16/57,58/17/59,60/18/61,62/19/63,64/20/65,66/21/67,68/22/69,70/23/71,72/24/73,74/25/75	-	-	1,2,3,4,5,6,7,8,9,10,11,12,13,14,15,16,17,18,19,20,21,22,23,24,25,1,1,2,2,3,3,4,4,5,5,6,6,7,7,8,8,9,9,10,10,11,11,12,12,13,13,14,14,15,15,16,16,17,17,18,18,19,19,20,20,21,21,22,22,23,23,24,24,25,25
maceoff_water_443	6,6,6,6,1,1,1,1,1,1,1,1	0.0,0.0,0.0,0.0,0.0,0.0,0.0,0.0,0.0,0.0,0.0,0.0	0,0,0,0,0,0,0,0,0,0,0,0	2,2,2,2,1,1,1,1,1,1,1,1	1/5,1/6,2/7,2/8,3/9,3/10,4/11,4/12	5/1/6,7/2/8,9/3/10,11/4/12	-	-	1,2,3,4,1,1,2,2,3,3,4,4
maceoff_water_444	6,6,6,6,6,6,6,6,6,6,6,6,1,1,1,1,1,1,1,1,1,1,1,1,1,1,1,1,1,1,1,1,1,1,1,1	0.0,0.0,0.0,0.0,0.0,0.0,0.0,0.0,0.0,0.0,0.0,0.0,0.0,0.0,0.0,0.0,0.0,0.0,0.0,0.0,0.0,0.0,0.0,0.0,0.0,0.0,0.0,0.0,0.0,0.0,0.0,0.0,0.0,0.0,0.0,0.0	0,0,0,0,0,0,0,0,0,0,0,0,0,0,0,0,0,0,0,0,0,0,0,0,0,0,0,0,0,0,0,0,0,0,0,0	2,2,2,2,2,2,2,2,2,2,2,2,1,1,1,1,1,1,1,1,1,1,1,1,1,1,1,1,1,1,1,1,1,1,1,1	1/13,1/14,2/15,2/16,3/17,3/18,4/19,4/20,5/21,5/22,6/23,6/24,7/25,7/26,8/27,8/28,9/29,9/30,10/31,10/32,11/33,11/34,12/35,12/36	13/1/14,15/2/16,17/3/18,19/4/20,21/5/22,23/6/24,25/7/26,27/8/28,29/9/30,31/10/32,33/11/34,35/12/36	-	-	1,2,3,4,5,6,7,8,9,10,11,12,1,1,2,2,3,3,4,4,5,5,6,6,7,7,8,8,9,9,10,10,11,11,12,12
maceoff_water_445	6,6,6,6,6,6,1,1,1,1,1,1,1,1,1,1,1,1	0.0,0.0,0.0,0.0,0.0,0.0,0.0,0.0,0.0,0.0,0.0,0.0,0.0,0.0,0.0,0.0,0.0,0.0	0,0,0,0,0,0,0,0,0,0,0,0,0,0,0,0,0,0	2,2,2,2,2,2,1,1,1,1,1,1,1,1,1,1,1,1	1/7,1/8,2/9,2/10,3/11,3/12,4/13,4/14,5/15,5/16,6/17,6/18	7/1/8,9/2/10,11/3/12,13/4/14,15/5/16,17/6/18	-	-	1,2,3,4,5,6,1,1,2,2,3,3,4,4,5,5,6,6
maceoff_water_446	6,6,6,6,6,6,6,6,1,1,1,1,1,1,1,1,1,1,1,1,1,1,1,1	0.0,0.0,0.0,0.0,0.0,0.0,0.0,0.0,0.0,0.0,0.0,0.0,0.0,0.0,0.0,0.0,0.0,0.0,0.0,0.0,0.0,0.0,0.0,0.0	0,0,0,0,0,0,0,0,0,0,0,0,0,0,0,0,0,0,0,0,0,0,0,0	2,2,2,2,2,2,2,2,1,1,1,1,1,1,1,1,1,1,1,1,1,1,1,1	1/9,1/10,2/11,2/12,3/13,3/14,4/15,4/16,5/17,5/18,6/19,6/20,7/21,7/22,8/23,8/24	9/1/10,11/2/12,13/3/14,15/4/16,17/5/18,19/6/20,21/7/22,23/8/24	-	-	1,2,3,4,5,6,7,8,1,1,2,2,3,3,4,4,5,5,6,6,7,7,8,8
maceoff_water_447	6,6,6,6,6,6,1,1,1,1,1,1,1,1,1,1,1,1	0.0,0.0,0.0,0.0,0.0,0.0,0.0,0.0,0.0,0.0,0.0,0.0,0.0,0.0,0.0,0.0,0.0,0.0	0,0,0,0,0,0,0,0,0,0,0,0,0,0,0,0,0,0	2,2,2,2,2,2,1,1,1,1,1,1,1,1,1,1,1,1	1/7,1/8,2/9,2/10,3/11,3/12,4/13,4/14,5/15,5/16,6/17,6/18	7/1/8,9/2/10,11/3/12,13/4/14,15/5/16,17/6/18	-	-	1,2,3,4,5,6,1,1,2,2,3,3,4,4,5,5,6,6
maceoff_water_448	6,6,6,1,1,1,1,1,1	0.0,0.0,0.0,0.0,0.0,0.0,0.0,0.0,0.0	0,0,0,0,0,0,0,0,0	2,2,2,1,1,1,1,1,1	1/4,1/5,2/6,2/7,3/8,3/9	4/1/5,6/2/7,8/3/9	-	-	1,2,3,1,1,2,2,3,3
maceoff_water_449	6,6,6,6,6,6,6,6,6,6,6,6,1,1,1,1,1,1,1,1,1,1,1,1,1,1,1,1,1,1,1,1,1,1,1,1	0.0,0.0,0.0,0.0,0.0,0.0,0.0,0.0,0.0,0.0,0.0,0.0,0.0,0.0,0.0,0.0,0.0,0.0,0.0,0.0,0.0,0.0,0.0,0.0,0.0,0.0,0.0,0.0,0.0,0.0,0.0,0.0,0.0,0.0,0.0,0.0	0,0,0,0,0,0,0,0,0,0,0,0,0,0,0,0,0,0,0,0,0,0,0,0,0,0,0,0,0,0,0,0,0,0,0,0	2,2,2,2,2,2,2,2,2,2,2,2,1,1,1,1,1,1,1,1,1,1,1,1,1,1,1,1,1,1,1,1,1,1,1,1	1/13,1/14,2/15,2/16,3/17,3/18,4/19,4/20,5/21,5/22,6/23,6/24,7/25,7/26,8/27,8/28,9/29,9/30,10/31,10/32,11/33,11/34,12/35,12/36	13/1/14,15/2/16,17/3/18,19/4/20,21/5/22,23/6/24,25/7/26,27/8/28,29/9/30,31/10/32,33/11/34,35/12/36	-	-	1,2,3,4,5,6,7,8,9,10,11,12,1,1,2,2,3,3,4,4,5,5,6,6,7,7,8,8,9,9,10,10,11,11,12,12
maceoff_water_450	6,1,1	0.0,0.0,0.0	0,0,0	2,1,1	1/2,1/3	2/1/3	-	-	1,1,1
maceoff_water_451	6,6,6,6,6,6,1,1,1,1,1,1,1,1,1,1,1,1	0.0,0.0,0.0,0.0,0.0,0.0,0.0,0.0,0.0,0.0,0.0,0.0,0.0,0.0,0.0,0.0,0.0,0.0	0,0,0,0,0,0,0,0,0,0,0,0,0,0,0,0,0,0	2,2,2,2,2,2,1,1,1,1,1,1,1,1,1,1,1,1	1/7,1/8,2/9,2/10,3/11,3/12,4/13,4/14,5/15,5/16,6/17,6/18	7/1/8,9/2/10,11/3/12,13/4/14,15/5/16,17/6/18	-	-	1,2,3,4,5,6,1,1,2,2,3,3,4,4,5,5,6,6
maceoff_water_452	6,6,6,6,1,1,1,1,1,1,1,1	0.0,0.0,0.0,0.0,0.0,0.0,0.0,0.0,0.0,0.0,0.0,0.0	0,0,0,0,0,0,0,0,0,0,0,0	2,2,2,2,1,1,1,1,1,1,1,1	1/5,1/6,2/7,2/8,3/9,3/10,4/11,4/12	5/1/6,7/2/8,9/3/10,11/4/12	-	-	1,2,3,4,1,1,2,2,3,3,4,4
maceoff_water_453	6,6,6,1,1,1,1,1,1	0.0,0.0,0.0,0.0,0.0,0.0,0.0,0.0,0.0	0,0,0,0,0,0,0,0,0	2,2,2,1,1,1,1,1,1	1/4,1/5,2/6,2/7,3/8,3/9	4/1/5,6/2/7,8/3/9	-	-	1,2,3,1,1,2,2,3,3
maceoff_water_454	6,6,6,6,6,6,1,1,1,1,1,1,1,1,1,1,1,1	0.0,0.0,0.0,0.0,0.0,0.0,0.0,0.0,0.0,0.0,0.0,0.0,0.0,0.0,0.0,0.0,0.0,0.0	0,0,0,0,0,0,0,0,0,0,0,0,0,0,0,0,0,0	2,2,2,2,2,2,1,1,1,1,1,1,1,1,1,1,1,1	1/7,1/8,2/9,2/10,3/11,3/12,4/13,4/14,5/15,5/16,6/17,6/18	7/1/8,9/2/10,11/3/12,13/4/14,15/5/16,17/6/18	-	-	1,2,3,4,5,6,1,1,2,2,3,3,4,4,5,5,6,6
maceoff_water_455	6,6,6,6,6,6,1,1,1,1,1,1,1,1,1,1,1,1	0.0,0.0,0.0,0.0,0.0,0.0,0.0,0.0,0.0,0.0,0.0,0.0,0.0,0.0,0.0,0.0,0.0,0.0	0,0,0,0,0,0,0,0,0,0,0,0,0,0,0,0,0,0	2,2,2,2,2,2,1,1,1,1,1,1,1,1,1,1,1,1	1/7,1/8,2/9,2/10,3/11,3/12,4/13,4/14,5/15,5/16,6/17,6/18	7/1/8,9/2/10,11/3/12,13/4/14,15/5/16,17/6/18	-	-	1,2,3,4,5,6,1,1,2,2,3,3,4,4,5,5,6,6
maceoff_water_456	6,6,6,1,1,1,1,1,1	0.0,0.0,0.0,0.0,0.0,0.0,0.0,0.0,0.0	0,0,0,0,0,0,0,0,0	2,2,2,1,1,1,1,1,1	1/4,1/5,2/6,2/7,3/8,3/9	4/1/5,6/2/7,8/3/9	-	-	1,2,3,1,1,2,2,3,3
maceoff_water_457	6,6,1,1,1,1	0.0,0.0,0.0,0.0,0.0,0.0	0,0,0,0,0,0	2,2,1,1,1,1	1/3,1/4,2/5,2/6	3/1/4,5/2/6	-	-	1,2,1,1,2,2
maceoff_water_458	6,6,6,6,6,6,6,6,6,6,1,1,1,1,1,1,1,1,1,1,1,1,1,1,1,1,1,1,1,1	0.0,0.0,0.0,0.0,0.0,0.0,0.0,0.0,0.0,0.0,0.0,0.0,0.0,0.0,0.0,0.0,0.0,0.0,0.0,0.0,0.0,0.0,0.0,0.0,0.0,0.0,0.0,0.0,0.0,0.0	0,0,0,0,0,0,0,0,0,0,0,0,0,0,0,0,0,0,0,0,0,0,0,0,0,0,0,0,0,0	2,2,2,2,2,2,2,2,2,2,1,1,1,1,1,1,1,1,1,1,1,1,1,1,1,1,1,1,1,1	1/11,1/12,2/13,2/14,3/15,3/16,4/17,4/18,5/19,5/20,6/21,6/22,7/23,7/24,8/25,8/26,9/27,9/28,10/29,10/30	11/1/12,13/2/14,15/3/16,17/4/18,19/5/20,21/6/22,23/7/24,25/8/26,27/9/28,29/10/30	-	-	1,2,3,4,5,6,7,8,9,10,1,1,2,2,3,3,4,4,5,5,6,6,7,7,8,8,9,9,10,10
maceoff_water_459	6,6,6,6,6,6,1,1,1,1,1,1,1,1,1,1,1,1	0.0,0.0,0.0,0.0,0.0,0.0,0.0,0.0,0.0,0.0,0.0,0.0,0.0,0.0,0.0,0.0,0.0,0.0	0,0,0,0,0,0,0,0,0,0,0,0,0,0,0,0,0,0	2,2,2,2,2,2,1,1,1,1,1,1,1,1,1,1,1,1	1/7,1/8,2/9,2/10,3/11,3/12,4/13,4/14,5/15,5/16,6/17,6/18	7/1/8,9/2/10,11/3/12,13/4/14,15/5/16,17/6/18	-	-	1,2,3,4,5,6,1,1,2,2,3,3,4,4,5,5,6,6
maceoff_water_460	6,6,6,6,6,6,1,1,1,1,1,1,1,1,1,1,1,1	0.0,0.0,0.0,0.0,0.0,0.0,0.0,0.0,0.0,0.0,0.0,0.0,0.0,0.0,0.0,0.0,0.0,0.0	0,0,0,0,0,0,0,0,0,0,0,0,0,0,0,0,0,0	2,2,2,2,2,2,1,1,1,1,1,1,1,1,1,1,1,1	1/7,1/8,2/9,2/10,3/11,3/12,4/13,4/14,5/15,5/16,6/17,6/18	7/1/8,9/2/10,11/3/12,13/4/14,15/5/16,17/6/18	-	-	1,2,3,4,5,6,1,1,2,2,3,3,4,4,5,5,6,6
maceoff_water_461	6,6,6,6,6,6,6,6,6,6,6,1,1,1,1,1,1,1,1,1,1,1,1,1,1,1,1,1,1,1,1,1,1	0.0,0.0,0.0,0.0,0.0,0.0,0.0,0.0,0.0,0.0,0.0,0.0,0.0,0.0,0.0,0.0,0.0,0.0,0.0,0.0,0.0,0.0,0.0,0.0,0.0,0.0,0.0,0.0,0.0,0.0,0.0,0.0,0.0	0,0,0,0,0,0,0,0,0,0,0,0,0,0,0,0,0,0,0,0,0,0,0,0,0,0,0,0,0,0,0,0,0	2,2,2,2,2,2,2,2,2,2,2,1,1,1,1,1,1,1,1,1,1,1,1,1,1,1,1,1,1,1,1,1,1	1/12,1/13,2/14,2/15,3/16,3/17,4/18,4/19,5/20,5/21,6/22,6/23,7/24,7/25,8/26,8/27,9/28,9/29,10/30,10/31,11/32,11/33	12/1/13,14/2/15,16/3/17,18/4/19,20/5/21,22/6/23,24/7/25,26/8/27,28/9/29,30/10/31,32/11/33	-	-	1,2,3,4,5,6,7,8,9,10,11,1,1,2,2,3,3,4,4,5,5,6,6,7,7,8,8,9,9,10,10,11,11
maceoff_water_462	6,6,1,1,1,1	0.0,0.0,0.0,0.0,0.0,0.0	0,0,0,0,0,0	2,2,1,1,1,1	1/3,1/4,2/5,2/6	3/1/4,5/2/6	-	-	1,2,1,1,2,2
maceoff_water_463	6,6,6,6,6,1,1,1,1,1,1,1,1,1,1	0.0,0.0,0.0,0.0,0.0,0.0,0.0,0.0,0.0,0.0,0.0,0.0,0.0,0.0,0.0	0,0,0,0,0,0,0,0,0,0,0,0,0,0,0	2,2,2,2,2,1,1,1,1,1,1,1,1,1,1	1/6,1/7,2/8,2/9,3/10,3/11,4/12,4/13,5/14,5/15	6/1/7,8/2/9,10/3/11,12/4/13,14/5/15	-	-	1,2,3,4,5,1,1,2,2,3,3,4,4,5,5
maceoff_water_464	6,6,1,1,1,1	0.0,0.0,0.0,0.0,0.0,0.0	0,0,0,0,0,0	2,2,1,1,1,1	1/3,1/4,2/5,2/6	3/1/4,5/2/6	-	-	1,2,1,1,2,2
maceoff_water_465	6,6,6,6,6,6,6,6,6,6,6,6,1,1,1,1,1,1,1,1,1,1,1,1,1,1,1,1,1,1,1,1,1,1,1,1	0.0,0.0,0.0,0.0,0.0,0.0,0.0,0.0,0.0,0.0,0.0,0.0,0.0,0.0,0.0,0.0,0.0,0.0,0.0,0.0,0.0,0.0,0.0,0.0,0.0,0.0,0.0,0.0,0.0,0.0,0.0,0.0,0.0,0.0,0.0,0.0	0,0,0,0,0,0,0,0,0,0,0,0,0,0,0,0,0,0,0,0,0,0,0,0,0,0,0,0,0,0,0,0,0,0,0,0	2,2,2,2,2,2,2,2,2,2,2,2,1,1,1,1,1,1,1,1,1,1,1,1,1,1,1,1,1,1,1,1,1,1,1,1	1/13,1/14,2/15,2/16,3/17,3/18,4/19,4/20,5/21,5/22,6/23,6/24,7/25,7/26,8/27,8/28,9/29,9/30,10/31,10/32,11/33,11/34,12/35,12/36	13/1/14,15/2/16,17/3/18,19/4/20,21/5/22,23/6/24,25/7/26,27/8/28,29/9/30,31/10/32,33/11/34,35/12/36	-	-	1,2,3,4,5,6,7,8,9,10,11,12,1,1,2,2,3,3,4,4,5,5,6,6,7,7,8,8,9,9,10,10,11,11,12,12
maceoff_water_466	6,6,6,6,6,1,1,1,1,1,1,1,1,1,1	0.0,0.0,0.0,0.0,0.0,0.0,0.0,0.0,0.0,0.0,0.0,0.0,0.0,0.0,0.0	0,0,0,0,0,0,0,0,0,0,0,0,0,0,0	2,2,2,2,2,1,1,1,1,1,1,1,1,1,1	1/6,1/7,2/8,2/9,3/10,3/11,4/12,4/13,5/14,5/15	6/1/7,8/2/9,10/3/11,12/4/13,14/5/15	-	-	1,2,3,4,5,1,1,2,2,3,3,4,4,5,5
maceoff_water_467	6,6,6,1,1,1,1,1,1	0.0,0.0,0.0,0.0,0.0,0.0,0.0,0.0,0.0	0,0,0,0,0,0,0,0,0	2,2,2,1,1,1,1,1,1	1/4,1/5,2/6,2/7,3/8,3/9	4/1/5,6/2/7,8/3/9	-	-	1,2,3,1,1,2,2,3,3
maceoff_water_468	6,6,6,6,6,6,6,6,6,1,1,1,1,1,1,1,1,1,1,1,1,1,1,1,1,1,1	0.0,0.0,0.0,0.0,0.0,0.0,0.0,0.0,0.0,0.0,0.0,0.0,0.0,0.0,0.0,0.0,0.0,0.0,0.0,0.0,0.0,0.0,0.0,0.0,0.0,0.0,0.0	0,0,0,0,0,0,0,0,0,0,0,0,0,0,0,0,0,0,0,0,0,0,0,0,0,0,0	2,2,2,2,2,2,2,2,2,1,1,1,1,1,1,1,1,1,1,1,1,1,1,1,1,1,1	1/10,1/11,2/12,2/13,3/14,3/15,4/16,4/17,5/18,5/19,6/20,6/21,7/22,7/23,8/24,8/25,9/26,9/27	10/1/11,12/2/13,14/3/15,16/4/17,18/5/19,20/6/21,22/7/23,24/8/25,26/9/27	-	-	1,2,3,4,5,6,7,8,9,1,1,2,2,3,3,4,4,5,5,6,6,7,7,8,8,9,9
maceoff_water_469	6,6,6,6,6,6,6,6,6,1,1,1,1,1,1,1,1,1,1,1,1,1,1,1,1,1,1	0.0,0.0,0.0,0.0,0.0,0.0,0.0,0.0,0.0,0.0,0.0,0.0,0.0,0.0,0.0,0.0,0.0,0.0,0.0,0.0,0.0,0.0,0.0,0.0,0.0,0.0,0.0	0,0,0,0,0,0,0,0,0,0,0,0,0,0,0,0,0,0,0,0,0,0,0,0,0,0,0	2,2,2,2,2,2,2,2,2,1,1,1,1,1,1,1,1,1,1,1,1,1,1,1,1,1,1	1/10,1/11,2/12,2/13,3/14,3/15,4/16,4/17,5/18,5/19,6/20,6/21,7/22,7/23,8/24,8/25,9/26,9/27	10/1/11,12/2/13,14/3/15,16/4/17,18/5/19,20/6/21,22/7/23,24/8/25,26/9/27	-	-	1,2,3,4,5,6,7,8,9,1,1,2,2,3,3,4,4,5,5,6,6,7,7,8,8,9,9
maceoff_water_470	6,6,6,6,6,6,6,1,1,1,1,1,1,1,1,1,1,1,1,1,1	0.0,0.0,0.0,0.0,0.0,0.0,0.0,0.0,0.0,0.0,0.0,0.0,0.0,0.0,0.0,0.0,0.0,0.0,0.0,0.0,0.0	0,0,0,0,0,0,0,0,0,0,0,0,0,0,0,0,0,0,0,0,0	2,2,2,2,2,2,2,1,1,1,1,1,1,1,1,1,1,1,1,1,1	1/8,1/9,2/10,2/11,3/12,3/13,4/14,4/15,5/16,5/17,6/18,6/19,7/20,7/21	8/1/9,10/2/11,12/3/13,14/4/15,16/5/17,18/6/19,20/7/21	-	-	1,2,3,4,5,6,7,1,1,2,2,3,3,4,4,5,5,6,6,7,7
maceoff_water_471	6,6,1,1,1,1	0.0,0.0,0.0,0.0,0.0,0.0	0,0,0,0,0,0	2,2,1,1,1,1	1/3,1/4,2/5,2/6	3/1/4,5/2/6	-	-	1,2,1,1,2,2
maceoff_water_472	6,6,6,6,6,6,6,6,1,1,1,1,1,1,1,1,1,1,1,1,1,1,1,1	0.0,0.0,0.0,0.0,0.0,0.0,0.0,0.0,0.0,0.0,0.0,0.0,0.0,0.0,0.0,0.0,0.0,0.0,0.0,0.0,0.0,0.0,0.0,0.0	0,0,0,0,0,0,0,0,0,0,0,0,0,0,0,0,0,0,0,0,0,0,0,0	2,2,2,2,2,2,2,2,1,1,1,1,1,1,1,1,1,1,1,1,1,1,1,1	1/9,1/10,2/11,2/12,3/13,3/14,4/15,4/16,5/17,5/18,6/19,6/20,7/21,7/22,8/23,8/24	9/1/10,11/2/12,13/3/14,15/4/16,17/5/18,19/6/20,21/7/22,23/8/24	-	-	1,2,3,4,5,6,7,8,1,1,2,2,3,3,4,4,5,5,6,6,7,7,8,8
maceoff_water_473	6,6,6,6,6,6,6,6,6,6,6,6,1,1,1,1,1,1,1,1,1,1,1,1,1,1,1,1,1,1,1,1,1,1,1,1	0.0,0.0,0.0,0.0,0.0,0.0,0.0,0.0,0.0,0.0,0.0,0.0,0.0,0.0,0.0,0.0,0.0,0.0,0.0,0.0,0.0,0.0,0.0,0.0,0.0,0.0,0.0,0.0,0.0,0.0,0.0,0.0,0.0,0.0,0.0,0.0	0,0,0,0,0,0,0,0,0,0,0,0,0,0,0,0,0,0,0,0,0,0,0,0,0,0,0,0,0,0,0,0,0,0,0,0	2,2,2,2,2,2,2,2,2,2,2,2,1,1,1,1,1,1,1,1,1,1,1,1,1,1,1,1,1,1,1,1,1,1,1,1	1/13,1/14,2/15,2/16,3/17,3/18,4/19,4/20,5/21,5/22,6/23,6/24,7/25,7/26,8/27,8/28,9/29,9/30,10/31,10/32,11/33,11/34,12/35,12/36	13/1/14,15/2/16,17/3/18,19/4/20,21/5/22,23/6/24,25/7/26,27/8/28,29/9/30,31/10/32,33/11/34,35/12/36	-	-	1,2,3,4,5,6,7,8,9,10,11,12,1,1,2,2,3,3,4,4,5,5,6,6,7,7,8,8,9,9,10,10,11,11,12,12
maceoff_water_474	6,6,6,6,6,6,6,1,1,1,1,1,1,1,1,1,1,1,1,1,1	0.0,0.0,0.0,0.0,0.0,0.0,0.0,0.0,0.0,0.0,0.0,0.0,0.0,0.0,0.0,0.0,0.0,0.0,0.0,0.0,0.0	0,0,0,0,0,0,0,0,0,0,0,0,0,0,0,0,0,0,0,0,0	2,2,2,2,2,2,2,1,1,1,1,1,1,1,1,1,1,1,1,1,1	1/8,1/9,2/10,2/11,3/12,3/13,4/14,4/15,5/16,5/17,6/18,6/19,7/20,7/21	8/1/9,10/2/11,12/3/13,14/4/15,16/5/17,18/6/19,20/7/21	-	-	1,2,3,4,5,6,7,1,1,2,2,3,3,4,4,5,5,6,6,7,7
maceoff_water_475	6,6,6,1,1,1,1,1,1	0.0,0.0,0.0,0.0,0.0,0.0,0.0,0.0,0.0	0,0,0,0,0,0,0,0,0	2,2,2,1,1,1,1,1,1	1/4,1/5,2/6,2/7,3/8,3/9	4/1/5,6/2/7,8/3/9	-	-	1,2,3,1,1,2,2,3,3
maceoff_water_476	6,6,6,1,1,1,1,1,1	0.0,0.0,0.0,0.0,0.0,0.0,0.0,0.0,0.0	0,0,0,0,0,0,0,0,0	2,2,2,1,1,1,1,1,1	1/4,1/5,2/6,2/7,3/8,3/9	4/1/5,6/2/7,8/3/9	-	-	1,2,3,1,1,2,2,3,3
maceoff_water_477	6,6,6,6,6,6,6,6,6,6,6,1,1,1,1,1,1,1,1,1,1,1,1,1,1,1,1,1,1,1,1,1,1	0.0,0.0,0.0,0.0,0.0,0.0,0.0,0.0,0.0,0.0,0.0,0.0,0.0,0.0,0.0,0.0,0.0,0.0,0.0,0.0,0.0,0.0,0.0,0.0,0.0,0.0,0.0,0.0,0.0,0.0,0.0,0.0,0.0	0,0,0,0,0,0,0,0,0,0,0,0,0,0,0,0,0,0,0,0,0,0,0,0,0,0,0,0,0,0,0,0,0	2,2,2,2,2,2,2,2,2,2,2,1,1,1,1,1,1,1,1,1,1,1,1,1,1,1,1,1,1,1,1,1,1	1/12,1/13,2/14,2/15,3/16,3/17,4/18,4/19,5/20,5/21,6/22,6/23,7/24,7/25,8/26,8/27,9/28,9/29,10/30,10/31,11/32,11/33	12/1/13,14/2/15,16/3/17,18/4/19,20/5/21,22/6/23,24/7/25,26/8/27,28/9/29,30/10/31,32/11/33	-	-	1,2,3,4,5,6,7,8,9,10,11,1,1,2,2,3,3,4,4,5,5,6,6,7,7,8,8,9,9,10,10,11,11
maceoff_water_478	6,6,6,6,6,1,1,1,1,1,1,1,1,1,1	0.0,0.0,0.0,0.0,0.0,0.0,0.0,0.0,0.0,0.0,0.0,0.0,0.0,0.0,0.0	0,0,0,0,0,0,0,0,0,0,0,0,0,0,0	2,2,2,2,2,1,1,1,1,1,1,1,1,1,1	1/6,1/7,2/8,2/9,3/10,3/11,4/12,4/13,5/14,5/15	6/1/7,8/2/9,10/3/11,12/4/13,14/5/15	-	-	1,2,3,4,5,1,1,2,2,3,3,4,4,5,5
maceoff_water_479	6,6,6,6,6,6,6,6,6,6,6,6,1,1,1,1,1,1,1,1,1,1,1,1,1,1,1,1,1,1,1,1,1,1,1,1	0.0,0.0,0.0,0.0,0.0,0.0,0.0,0.0,0.0,0.0,0.0,0.0,0.0,0.0,0.0,0.0,0.0,0.0,0.0,0.0,0.0,0.0,0.0,0.0,0.0,0.0,0.0,0.0,0.0,0.0,0.0,0.0,0.0,0.0,0.0,0.0	0,0,0,0,0,0,0,0,0,0,0,0,0,0,0,0,0,0,0,0,0,0,0,0,0,0,0,0,0,0,0,0,0,0,0,0	2,2,2,2,2,2,2,2,2,2,2,2,1,1,1,1,1,1,1,1,1,1,1,1,1,1,1,1,1,1,1,1,1,1,1,1	1/13,1/14,2/15,2/16,3/17,3/18,4/19,4/20,5/21,5/22,6/23,6/24,7/25,7/26,8/27,8/28,9/29,9/30,10/31,10/32,11/33,11/34,12/35,12/36	13/1/14,15/2/16,17/3/18,19/4/20,21/5/22,23/6/24,25/7/26,27/8/28,29/9/30,31/10/32,33/11/34,35/12/36	-	-	1,2,3,4,5,6,7,8,9,10,11,12,1,1,2,2,3,3,4,4,5,5,6,6,7,7,8,8,9,9,10,10,11,11,12,12
maceoff_water_480	6,6,6,1,1,1,1,1,1	0.0,0.0,0.0,0.0,0.0,0.0,0.0,0.0,0.0	0,0,0,0,0,0,0,0,0	2,2,2,1,1,1,1,1,1	1/4,1/5,2/6,2/7,3/8,3/9	4/1/5,6/2/7,8/3/9	-	-	1,2,3,1,1,2,2,3,3
maceoff_water_481	6,1,1	0.0,0.0,0.0	0,0,0	2,1,1	1/2,1/3	2/1/3	-	-	1,1,1
maceoff_water_482	6,6,6,6,6,6,6,6,6,6,6,1,1,1,1,1,1,1,1,1,1,1,1,1,1,1,1,1,1,1,1,1,1	0.0,0.0,0.0,0.0,0.0,0.0,0.0,0.0,0.0,0.0,0.0,0.0,0.0,0.0,0.0,0.0,0.0,0.0,0.0,0.0,0.0,0.0,0.0,0.0,0.0,0.0,0.0,0.0,0.0,0.0,0.0,0.0,0.0	0,0,0,0,0,0,0,0,0,0,0,0,0,0,0,0,0,0,0,0,0,0,0,0,0,0,0,0,0,0,0,0,0	2,2,2,2,2,2,2,2,2,2,2,1,1,1,1,1,1,1,1,1,1,1,1,1,1,1,1,1,1,1,1,1,1	1/12,1/13,2/14,2/15,3/16,3/17,4/18,4/19,5/20,5/21,6/22,6/23,7/24,7/25,8/26,8/27,9/28,9/29,10/30,10/31,11/32,11/33	12/1/13,14/2/15,16/3/17,18/4/19,20/5/21,22/6/23,24/7/25,26/8/27,28/9/29,30/10/31,32/11/33	-	-	1,2,3,4,5,6,7,8,9,10,11,1,1,2,2,3,3,4,4,5,5,6,6,7,7,8,8,9,9,10,10,11,11
maceoff_water_483	6,6,6,1,1,1,1,1,1	0.0,0.0,0.0,0.0,0.0,0.0,0.0,0.0,0.0	0,0,0,0,0,0,0,0,0	2,2,2,1,1,1,1,1,1	1/4,1/5,2/6,2/7,3/8,3/9	4/1/5,6/2/7,8/3/9	-	-	1,2,3,1,1,2,2,3,3
maceoff_water_484	6,6,6,6,6,6,6,6,1,1,1,1,1,1,1,1,1,1,1,1,1,1,1,1	0.0,0.0,0.0,0.0,0.0,0.0,0.0,0.0,0.0,0.0,0.0,0.0,0.0,0.0,0.0,0.0,0.0,0.0,0.0,0.0,0.0,0.0,0.0,0.0	0,0,0,0,0,0,0,0,0,0,0,0,0,0,0,0,0,0,0,0,0,0,0,0	2,2,2,2,2,2,2,2,1,1,1,1,1,1,1,1,1,1,1,1,1,1,1,1	1/9,1/10,2/11,2/12,3/13,3/14,4/15,4/16,5/17,5/18,6/19,6/20,7/21,7/22,8/23,8/24	9/1/10,11/2/12,13/3/14,15/4/16,17/5/18,19/6/20,21/7/22,23/8/24	-	-	1,2,3,4,5,6,7,8,1,1,2,2,3,3,4,4,5,5,6,6,7,7,8,8
maceoff_water_485	6,6,6,6,6,6,6,1,1,1,1,1,1,1,1,1,1,1,1,1,1	0.0,0.0,0.0,0.0,0.0,0.0,0.0,0.0,0.0,0.0,0.0,0.0,0.0,0.0,0.0,0.0,0.0,0.0,0.0,0.0,0.0	0,0,0,0,0,0,0,0,0,0,0,0,0,0,0,0,0,0,0,0,0	2,2,2,2,2,2,2,1,1,1,1,1,1,1,1,1,1,1,1,1,1	1/8,1/9,2/10,2/11,3/12,3/13,4/14,4/15,5/16,5/17,6/18,6/19,7/20,7/21	8/1/9,10/2/11,12/3/13,14/4/15,16/5/17,18/6/19,20/7/21	-	-	1,2,3,4,5,6,7,1,1,2,2,3,3,4,4,5,5,6,6,7,7
maceoff_water_486	6,6,6,6,6,1,1,1,1,1,1,1,1,1,1	0.0,0.0,0.0,0.0,0.0,0.0,0.0,0.0,0.0,0.0,0.0,0.0,0.0,0.0,0.0	0,0,0,0,0,0,0,0,0,0,0,0,0,0,0	2,2,2,2,2,1,1,1,1,1,1,1,1,1,1	1/6,1/7,2/8,2/9,3/10,3/11,4/12,4/13,5/14,5/15	6/1/7,8/2/9,10/3/11,12/4/13,14/5/15	-	-	1,2,3,4,5,1,1,2,2,3,3,4,4,5,5
maceoff_water_487	6,6,6,6,6,6,6,6,6,6,6,6,1,1,1,1,1,1,1,1,1,1,1,1,1,1,1,1,1,1,1,1,1,1,1,1	0.0,0.0,0.0,0.0,0.0,0.0,0.0,0.0,0.0,0.0,0.0,0.0,0.0,0.0,0.0,0.0,0.0,0.0,0.0,0.0,0.0,0.0,0.0,0.0,0.0,0.0,0.0,0.0,0.0,0.0,0.0,0.0,0.0,0.0,0.0,0.0	0,0,0,0,0,0,0,0,0,0,0,0,0,0,0,0,0,0,0,0,0,0,0,0,0,0,0,0,0,0,0,0,0,0,0,0	2,2,2,2,2,2,2,2,2,2,2,2,1,1,1,1,1,1,1,1,1,1,1,1,1,1,1,1,1,1,1,1,1,1,1,1	1/13,1/14,2/15,2/16,3/17,3/18,4/19,4/20,5/21,5/22,6/23,6/24,7/25,7/26,8/27,8/28,9/29,9/30,10/31,10/32,11/33,11/34,12/35,12/36	13/1/14,15/2/16,17/3/18,19/4/20,21/5/22,23/6/24,25/7/26,27/8/28,29/9/30,31/10/32,33/11/34,35/12/36	-	-	1,2,3,4,5,6,7,8,9,10,11,12,1,1,2,2,3,3,4,4,5,5,6,6,7,7,8,8,9,9,10,10,11,11,12,12
maceoff_water_488	6,6,6,6,6,6,1,1,1,1,1,1,1,1,1,1,1,1	0.0,0.0,0.0,0.0,0.0,0.0,0.0,0.0,0.0,0.0,0.0,0.0,0.0,0.0,0.0,0.0,0.0,0.0	0,0,0,0,0,0,0,0,0,0,0,0,0,0,0,0,0,0	2,2,2,2,2,2,1,1,1,1,1,1,1,1,1,1,1,1	1/7,1/8,2/9,2/10,3/11,3/12,4/13,4/14,5/15,5/16,6/17,6/18	7/1/8,9/2/10,11/3/12,13/4/14,15/5/16,17/6/18	-	-	1,2,3,4,5,6,1,1,2,2,3,3,4,4,5,5,6,6
maceoff_water_489	6,6,6,6,6,6,1,1,1,1,1,1,1,1,1,1,1,1	0.0,0.0,0.0,0.0,0.0,0.0,0.0,0.0,0.0,0.0,0.0,0.0,0.0,0.0,0.0,0.0,0.0,0.0	0,0,0,0,0,0,0,0,0,0,0,0,0,0,0,0,0,0	2,2,2,2,2,2,1,1,1,1,1,1,1,1,1,1,1,1	1/7,1/8,2/9,2/10,3/11,3/12,4/13,4/14,5/15,5/16,6/17,6/18	7/1/8,9/2/10,11/3/12,13/4/14,15/5/16,17/6/18	-	-	1,2,3,4,5,6,1,1,2,2,3,3,4,4,5,5,6,6
maceoff_water_490	6,6,6,6,6,6,6,1,1,1,1,1,1,1,1,1,1,1,1,1,1	0.0,0.0,0.0,0.0,0.0,0.0,0.0,0.0,0.0,0.0,0.0,0.0,0.0,0.0,0.0,0.0,0.0,0.0,0.0,0.0,0.0	0,0,0,0,0,0,0,0,0,0,0,0,0,0,0,0,0,0,0,0,0	2,2,2,2,2,2,2,1,1,1,1,1,1,1,1,1,1,1,1,1,1	1/8,1/9,2/10,2/11,3/12,3/13,4/14,4/15,5/16,5/17,6/18,6/19,7/20,7/21	8/1/9,10/2/11,12/3/13,14/4/15,16/5/17,18/6/19,20/7/21	-	-	1,2,3,4,5,6,7,1,1,2,2,3,3,4,4,5,5,6,6,7,7
maceoff_water_491	6,6,6,6,6,6,1,1,1,1,1,1,1,1,1,1,1,1	0.0,0.0,0.0,0.0,0.0,0.0,0.0,0.0,0.0,0.0,0.0,0.0,0.0,0.0,0.0,0.0,0.0,0.0	0,0,0,0,0,0,0,0,0,0,0,0,0,0,0,0,0,0	2,2,2,2,2,2,1,1,1,1,1,1,1,1,1,1,1,1	1/7,1/8,2/9,2/10,3/11,3/12,4/13,4/14,5/15,5/16,6/17,6/18	7/1/8,9/2/10,11/3/12,13/4/14,15/5/16,17/6/18	-	-	1,2,3,4,5,6,1,1,2,2,3,3,4,4,5,5,6,6
maceoff_water_492	6,6,6,6,6,6,6,6,1,1,1,1,1,1,1,1,1,1,1,1,1,1,1,1	0.0,0.0,0.0,0.0,0.0,0.0,0.0,0.0,0.0,0.0,0.0,0.0,0.0,0.0,0.0,0.0,0.0,0.0,0.0,0.0,0.0,0.0,0.0,0.0	0,0,0,0,0,0,0,0,0,0,0,0,0,0,0,0,0,0,0,0,0,0,0,0	2,2,2,2,2,2,2,2,1,1,1,1,1,1,1,1,1,1,1,1,1,1,1,1	1/9,1/10,2/11,2/12,3/13,3/14,4/15,4/16,5/17,5/18,6/19,6/20,7/21,7/22,8/23,8/24	9/1/10,11/2/12,13/3/14,15/4/16,17/5/18,19/6/20,21/7/22,23/8/24	-	-	1,2,3,4,5,6,7,8,1,1,2,2,3,3,4,4,5,5,6,6,7,7,8,8
maceoff_water_493	6,6,6,6,6,6,6,6,6,6,1,1,1,1,1,1,1,1,1,1,1,1,1,1,1,1,1,1,1,1	0.0,0.0,0.0,0.0,0.0,0.0,0.0,0.0,0.0,0.0,0.0,0.0,0.0,0.0,0.0,0.0,0.0,0.0,0.0,0.0,0.0,0.0,0.0,0.0,0.0,0.0,0.0,0.0,0.0,0.0	0,0,0,0,0,0,0,0,0,0,0,0,0,0,0,0,0,0,0,0,0,0,0,0,0,0,0,0,0,0	2,2,2,2,2,2,2,2,2,2,1,1,1,1,1,1,1,1,1,1,1,1,1,1,1,1,1,1,1,1	1/11,1/12,2/13,2/14,3/15,3/16,4/17,4/18,5/19,5/20,6/21,6/22,7/23,7/24,8/25,8/26,9/27,9/28,10/29,10/30	11/1/12,13/2/14,15/3/16,17/4/18,19/5/20,21/6/22,23/7/24,25/8/26,27/9/28,29/10/30	-	-	1,2,3,4,5,6,7,8,9,10,1,1,2,2,3,3,4,4,5,5,6,6,7,7,8,8,9,9,10,10
maceoff_water_494	6,6,6,6,6,6,6,6,6,6,6,6,1,1,1,1,1,1,1,1,1,1,1,1,1,1,1,1,1,1,1,1,1,1,1,1	0.0,0.0,0.0,0.0,0.0,0.0,0.0,0.0,0.0,0.0,0.0,0.0,0.0,0.0,0.0,0.0,0.0,0.0,0.0,0.0,0.0,0.0,0.0,0.0,0.0,0.0,0.0,0.0,0.0,0.0,0.0,0.0,0.0,0.0,0.0,0.0	0,0,0,0,0,0,0,0,0,0,0,0,0,0,0,0,0,0,0,0,0,0,0,0,0,0,0,0,0,0,0,0,0,0,0,0	2,2,2,2,2,2,2,2,2,2,2,2,1,1,1,1,1,1,1,1,1,1,1,1,1,1,1,1,1,1,1,1,1,1,1,1	1/13,1/14,2/15,2/16,3/17,3/18,4/19,4/20,5/21,5/22,6/23,6/24,7/25,7/26,8/27,8/28,9/29,9/30,10/31,10/32,11/33,11/34,12/35,12/36	13/1/14,15/2/16,17/3/18,19/4/20,21/5/22,23/6/24,25/7/26,27/8/28,29/9/30,31/10/32,33/11/34,35/12/36	-	-	1,2,3,4,5,6,7,8,9,10,11,12,1,1,2,2,3,3,4,4,5,5,6,6,7,7,8,8,9,9,10,10,11,11,12,12
maceoff_water_495	6,6,6,6,6,6,6,6,6,1,1,1,1,1,1,1,1,1,1,1,1,1,1,1,1,1,1	0.0,0.0,0.0,0.0,0.0,0.0,0.0,0.0,0.0,0.0,0.0,0.0,0.0,0.0,0.0,0.0,0.0,0.0,0.0,0.0,0.0,0.0,0.0,0.0,0.0,0.0,0.0	0,0,0,0,0,0,0,0,0,0,0,0,0,0,0,0,0,0,0,0,0,0,0,0,0,0,0	2,2,2,2,2,2,2,2,2,1,1,1,1,1,1,1,1,1,1,1,1,1,1,1,1,1,1	1/10,1/11,2/12,2/13,3/14,3/15,4/16,4/17,5/18,5/19,6/20,6/21,7/22,7/23,8/24,8/25,9/26,9/27	10/1/11,12/2/13,14/3/15,16/4/17,18/5/19,20/6/21,22/7/23,24/8/25,26/9/27	-	-	1,2,3,4,5,6,7,8,9,1,1,2,2,3,3,4,4,5,5,6,6,7,7,8,8,9,9
maceoff_water_496	6,6,6,1,1,1,1,1,1	0.0,0.0,0.0,0.0,0.0,0.0,0.0,0.0,0.0	0,0,0,0,0,0,0,0,0	2,2,2,1,1,1,1,1,1	1/4,1/5,2/6,2/7,3/8,3/9	4/1/5,6/2/7,8/3/9	-	-	1,2,3,1,1,2,2,3,3
maceoff_water_497	6,6,1,1,1,1	0.0,0.0,0.0,0.0,0.0,0.0	0,0,0,0,0,0	2,2,1,1,1,1	1/3,1/4,2/5,2/6	3/1/4,5/2/6	-	-	1,2,1,1,2,2
maceoff_water_498	6,6,6,6,1,1,1,1,1,1,1,1	0.0,0.0,0.0,0.0,0.0,0.0,0.0,0.0,0.0,0.0,0.0,0.0	0,0,0,0,0,0,0,0,0,0,0,0	2,2,2,2,1,1,1,1,1,1,1,1	1/5,1/6,2/7,2/8,3/9,3/10,4/11,4/12	5/1/6,7/2/8,9/3/10,11/4/12	-	-	1,2,3,4,1,1,2,2,3,3,4,4
maceoff_water_499	6,1,1	0.0,0.0,0.0	0,0,0	2,1,1	1/2,1/3	2/1/3	-	-	1,1,1
maceoff_water_500	6,6,6,6,6,1,1,1,1,1,1,1,1,1,1	0.0,0.0,0.0,0.0,0.0,0.0,0.0,0.0,0.0,0.0,0.0,0.0,0.0,0.0,0.0	0,0,0,0,0,0,0,0,0,0,0,0,0,0,0	2,2,2,2,2,1,1,1,1,1,1,1,1,1,1	1/6,1/7,2/8,2/9,3/10,3/11,4/12,4/13,5/14,5/15	6/1/7,8/2/9,10/3/11,12/4/13,14/5/15	-	-	1,2,3,4,5,1,1,2,2,3,3,4,4,5,5
maceoff_water_501	6,6,6,6,6,6,6,6,6,6,1,1,1,1,1,1,1,1,1,1,1,1,1,1,1,1,1,1,1,1	0.0,0.0,0.0,0.0,0.0,0.0,0.0,0.0,0.0,0.0,0.0,0.0,0.0,0.0,0.0,0.0,0.0,0.0,0.0,0.0,0.0,0.0,0.0,0.0,0.0,0.0,0.0,0.0,0.0,0.0	0,0,0,0,0,0,0,0,0,0,0,0,0,0,0,0,0,0,0,0,0,0,0,0,0,0,0,0,0,0	2,2,2,2,2,2,2,2,2,2,1,1,1,1,1,1,1,1,1,1,1,1,1,1,1,1,1,1,1,1	1/11,1/12,2/13,2/14,3/15,3/16,4/17,4/18,5/19,5/20,6/21,6/22,7/23,7/24,8/25,8/26,9/27,9/28,10/29,10/30	11/1/12,13/2/14,15/3/16,17/4/18,19/5/20,21/6/22,23/7/24,25/8/26,27/9/28,29/10/30	-	-	1,2,3,4,5,6,7,8,9,10,1,1,2,2,3,3,4,4,5,5,6,6,7,7,8,8,9,9,10,10
maceoff_water_502	6,1,1	0.0,0.0,0.0	0,0,0	2,1,1	1/2,1/3	2/1/3	-	-	1,1,1
maceoff_water_503	6,6,6,6,6,6,6,6,6,1,1,1,1,1,1,1,1,1,1,1,1,1,1,1,1,1,1	0.0,0.0,0.0,0.0,0.0,0.0,0.0,0.0,0.0,0.0,0.0,0.0,0.0,0.0,0.0,0.0,0.0,0.0,0.0,0.0,0.0,0.0,0.0,0.0,0.0,0.0,0.0	0,0,0,0,0,0,0,0,0,0,0,0,0,0,0,0,0,0,0,0,0,0,0,0,0,0,0	2,2,2,2,2,2,2,2,2,1,1,1,1,1,1,1,1,1,1,1,1,1,1,1,1,1,1	1/10,1/11,2/12,2/13,3/14,3/15,4/16,4/17,5/18,5/19,6/20,6/21,7/22,7/23,8/24,8/25,9/26,9/27	10/1/11,12/2/13,14/3/15,16/4/17,18/5/19,20/6/21,22/7/23,24/8/25,26/9/27	-	-	1,2,3,4,5,6,7,8,9,1,1,2,2,3,3,4,4,5,5,6,6,7,7,8,8,9,9
maceoff_water_504	6,6,6,6,6,6,6,1,1,1,1,1,1,1,1,1,1,1,1,1,1	0.0,0.0,0.0,0.0,0.0,0.0,0.0,0.0,0.0,0.0,0.0,0.0,0.0,0.0,0.0,0.0,0.0,0.0,0.0,0.0,0.0	0,0,0,0,0,0,0,0,0,0,0,0,0,0,0,0,0,0,0,0,0	2,2,2,2,2,2,2,1,1,1,1,1,1,1,1,1,1,1,1,1,1	1/8,1/9,2/10,2/11,3/12,3/13,4/14,4/15,5/16,5/17,6/18,6/19,7/20,7/21	8/1/9,10/2/11,12/3/13,14/4/15,16/5/17,18/6/19,20/7/21	-	-	1,2,3,4,5,6,7,1,1,2,2,3,3,4,4,5,5,6,6,7,7
maceoff_water_505	6,6,1,1,1,1	0.0,0.0,0.0,0.0,0.0,0.0	0,0,0,0,0,0	2,2,1,1,1,1	1/3,1/4,2/5,2/6	3/1/4,5/2/6	-	-	1,2,1,1,2,2
maceoff_water_506	6,6,6,6,6,6,6,6,6,6,6,6,1,1,1,1,1,1,1,1,1,1,1,1,1,1,1,1,1,1,1,1,1,1,1,1	0.0,0.0,0.0,0.0,0.0,0.0,0.0,0.0,0.0,0.0,0.0,0.0,0.0,0.0,0.0,0.0,0.0,0.0,0.0,0.0,0.0,0.0,0.0,0.0,0.0,0.0,0.0,0.0,0.0,0.0,0.0,0.0,0.0,0.0,0.0,0.0	0,0,0,0,0,0,0,0,0,0,0,0,0,0,0,0,0,0,0,0,0,0,0,0,0,0,0,0,0,0,0,0,0,0,0,0	2,2,2,2,2,2,2,2,2,2,2,2,1,1,1,1,1,1,1,1,1,1,1,1,1,1,1,1,1,1,1,1,1,1,1,1	1/13,1/14,2/15,2/16,3/17,3/18,4/19,4/20,5/21,5/22,6/23,6/24,7/25,7/26,8/27,8/28,9/29,9/30,10/31,10/32,11/33,11/34,12/35,12/36	13/1/14,15/2/16,17/3/18,19/4/20,21/5/22,23/6/24,25/7/26,27/8/28,29/9/30,31/10/32,33/11/34,35/12/36	-	-	1,2,3,4,5,6,7,8,9,10,11,12,1,1,2,2,3,3,4,4,5,5,6,6,7,7,8,8,9,9,10,10,11,11,12,12
maceoff_water_507	6,6,6,6,6,6,6,6,6,6,6,6,6,6,6,6,6,6,6,6,6,6,6,6,6,1,1,1,1,1,1,1,1,1,1,1,1,1,1,1,1,1,1,1,1,1,1,1,1,1,1,1,1,1,1,1,1,1,1,1,1,1,1,1,1,1,1,1,1,1,1,1,1,1,1	0.0,0.0,0.0,0.0,0.0,0.0,0.0,0.0,0.0,0.0,0.0,0.0,0.0,0.0,0.0,0.0,0.0,0.0,0.0,0.0,0.0,0.0,0.0,0.0,0.0,0.0,0.0,0.0,0.0,0.0,0.0,0.0,0.0,0.0,0.0,0.0,0.0,0.0,0.0,0.0,0.0,0.0,0.0,0.0,0.0,0.0,0.0,0.0,0.0,0.0,0.0,0.0,0.0,0.0,0.0,0.0,0.0,0.0,0.0,0.0,0.0,0.0,0.0,0.0,0.0,0.0,0.0,0.0,0.0,0.0,0.0,0.0,0.0,0.0,0.0	0,0,0,0,0,0,0,0,0,0,0,0,0,0,0,0,0,0,0,0,0,0,0,0,0,0,0,0,0,0,0,0,0,0,0,0,0,0,0,0,0,0,0,0,0,0,0,0,0,0,0,0,0,0,0,0,0,0,0,0,0,0,0,0,0,0,0,0,0,0,0,0,0,0,0	2,2,2,2,2,2,2,2,2,2,2,2,2,2,2,2,2,2,2,2,2,2,2,2,2,1,1,1,1,1,1,1,1,1,1,1,1,1,1,1,1,1,1,1,1,1,1,1,1,1,1,1,1,1,1,1,1,1,1,1,1,1,1,1,1,1,1,1,1,1,1,1,1,1,1	1/26,1/27,2/28,2/29,3/30,3/31,4/32,4/33,5/34,5/35,6/36,6/37,7/38,7/39,8/40,8/41,9/42,9/43,10/44,10/45,11/46,11/47,12/48,12/49,13/50,13/51,14/52,14/53,15/54,15/55,16/56,16/57,17/58,17/59,18/60,18/61,19/62,19/63,20/64,20/65,21/66,21/67,22/68,22/69,23/70,23/71,24/72,24/73,25/74,25/75	26/1/27,28/2/29,30/3/31,32/4/33,34/5/35,36/6/37,38/7/39,40/8/41,42/9/43,44/10/45,46/11/47,48/12/49,50/13/51,52/14/53,54/15/55,56/16/57,58/17/59,60/18/61,62/19/63,64/20/65,66/21/67,68/22/69,70/23/71,72/24/73,74/25/75	-	-	1,2,3,4,5,6,7,8,9,10,11,12,13,14,15,16,17,18,19,20,21,22,23,24,25,1,1,2,2,3,3,4,4,5,5,6,6,7,7,8,8,9,9,10,10,11,11,12,12,13,13,14,14,15,15,16,16,17,17,18,18,19,19,20,20,21,21,22,22,23,23,24,24,25,25
maceoff_water_508	6,6,6,6,6,6,6,6,6,1,1,1,1,1,1,1,1,1,1,1,1,1,1,1,1,1,1	0.0,0.0,0.0,0.0,0.0,0.0,0.0,0.0,0.0,0.0,0.0,0.0,0.0,0.0,0.0,0.0,0.0,0.0,0.0,0.0,0.0,0.0,0.0,0.0,0.0,0.0,0.0	0,0,0,0,0,0,0,0,0,0,0,0,0,0,0,0,0,0,0,0,0,0,0,0,0,0,0	2,2,2,2,2,2,2,2,2,1,1,1,1,1,1,1,1,1,1,1,1,1,1,1,1,1,1	1/10,1/11,2/12,2/13,3/14,3/15,4/16,4/17,5/18,5/19,6/20,6/21,7/22,7/23,8/24,8/25,9/26,9/27	10/1/11,12/2/13,14/3/15,16/4/17,18/5/19,20/6/21,22/7/23,24/8/25,26/9/27	-	-	1,2,3,4,5,6,7,8,9,1,1,2,2,3,3,4,4,5,5,6,6,7,7,8,8,9,9
maceoff_water_509	6,6,6,6,6,6,6,1,1,1,1,1,1,1,1,1,1,1,1,1,1	0.0,0.0,0.0,0.0,0.0,0.0,0.0,0.0,0.0,0.0,0.0,0.0,0.0,0.0,0.0,0.0,0.0,0.0,0.0,0.0,0.0	0,0,0,0,0,0,0,0,0,0,0,0,0,0,0,0,0,0,0,0,0	2,2,2,2,2,2,2,1,1,1,1,1,1,1,1,1,1,1,1,1,1	1/8,1/9,2/10,2/11,3/12,3/13,4/14,4/15,5/16,5/17,6/18,6/19,7/20,7/21	8/1/9,10/2/11,12/3/13,14/4/15,16/5/17,18/6/19,20/7/21	-	-	1,2,3,4,5,6,7,1,1,2,2,3,3,4,4,5,5,6,6,7,7
maceoff_water_510	6,6,6,6,6,1,1,1,1,1,1,1,1,1,1	0.0,0.0,0.0,0.0,0.0,0.0,0.0,0.0,0.0,0.0,0.0,0.0,0.0,0.0,0.0	0,0,0,0,0,0,0,0,0,0,0,0,0,0,0	2,2,2,2,2,1,1,1,1,1,1,1,1,1,1	1/6,1/7,2/8,2/9,3/10,3/11,4/12,4/13,5/14,5/15	6/1/7,8/2/9,10/3/11,12/4/13,14/5/15	-	-	1,2,3,4,5,1,1,2,2,3,3,4,4,5,5
maceoff_water_511	6,6,6,6,6,6,6,6,6,6,1,1,1,1,1,1,1,1,1,1,1,1,1,1,1,1,1,1,1,1	0.0,0.0,0.0,0.0,0.0,0.0,0.0,0.0,0.0,0.0,0.0,0.0,0.0,0.0,0.0,0.0,0.0,0.0,0.0,0.0,0.0,0.0,0.0,0.0,0.0,0.0,0.0,0.0,0.0,0.0	0,0,0,0,0,0,0,0,0,0,0,0,0,0,0,0,0,0,0,0,0,0,0,0,0,0,0,0,0,0	2,2,2,2,2,2,2,2,2,2,1,1,1,1,1,1,1,1,1,1,1,1,1,1,1,1,1,1,1,1	1/11,1/12,2/13,2/14,3/15,3/16,4/17,4/18,5/19,5/20,6/21,6/22,7/23,7/24,8/25,8/26,9/27,9/28,10/29,10/30	11/1/12,13/2/14,15/3/16,17/4/18,19/5/20,21/6/22,23/7/24,25/8/26,27/9/28,29/10/30	-	-	1,2,3,4,5,6,7,8,9,10,1,1,2,2,3,3,4,4,5,5,6,6,7,7,8,8,9,9,10,10
maceoff_water_512	6,6,6,6,6,6,6,6,6,6,6,6,6,6,6,6,6,6,6,6,6,6,6,6,6,6,6,6,6,6,6,6,6,6,6,6,6,6,6,6,6,6,6,6,6,6,6,6,6,6,1,1,1,1,1,1,1,1,1,1,1,1,1,1,1,1,1,1,1,1,1,1,1,1,1,1,1,1,1,1,1,1,1,1,1,1,1,1,1,1,1,1,1,1,1,1,1,1,1,1,1,1,1,1,1,1,1,1,1,1,1,1,1,1,1,1,1,1,1,1,1,1,1,1,1,1,1,1,1,1,1,1,1,1,1,1,1,1,1,1,1,1,1,1,1,1,1,1,1,1	0.0,0.0,0.0,0.0,0.0,0.0,0.0,0.0,0.0,0.0,0.0,0.0,0.0,0.0,0.0,0.0,0.0,0.0,0.0,0.0,0.0,0.0,0.0,0.0,0.0,0.0,0.0,0.0,0.0,0.0,0.0,0.0,0.0,0.0,0.0,0.0,0.0,0.0,0.0,0.0,0.0,0.0,0.0,0.0,0.0,0.0,0.0,0.0,0.0,0.0,0.0,0.0,0.0,0.0,0.0,0.0,0.0,0.0,0.0,0.0,0.0,0.0,0.0,0.0,0.0,0.0,0.0,0.0,0.0,0.0,0.0,0.0,0.0,0.0,0.0,0.0,0.0,0.0,0.0,0.0,0.0,0.0,0.0,0.0,0.0,0.0,0.0,0.0,0.0,0.0,0.0,0.0,0.0,0.0,0.0,0.0,0.0,0.0,0.0,0.0,0.0,0.0,0.0,0.0,0.0,0.0,0.0,0.0,0.0,0.0,0.0,0.0,0.0,0.0,0.0,0.0,0.0,0.0,0.0,0.0,0.0,0.0,0.0,0.0,0.0,0.0,0.0,0.0,0.0,0.0,0.0,0.0,0.0,0.0,0.0,0.0,0.0,0.0,0.0,0.0,0.0,0.0,0.0,0.0,0.0,0.0,0.0,0.0,0.0,0.0	0,0,0,0,0,0,0,0,0,0,0,0,0,0,0,0,0,0,0,0,0,0,0,0,0,0,0,0,0,0,0,0,0,0,0,0,0,0,0,0,0,0,0,0,0,0,0,0,0,0,0,0,0,0,0,0,0,0,0,0,0,0,0,0,0,0,0,0,0,0,0,0,0,0,0,0,0,0,0,0,0,0,0,0,0,0,0,0,0,0,0,0,0,0,0,0,0,0,0,0,0,0,0,0,0,0,0,0,0,0,0,0,0,0,0,0,0,0,0,0,0,0,0,0,0,0,0,0,0,0,0,0,0,0,0,0,0,0,0,0,0,0,0,0,0,0,0,0,0,0	2,2,2,2,2,2,2,2,2,2,2,2,2,2,2,2,2,2,2,2,2,2,2,2,2,2,2,2,2,2,2,2,2,2,2,2,2,2,2,2,2,2,2,2,2,2,2,2,2,2,1,1,1,1,1,1,1,1,1,1,1,1,1,1,1,1,1,1,1,1,1,1,1,1,1,1,1,1,1,1,1,1,1,1,1,1,1,1,1,1,1,1,1,1,1,1,1,1,1,1,1,1,1,1,1,1,1,1,1,1,1,1,1,1,1,1,1,1,1,1,1,1,1,1,1,1,1,1,1,1,1,1,1,1,1,1,1,1,1,1,1,1,1,1,1,1,1,1,1,1	1/51,1/52,2/53,2/54,3/55,3/56,4/57,4/58,5/59,5/60,6/61,6/62,7/63,7/64,8/65,8/66,9/67,9/68,10/69,10/70,11/71,11/72,12/73,12/74,13/75,13/76,14/77,14/78,15/79,15/80,16/81,16/82,17/83,17/84,18/85,18/86,19/87,19/88,20/89,20/90,21/91,21/92,22/93,22/94,23/95,23/96,24/97,24/98,25/99,25/100,26/101,26/102,27/103,27/104,28/105,28/106,29/107,29/108,30/109,30/110,31/111,31/112,32/113,32/114,33/115,33/116,34/117,34/118,35/119,35/120,36/121,36/122,37/123,37/124,38/125,38/126,39/127,39/128,40/129,40/130,41/131,41/132,42/133,42/134,43/135,43/136,44/137,44/138,45/139,45/140,46/141,46/142,47/143,47/144,48/145,48/146,49/147,49/148,50/149,50/150	51/1/52,53/2/54,55/3/56,57/4/58,59/5/60,61/6/62,63/7/64,65/8/66,67/9/68,69/10/70,71/11/72,73/12/74,75/13/76,77/14/78,79/15/80,81/16/82,83/17/84,85/18/86,87/19/88,89/20/90,91/21/92,93/22/94,95/23/96,97/24/98,99/25/100,101/26/102,103/27/104,105/28/106,107/29/108,109/30/110,111/31/112,113/32/114,115/33/116,117/34/118,119/35/120,121/36/122,123/37/124,125/38/126,127/39/128,129/40/130,131/41/132,133/42/134,135/43/136,137/44/138,139/45/140,141/46/142,143/47/144,145/48/146,147/49/148,149/50/150	-	-	1,2,3,4,5,6,7,8,9,10,11,12,13,14,15,16,17,18,19,20,21,22,23,24,25,26,27,28,29,30,31,32,33,34,35,36,37,38,39,40,41,42,43,44,45,46,47,48,49,50,1,1,2,2,3,3,4,4,5,5,6,6,7,7,8,8,9,9,10,10,11,11,12,12,13,13,14,14,15,15,16,16,17,17,18,18,19,19,20,20,21,21,22,22,23,23,24,24,25,25,26,26,27,27,28,28,29,29,30,30,31,31,32,32,33,33,34,34,35,35,36,36,37,37,38,38,39,39,40,40,41,41,42,42,43,43,44,44,45,45,46,46,47,47,48,48,49,49,50,50
maceoff_water_513	6,6,6,6,6,6,6,6,6,6,6,6,6,6,6,6,6,6,6,6,6,6,6,6,6,1,1,1,1,1,1,1,1,1,1,1,1,1,1,1,1,1,1,1,1,1,1,1,1,1,1,1,1,1,1,1,1,1,1,1,1,1,1,1,1,1,1,1,1,1,1,1,1,1,1	0.0,0.0,0.0,0.0,0.0,0.0,0.0,0.0,0.0,0.0,0.0,0.0,0.0,0.0,0.0,0.0,0.0,0.0,0.0,0.0,0.0,0.0,0.0,0.0,0.0,0.0,0.0,0.0,0.0,0.0,0.0,0.0,0.0,0.0,0.0,0.0,0.0,0.0,0.0,0.0,0.0,0.0,0.0,0.0,0.0,0.0,0.0,0.0,0.0,0.0,0.0,0.0,0.0,0.0,0.0,0.0,0.0,0.0,0.0,0.0,0.0,0.0,0.0,0.0,0.0,0.0,0.0,0.0,0.0,0.0,0.0,0.0,0.0,0.0,0.0	0,0,0,0,0,0,0,0,0,0,0,0,0,0,0,0,0,0,0,0,0,0,0,0,0,0,0,0,0,0,0,0,0,0,0,0,0,0,0,0,0,0,0,0,0,0,0,0,0,0,0,0,0,0,0,0,0,0,0,0,0,0,0,0,0,0,0,0,0,0,0,0,0,0,0	2,2,2,2,2,2,2,2,2,2,2,2,2,2,2,2,2,2,2,2,2,2,2,2,2,1,1,1,1,1,1,1,1,1,1,1,1,1,1,1,1,1,1,1,1,1,1,1,1,1,1,1,1,1,1,1,1,1,1,1,1,1,1,1,1,1,1,1,1,1,1,1,1,1,1	1/26,1/27,2/28,2/29,3/30,3/31,4/32,4/33,5/34,5/35,6/36,6/37,7/38,7/39,8/40,8/41,9/42,9/43,10/44,10/45,11/46,11/47,12/48,12/49,13/50,13/51,14/52,14/53,15/54,15/55,16/56,16/57,17/58,17/59,18/60,18/61,19/62,19/63,20/64,20/65,21/66,21/67,22/68,22/69,23/70,23/71,24/72,24/73,25/74,25/75	26/1/27,28/2/29,30/3/31,32/4/33,34/5/35,36/6/37,38/7/39,40/8/41,42/9/43,44/10/45,46/11/47,48/12/49,50/13/51,52/14/53,54/15/55,56/16/57,58/17/59,60/18/61,62/19/63,64/20/65,66/21/67,68/22/69,70/23/71,72/24/73,74/25/75	-	-	1,2,3,4,5,6,7,8,9,10,11,12,13,14,15,16,17,18,19,20,21,22,23,24,25,1,1,2,2,3,3,4,4,5,5,6,6,7,7,8,8,9,9,10,10,11,11,12,12,13,13,14,14,15,15,16,16,17,17,18,18,19,19,20,20,21,21,22,22,23,23,24,24,25,25
maceoff_water_514	6,6,6,6,6,6,6,6,1,1,1,1,1,1,1,1,1,1,1,1,1,1,1,1	0.0,0.0,0.0,0.0,0.0,0.0,0.0,0.0,0.0,0.0,0.0,0.0,0.0,0.0,0.0,0.0,0.0,0.0,0.0,0.0,0.0,0.0,0.0,0.0	0,0,0,0,0,0,0,0,0,0,0,0,0,0,0,0,0,0,0,0,0,0,0,0	2,2,2,2,2,2,2,2,1,1,1,1,1,1,1,1,1,1,1,1,1,1,1,1	1/9,1/10,2/11,2/12,3/13,3/14,4/15,4/16,5/17,5/18,6/19,6/20,7/21,7/22,8/23,8/24	9/1/10,11/2/12,13/3/14,15/4/16,17/5/18,19/6/20,21/7/22,23/8/24	-	-	1,2,3,4,5,6,7,8,1,1,2,2,3,3,4,4,5,5,6,6,7,7,8,8
maceoff_water_515	6,6,1,1,1,1	0.0,0.0,0.0,0.0,0.0,0.0	0,0,0,0,0,0	2,2,1,1,1,1	1/3,1/4,2/5,2/6	3/1/4,5/2/6	-	-	1,2,1,1,2,2
maceoff_water_516	6,6,6,1,1,1,1,1,1	0.0,0.0,0.0,0.0,0.0,0.0,0.0,0.0,0.0	0,0,0,0,0,0,0,0,0	2,2,2,1,1,1,1,1,1	1/4,1/5,2/6,2/7,3/8,3/9	4/1/5,6/2/7,8/3/9	-	-	1,2,3,1,1,2,2,3,3
maceoff_water_517	6,6,6,1,1,1,1,1,1	0.0,0.0,0.0,0.0,0.0,0.0,0.0,0.0,0.0	0,0,0,0,0,0,0,0,0	2,2,2,1,1,1,1,1,1	1/4,1/5,2/6,2/7,3/8,3/9	4/1/5,6/2/7,8/3/9	-	-	1,2,3,1,1,2,2,3,3
maceoff_water_518	6,1,1	0.0,0.0,0.0	0,0,0	2,1,1	1/2,1/3	2/1/3	-	-	1,1,1
maceoff_water_519	6,6,6,6,6,6,1,1,1,1,1,1,1,1,1,1,1,1	0.0,0.0,0.0,0.0,0.0,0.0,0.0,0.0,0.0,0.0,0.0,0.0,0.0,0.0,0.0,0.0,0.0,0.0	0,0,0,0,0,0,0,0,0,0,0,0,0,0,0,0,0,0	2,2,2,2,2,2,1,1,1,1,1,1,1,1,1,1,1,1	1/7,1/8,2/9,2/10,3/11,3/12,4/13,4/14,5/15,5/16,6/17,6/18	7/1/8,9/2/10,11/3/12,13/4/14,15/5/16,17/6/18	-	-	1,2,3,4,5,6,1,1,2,2,3,3,4,4,5,5,6,6
maceoff_water_520	6,6,6,6,6,1,1,1,1,1,1,1,1,1,1	0.0,0.0,0.0,0.0,0.0,0.0,0.0,0.0,0.0,0.0,0.0,0.0,0.0,0.0,0.0	0,0,0,0,0,0,0,0,0,0,0,0,0,0,0	2,2,2,2,2,1,1,1,1,1,1,1,1,1,1	1/6,1/7,2/8,2/9,3/10,3/11,4/12,4/13,5/14,5/15	6/1/7,8/2/9,10/3/11,12/4/13,14/5/15	-	-	1,2,3,4,5,1,1,2,2,3,3,4,4,5,5
maceoff_water_521	6,6,6,1,1,1,1,1,1	0.0,0.0,0.0,0.0,0.0,0.0,0.0,0.0,0.0	0,0,0,0,0,0,0,0,0	2,2,2,1,1,1,1,1,1	1/4,1/5,2/6,2/7,3/8,3/9	4/1/5,6/2/7,8/3/9	-	-	1,2,3,1,1,2,2,3,3
maceoff_water_522	6,6,6,6,6,6,6,6,1,1,1,1,1,1,1,1,1,1,1,1,1,1,1,1	0.0,0.0,0.0,0.0,0.0,0.0,0.0,0.0,0.0,0.0,0.0,0.0,0.0,0.0,0.0,0.0,0.0,0.0,0.0,0.0,0.0,0.0,0.0,0.0	0,0,0,0,0,0,0,0,0,0,0,0,0,0,0,0,0,0,0,0,0,0,0,0	2,2,2,2,2,2,2,2,1,1,1,1,1,1,1,1,1,1,1,1,1,1,1,1	1/9,1/10,2/11,2/12,3/13,3/14,4/15,4/16,5/17,5/18,6/19,6/20,7/21,7/22,8/23,8/24	9/1/10,11/2/12,13/3/14,15/4/16,17/5/18,19/6/20,21/7/22,23/8/24	-	-	1,2,3,4,5,6,7,8,1,1,2,2,3,3,4,4,5,5,6,6,7,7,8,8
maceoff_water_523	6,6,6,6,1,1,1,1,1,1,1,1	0.0,0.0,0.0,0.0,0.0,0.0,0.0,0.0,0.0,0.0,0.0,0.0	0,0,0,0,0,0,0,0,0,0,0,0	2,2,2,2,1,1,1,1,1,1,1,1	1/5,1/6,2/7,2/8,3/9,3/10,4/11,4/12	5/1/6,7/2/8,9/3/10,11/4/12	-	-	1,2,3,4,1,1,2,2,3,3,4,4
maceoff_water_524	6,6,6,6,6,6,6,6,1,1,1,1,1,1,1,1,1,1,1,1,1,1,1,1	0.0,0.0,0.0,0.0,0.0,0.0,0.0,0.0,0.0,0.0,0.0,0.0,0.0,0.0,0.0,0.0,0.0,0.0,0.0,0.0,0.0,0.0,0.0,0.0	0,0,0,0,0,0,0,0,0,0,0,0,0,0,0,0,0,0,0,0,0,0,0,0	2,2,2,2,2,2,2,2,1,1,1,1,1,1,1,1,1,1,1,1,1,1,1,1	1/9,1/10,2/11,2/12,3/13,3/14,4/15,4/16,5/17,5/18,6/19,6/20,7/21,7/22,8/23,8/24	9/1/10,11/2/12,13/3/14,15/4/16,17/5/18,19/6/20,21/7/22,23/8/24	-	-	1,2,3,4,5,6,7,8,1,1,2,2,3,3,4,4,5,5,6,6,7,7,8,8
maceoff_water_525	6,6,6,1,1,1,1,1,1	0.0,0.0,0.0,0.0,0.0,0.0,0.0,0.0,0.0	0,0,0,0,0,0,0,0,0	2,2,2,1,1,1,1,1,1	1/4,1/5,2/6,2/7,3/8,3/9	4/1/5,6/2/7,8/3/9	-	-	1,2,3,1,1,2,2,3,3
maceoff_water_526	6,6,6,6,6,6,6,6,6,6,6,6,6,6,6,6,6,6,6,6,6,6,6,6,6,6,6,6,6,6,6,6,6,6,6,6,6,6,6,6,6,6,6,6,6,6,6,6,6,6,1,1,1,1,1,1,1,1,1,1,1,1,1,1,1,1,1,1,1,1,1,1,1,1,1,1,1,1,1,1,1,1,1,1,1,1,1,1,1,1,1,1,1,1,1,1,1,1,1,1,1,1,1,1,1,1,1,1,1,1,1,1,1,1,1,1,1,1,1,1,1,1,1,1,1,1,1,1,1,1,1,1,1,1,1,1,1,1,1,1,1,1,1,1,1,1,1,1,1,1	0.0,0.0,0.0,0.0,0.0,0.0,0.0,0.0,0.0,0.0,0.0,0.0,0.0,0.0,0.0,0.0,0.0,0.0,0.0,0.0,0.0,0.0,0.0,0.0,0.0,0.0,0.0,0.0,0.0,0.0,0.0,0.0,0.0,0.0,0.0,0.0,0.0,0.0,0.0,0.0,0.0,0.0,0.0,0.0,0.0,0.0,0.0,0.0,0.0,0.0,0.0,0.0,0.0,0.0,0.0,0.0,0.0,0.0,0.0,0.0,0.0,0.0,0.0,0.0,0.0,0.0,0.0,0.0,0.0,0.0,0.0,0.0,0.0,0.0,0.0,0.0,0.0,0.0,0.0,0.0,0.0,0.0,0.0,0.0,0.0,0.0,0.0,0.0,0.0,0.0,0.0,0.0,0.0,0.0,0.0,0.0,0.0,0.0,0.0,0.0,0.0,0.0,0.0,0.0,0.0,0.0,0.0,0.0,0.0,0.0,0.0,0.0,0.0,0.0,0.0,0.0,0.0,0.0,0.0,0.0,0.0,0.0,0.0,0.0,0.0,0.0,0.0,0.0,0.0,0.0,0.0,0.0,0.0,0.0,0.0,0.0,0.0,0.0,0.0,0.0,0.0,0.0,0.0,0.0,0.0,0.0,0.0,0.0,0.0,0.0	0,0,0,0,0,0,0,0,0,0,0,0,0,0,0,0,0,0,0,0,0,0,0,0,0,0,0,0,0,0,0,0,0,0,0,0,0,0,0,0,0,0,0,0,0,0,0,0,0,0,0,0,0,0,0,0,0,0,0,0,0,0,0,0,0,0,0,0,0,0,0,0,0,0,0,0,0,0,0,0,0,0,0,0,0,0,0,0,0,0,0,0,0,0,0,0,0,0,0,0,0,0,0,0,0,0,0,0,0,0,0,0,0,0,0,0,0,0,0,0,0,0,0,0,0,0,0,0,0,0,0,0,0,0,0,0,0,0,0,0,0,0,0,0,0,0,0,0,0,0	2,2,2,2,2,2,2,2,2,2,2,2,2,2,2,2,2,2,2,2,2,2,2,2,2,2,2,2,2,2,2,2,2,2,2,2,2,2,2,2,2,2,2,2,2,2,2,2,2,2,1,1,1,1,1,1,1,1,1,1,1,1,1,1,1,1,1,1,1,1,1,1,1,1,1,1,1,1,1,1,1,1,1,1,1,1,1,1,1,1,1,1,1,1,1,1,1,1,1,1,1,1,1,1,1,1,1,1,1,1,1,1,1,1,1,1,1,1,1,1,1,1,1,1,1,1,1,1,1,1,1,1,1,1,1,1,1,1,1,1,1,1,1,1,1,1,1,1,1,1	1/51,1/52,2/53,2/54,3/55,3/56,4/57,4/58,5/59,5/60,6/61,6/62,7/63,7/64,8/65,8/66,9/67,9/68,10/69,10/70,11/71,11/72,12/73,12/74,13/75,13/76,14/77,14/78,15/79,15/80,16/81,16/82,17/83,17/84,18/85,18/86,19/87,19/88,20/89,20/90,21/91,21/92,22/93,22/94,23/95,23/96,24/97,24/98,25/99,25/100,26/101,26/102,27/103,27/104,28/105,28/106,29/107,29/108,30/109,30/110,31/111,31/112,32/113,32/114,33/115,33/116,34/117,34/118,35/119,35/120,36/121,36/122,37/123,37/124,38/125,38/126,39/127,39/128,40/129,40/130,41/131,41/132,42/133,42/134,43/135,43/136,44/137,44/138,45/139,45/140,46/141,46/142,47/143,47/144,48/145,48/146,49/147,49/148,50/149,50/150	51/1/52,53/2/54,55/3/56,57/4/58,59/5/60,61/6/62,63/7/64,65/8/66,67/9/68,69/10/70,71/11/72,73/12/74,75/13/76,77/14/78,79/15/80,81/16/82,83/17/84,85/18/86,87/19/88,89/20/90,91/21/92,93/22/94,95/23/96,97/24/98,99/25/100,101/26/102,103/27/104,105/28/106,107/29/108,109/30/110,111/31/112,113/32/114,115/33/116,117/34/118,119/35/120,121/36/122,123/37/124,125/38/126,127/39/128,129/40/130,131/41/132,133/42/134,135/43/136,137/44/138,139/45/140,141/46/142,143/47/144,145/48/146,147/49/148,149/50/150	-	-	1,2,3,4,5,6,7,8,9,10,11,12,13,14,15,16,17,18,19,20,21,22,23,24,25,26,27,28,29,30,31,32,33,34,35,36,37,38,39,40,41,42,43,44,45,46,47,48,49,50,1,1,2,2,3,3,4,4,5,5,6,6,7,7,8,8,9,9,10,10,11,11,12,12,13,13,14,14,15,15,16,16,17,17,18,18,19,19,20,20,21,21,22,22,23,23,24,24,25,25,26,26,27,27,28,28,29,29,30,30,31,31,32,32,33,33,34,34,35,35,36,36,37,37,38,38,39,39,40,40,41,41,42,42,43,43,44,44,45,45,46,46,47,47,48,48,49,49,50,50
maceoff_water_527	6,6,1,1,1,1	0.0,0.0,0.0,0.0,0.0,0.0	0,0,0,0,0,0	2,2,1,1,1,1	1/3,1/4,2/5,2/6	3/1/4,5/2/6	-	-	1,2,1,1,2,2
maceoff_water_528	6,6,6,1,1,1,1,1,1	0.0,0.0,0.0,0.0,0.0,0.0,0.0,0.0,0.0	0,0,0,0,0,0,0,0,0	2,2,2,1,1,1,1,1,1	1/4,1/5,2/6,2/7,3/8,3/9	4/1/5,6/2/7,8/3/9	-	-	1,2,3,1,1,2,2,3,3
maceoff_water_529	6,6,6,6,6,6,6,6,6,6,6,6,1,1,1,1,1,1,1,1,1,1,1,1,1,1,1,1,1,1,1,1,1,1,1,1	0.0,0.0,0.0,0.0,0.0,0.0,0.0,0.0,0.0,0.0,0.0,0.0,0.0,0.0,0.0,0.0,0.0,0.0,0.0,0.0,0.0,0.0,0.0,0.0,0.0,0.0,0.0,0.0,0.0,0.0,0.0,0.0,0.0,0.0,0.0,0.0	0,0,0,0,0,0,0,0,0,0,0,0,0,0,0,0,0,0,0,0,0,0,0,0,0,0,0,0,0,0,0,0,0,0,0,0	2,2,2,2,2,2,2,2,2,2,2,2,1,1,1,1,1,1,1,1,1,1,1,1,1,1,1,1,1,1,1,1,1,1,1,1	1/13,1/14,2/15,2/16,3/17,3/18,4/19,4/20,5/21,5/22,6/23,6/24,7/25,7/26,8/27,8/28,9/29,9/30,10/31,10/32,11/33,11/34,12/35,12/36	13/1/14,15/2/16,17/3/18,19/4/20,21/5/22,23/6/24,25/7/26,27/8/28,29/9/30,31/10/32,33/11/34,35/12/36	-	-	1,2,3,4,5,6,7,8,9,10,11,12,1,1,2,2,3,3,4,4,5,5,6,6,7,7,8,8,9,9,10,10,11,11,12,12
maceoff_water_530	6,6,1,1,1,1	0.0,0.0,0.0,0.0,0.0,0.0	0,0,0,0,0,0	2,2,1,1,1,1	1/3,1/4,2/5,2/6	3/1/4,5/2/6	-	-	1,2,1,1,2,2
maceoff_water_531	6,1,1	0.0,0.0,0.0	0,0,0	2,1,1	1/2,1/3	2/1/3	-	-	1,1,1
maceoff_water_532	6,6,6,6,6,6,6,6,6,6,1,1,1,1,1,1,1,1,1,1,1,1,1,1,1,1,1,1,1,1	0.0,0.0,0.0,0.0,0.0,0.0,0.0,0.0,0.0,0.0,0.0,0.0,0.0,0.0,0.0,0.0,0.0,0.0,0.0,0.0,0.0,0.0,0.0,0.0,0.0,0.0,0.0,0.0,0.0,0.0	0,0,0,0,0,0,0,0,0,0,0,0,0,0,0,0,0,0,0,0,0,0,0,0,0,0,0,0,0,0	2,2,2,2,2,2,2,2,2,2,1,1,1,1,1,1,1,1,1,1,1,1,1,1,1,1,1,1,1,1	1/11,1/12,2/13,2/14,3/15,3/16,4/17,4/18,5/19,5/20,6/21,6/22,7/23,7/24,8/25,8/26,9/27,9/28,10/29,10/30	11/1/12,13/2/14,15/3/16,17/4/18,19/5/20,21/6/22,23/7/24,25/8/26,27/9/28,29/10/30	-	-	1,2,3,4,5,6,7,8,9,10,1,1,2,2,3,3,4,4,5,5,6,6,7,7,8,8,9,9,10,10
maceoff_water_533	6,6,1,1,1,1	0.0,0.0,0.0,0.0,0.0,0.0	0,0,0,0,0,0	2,2,1,1,1,1	1/3,1/4,2/5,2/6	3/1/4,5/2/6	-	-	1,2,1,1,2,2
maceoff_water_534	6,1,1	0.0,0.0,0.0	0,0,0	2,1,1	1/2,1/3	2/1/3	-	-	1,1,1
maceoff_water_535	6,1,1	0.0,0.0,0.0	0,0,0	2,1,1	1/2,1/3	2/1/3	-	-	1,1,1
maceoff_water_536	6,6,6,6,6,1,1,1,1,1,1,1,1,1,1	0.0,0.0,0.0,0.0,0.0,0.0,0.0,0.0,0.0,0.0,0.0,0.0,0.0,0.0,0.0	0,0,0,0,0,0,0,0,0,0,0,0,0,0,0	2,2,2,2,2,1,1,1,1,1,1,1,1,1,1	1/6,1/7,2/8,2/9,3/10,3/11,4/12,4/13,5/14,5/15	6/1/7,8/2/9,10/3/11,12/4/13,14/5/15	-	-	1,2,3,4,5,1,1,2,2,3,3,4,4,5,5
maceoff_water_537	6,6,6,6,6,1,1,1,1,1,1,1,1,1,1	0.0,0.0,0.0,0.0,0.0,0.0,0.0,0.0,0.0,0.0,0.0,0.0,0.0,0.0,0.0	0,0,0,0,0,0,0,0,0,0,0,0,0,0,0	2,2,2,2,2,1,1,1,1,1,1,1,1,1,1	1/6,1/7,2/8,2/9,3/10,3/11,4/12,4/13,5/14,5/15	6/1/7,8/2/9,10/3/11,12/4/13,14/5/15	-	-	1,2,3,4,5,1,1,2,2,3,3,4,4,5,5
maceoff_water_538	6,6,6,6,6,6,6,6,1,1,1,1,1,1,1,1,1,1,1,1,1,1,1,1	0.0,0.0,0.0,0.0,0.0,0.0,0.0,0.0,0.0,0.0,0.0,0.0,0.0,0.0,0.0,0.0,0.0,0.0,0.0,0.0,0.0,0.0,0.0,0.0	0,0,0,0,0,0,0,0,0,0,0,0,0,0,0,0,0,0,0,0,0,0,0,0	2,2,2,2,2,2,2,2,1,1,1,1,1,1,1,1,1,1,1,1,1,1,1,1	1/9,1/10,2/11,2/12,3/13,3/14,4/15,4/16,5/17,5/18,6/19,6/20,7/21,7/22,8/23,8/24	9/1/10,11/2/12,13/3/14,15/4/16,17/5/18,19/6/20,21/7/22,23/8/24	-	-	1,2,3,4,5,6,7,8,1,1,2,2,3,3,4,4,5,5,6,6,7,7,8,8
maceoff_water_539	6,6,6,6,6,6,1,1,1,1,1,1,1,1,1,1,1,1	0.0,0.0,0.0,0.0,0.0,0.0,0.0,0.0,0.0,0.0,0.0,0.0,0.0,0.0,0.0,0.0,0.0,0.0	0,0,0,0,0,0,0,0,0,0,0,0,0,0,0,0,0,0	2,2,2,2,2,2,1,1,1,1,1,1,1,1,1,1,1,1	1/7,1/8,2/9,2/10,3/11,3/12,4/13,4/14,5/15,5/16,6/17,6/18	7/1/8,9/2/10,11/3/12,13/4/14,15/5/16,17/6/18	-	-	1,2,3,4,5,6,1,1,2,2,3,3,4,4,5,5,6,6
maceoff_water_540	6,6,6,6,6,6,6,6,6,6,6,6,6,6,6,6,6,6,6,6,6,6,6,6,6,1,1,1,1,1,1,1,1,1,1,1,1,1,1,1,1,1,1,1,1,1,1,1,1,1,1,1,1,1,1,1,1,1,1,1,1,1,1,1,1,1,1,1,1,1,1,1,1,1,1	0.0,0.0,0.0,0.0,0.0,0.0,0.0,0.0,0.0,0.0,0.0,0.0,0.0,0.0,0.0,0.0,0.0,0.0,0.0,0.0,0.0,0.0,0.0,0.0,0.0,0.0,0.0,0.0,0.0,0.0,0.0,0.0,0.0,0.0,0.0,0.0,0.0,0.0,0.0,0.0,0.0,0.0,0.0,0.0,0.0,0.0,0.0,0.0,0.0,0.0,0.0,0.0,0.0,0.0,0.0,0.0,0.0,0.0,0.0,0.0,0.0,0.0,0.0,0.0,0.0,0.0,0.0,0.0,0.0,0.0,0.0,0.0,0.0,0.0,0.0	0,0,0,0,0,0,0,0,0,0,0,0,0,0,0,0,0,0,0,0,0,0,0,0,0,0,0,0,0,0,0,0,0,0,0,0,0,0,0,0,0,0,0,0,0,0,0,0,0,0,0,0,0,0,0,0,0,0,0,0,0,0,0,0,0,0,0,0,0,0,0,0,0,0,0	2,2,2,2,2,2,2,2,2,2,2,2,2,2,2,2,2,2,2,2,2,2,2,2,2,1,1,1,1,1,1,1,1,1,1,1,1,1,1,1,1,1,1,1,1,1,1,1,1,1,1,1,1,1,1,1,1,1,1,1,1,1,1,1,1,1,1,1,1,1,1,1,1,1,1	1/26,1/27,2/28,2/29,3/30,3/31,4/32,4/33,5/34,5/35,6/36,6/37,7/38,7/39,8/40,8/41,9/42,9/43,10/44,10/45,11/46,11/47,12/48,12/49,13/50,13/51,14/52,14/53,15/54,15/55,16/56,16/57,17/58,17/59,18/60,18/61,19/62,19/63,20/64,20/65,21/66,21/67,22/68,22/69,23/70,23/71,24/72,24/73,25/74,25/75	26/1/27,28/2/29,30/3/31,32/4/33,34/5/35,36/6/37,38/7/39,40/8/41,42/9/43,44/10/45,46/11/47,48/12/49,50/13/51,52/14/53,54/15/55,56/16/57,58/17/59,60/18/61,62/19/63,64/20/65,66/21/67,68/22/69,70/23/71,72/24/73,74/25/75	-	-	1,2,3,4,5,6,7,8,9,10,11,12,13,14,15,16,17,18,19,20,21,22,23,24,25,1,1,2,2,3,3,4,4,5,5,6,6,7,7,8,8,9,9,10,10,11,11,12,12,13,13,14,14,15,15,16,16,17,17,18,18,19,19,20,20,21,21,22,22,23,23,24,24,25,25
maceoff_water_541	6,1,1	0.0,0.0,0.0	0,0,0	2,1,1	1/2,1/3	2/1/3	-	-	1,1,1
maceoff_water_542	6,6,6,6,1,1,1,1,1,1,1,1	0.0,0.0,0.0,0.0,0.0,0.0,0.0,0.0,0.0,0.0,0.0,0.0	0,0,0,0,0,0,0,0,0,0,0,0	2,2,2,2,1,1,1,1,1,1,1,1	1/5,1/6,2/7,2/8,3/9,3/10,4/11,4/12	5/1/6,7/2/8,9/3/10,11/4/12	-	-	1,2,3,4,1,1,2,2,3,3,4,4
maceoff_water_543	6,6,6,6,6,6,6,6,6,6,1,1,1,1,1,1,1,1,1,1,1,1,1,1,1,1,1,1,1,1	0.0,0.0,0.0,0.0,0.0,0.0,0.0,0.0,0.0,0.0,0.0,0.0,0.0,0.0,0.0,0.0,0.0,0.0,0.0,0.0,0.0,0.0,0.0,0.0,0.0,0.0,0.0,0.0,0.0,0.0	0,0,0,0,0,0,0,0,0,0,0,0,0,0,0,0,0,0,0,0,0,0,0,0,0,0,0,0,0,0	2,2,2,2,2,2,2,2,2,2,1,1,1,1,1,1,1,1,1,1,1,1,1,1,1,1,1,1,1,1	1/11,1/12,2/13,2/14,3/15,3/16,4/17,4/18,5/19,5/20,6/21,6/22,7/23,7/24,8/25,8/26,9/27,9/28,10/29,10/30	11/1/12,13/2/14,15/3/16,17/4/18,19/5/20,21/6/22,23/7/24,25/8/26,27/9/28,29/10/30	-	-	1,2,3,4,5,6,7,8,9,10,1,1,2,2,3,3,4,4,5,5,6,6,7,7,8,8,9,9,10,10
maceoff_water_544	6,6,6,6,6,6,6,1,1,1,1,1,1,1,1,1,1,1,1,1,1	0.0,0.0,0.0,0.0,0.0,0.0,0.0,0.0,0.0,0.0,0.0,0.0,0.0,0.0,0.0,0.0,0.0,0.0,0.0,0.0,0.0	0,0,0,0,0,0,0,0,0,0,0,0,0,0,0,0,0,0,0,0,0	2,2,2,2,2,2,2,1,1,1,1,1,1,1,1,1,1,1,1,1,1	1/8,1/9,2/10,2/11,3/12,3/13,4/14,4/15,5/16,5/17,6/18,6/19,7/20,7/21	8/1/9,10/2/11,12/3/13,14/4/15,16/5/17,18/6/19,20/7/21	-	-	1,2,3,4,5,6,7,1,1,2,2,3,3,4,4,5,5,6,6,7,7
maceoff_water_545	6,6,6,6,6,6,6,6,6,6,6,6,1,1,1,1,1,1,1,1,1,1,1,1,1,1,1,1,1,1,1,1,1,1,1,1	0.0,0.0,0.0,0.0,0.0,0.0,0.0,0.0,0.0,0.0,0.0,0.0,0.0,0.0,0.0,0.0,0.0,0.0,0.0,0.0,0.0,0.0,0.0,0.0,0.0,0.0,0.0,0.0,0.0,0.0,0.0,0.0,0.0,0.0,0.0,0.0	0,0,0,0,0,0,0,0,0,0,0,0,0,0,0,0,0,0,0,0,0,0,0,0,0,0,0,0,0,0,0,0,0,0,0,0	2,2,2,2,2,2,2,2,2,2,2,2,1,1,1,1,1,1,1,1,1,1,1,1,1,1,1,1,1,1,1,1,1,1,1,1	1/13,1/14,2/15,2/16,3/17,3/18,4/19,4/20,5/21,5/22,6/23,6/24,7/25,7/26,8/27,8/28,9/29,9/30,10/31,10/32,11/33,11/34,12/35,12/36	13/1/14,15/2/16,17/3/18,19/4/20,21/5/22,23/6/24,25/7/26,27/8/28,29/9/30,31/10/32,33/11/34,35/12/36	-	-	1,2,3,4,5,6,7,8,9,10,11,12,1,1,2,2,3,3,4,4,5,5,6,6,7,7,8,8,9,9,10,10,11,11,12,12
maceoff_water_546	6,6,1,1,1,1	0.0,0.0,0.0,0.0,0.0,0.0	0,0,0,0,0,0	2,2,1,1,1,1	1/3,1/4,2/5,2/6	3/1/4,5/2/6	-	-	1,2,1,1,2,2
maceoff_water_547	6,1,1	0.0,0.0,0.0	0,0,0	2,1,1	1/2,1/3	2/1/3	-	-	1,1,1
maceoff_water_548	6,6,6,6,1,1,1,1,1,1,1,1	0.0,0.0,0.0,0.0,0.0,0.0,0.0,0.0,0.0,0.0,0.0,0.0	0,0,0,0,0,0,0,0,0,0,0,0	2,2,2,2,1,1,1,1,1,1,1,1	1/5,1/6,2/7,2/8,3/9,3/10,4/11,4/12	5/1/6,7/2/8,9/3/10,11/4/12	-	-	1,2,3,4,1,1,2,2,3,3,4,4
maceoff_water_549	6,1,1	0.0,0.0,0.0	0,0,0	2,1,1	1/2,1/3	2/1/3	-	-	1,1,1
maceoff_water_550	6,6,6,1,1,1,1,1,1	0.0,0.0,0.0,0.0,0.0,0.0,0.0,0.0,0.0	0,0,0,0,0,0,0,0,0	2,2,2,1,1,1,1,1,1	1/4,1/5,2/6,2/7,3/8,3/9	4/1/5,6/2/7,8/3/9	-	-	1,2,3,1,1,2,2,3,3
maceoff_water_551	6,6,6,6,6,6,6,1,1,1,1,1,1,1,1,1,1,1,1,1,1	0.0,0.0,0.0,0.0,0.0,0.0,0.0,0.0,0.0,0.0,0.0,0.0,0.0,0.0,0.0,0.0,0.0,0.0,0.0,0.0,0.0	0,0,0,0,0,0,0,0,0,0,0,0,0,0,0,0,0,0,0,0,0	2,2,2,2,2,2,2,1,1,1,1,1,1,1,1,1,1,1,1,1,1	1/8,1/9,2/10,2/11,3/12,3/13,4/14,4/15,5/16,5/17,6/18,6/19,7/20,7/21	8/1/9,10/2/11,12/3/13,14/4/15,16/5/17,18/6/19,20/7/21	-	-	1,2,3,4,5,6,7,1,1,2,2,3,3,4,4,5,5,6,6,7,7
maceoff_water_552	6,6,6,6,6,6,1,1,1,1,1,1,1,1,1,1,1,1	0.0,0.0,0.0,0.0,0.0,0.0,0.0,0.0,0.0,0.0,0.0,0.0,0.0,0.0,0.0,0.0,0.0,0.0	0,0,0,0,0,0,0,0,0,0,0,0,0,0,0,0,0,0	2,2,2,2,2,2,1,1,1,1,1,1,1,1,1,1,1,1	1/7,1/8,2/9,2/10,3/11,3/12,4/13,4/14,5/15,5/16,6/17,6/18	7/1/8,9/2/10,11/3/12,13/4/14,15/5/16,17/6/18	-	-	1,2,3,4,5,6,1,1,2,2,3,3,4,4,5,5,6,6
maceoff_water_553	6,6,6,6,6,1,1,1,1,1,1,1,1,1,1	0.0,0.0,0.0,0.0,0.0,0.0,0.0,0.0,0.0,0.0,0.0,0.0,0.0,0.0,0.0	0,0,0,0,0,0,0,0,0,0,0,0,0,0,0	2,2,2,2,2,1,1,1,1,1,1,1,1,1,1	1/6,1/7,2/8,2/9,3/10,3/11,4/12,4/13,5/14,5/15	6/1/7,8/2/9,10/3/11,12/4/13,14/5/15	-	-	1,2,3,4,5,1,1,2,2,3,3,4,4,5,5
maceoff_water_554	6,6,6,6,6,1,1,1,1,1,1,1,1,1,1	0.0,0.0,0.0,0.0,0.0,0.0,0.0,0.0,0.0,0.0,0.0,0.0,0.0,0.0,0.0	0,0,0,0,0,0,0,0,0,0,0,0,0,0,0	2,2,2,2,2,1,1,1,1,1,1,1,1,1,1	1/6,1/7,2/8,2/9,3/10,3/11,4/12,4/13,5/14,5/15	6/1/7,8/2/9,10/3/11,12/4/13,14/5/15	-	-	1,2,3,4,5,1,1,2,2,3,3,4,4,5,5
maceoff_water_555	6,6,6,1,1,1,1,1,1	0.0,0.0,0.0,0.0,0.0,0.0,0.0,0.0,0.0	0,0,0,0,0,0,0,0,0	2,2,2,1,1,1,1,1,1	1/4,1/5,2/6,2/7,3/8,3/9	4/1/5,6/2/7,8/3/9	-	-	1,2,3,1,1,2,2,3,3
maceoff_water_556	6,6,6,6,6,6,6,6,6,6,6,6,1,1,1,1,1,1,1,1,1,1,1,1,1,1,1,1,1,1,1,1,1,1,1,1	0.0,0.0,0.0,0.0,0.0,0.0,0.0,0.0,0.0,0.0,0.0,0.0,0.0,0.0,0.0,0.0,0.0,0.0,0.0,0.0,0.0,0.0,0.0,0.0,0.0,0.0,0.0,0.0,0.0,0.0,0.0,0.0,0.0,0.0,0.0,0.0	0,0,0,0,0,0,0,0,0,0,0,0,0,0,0,0,0,0,0,0,0,0,0,0,0,0,0,0,0,0,0,0,0,0,0,0	2,2,2,2,2,2,2,2,2,2,2,2,1,1,1,1,1,1,1,1,1,1,1,1,1,1,1,1,1,1,1,1,1,1,1,1	1/13,1/14,2/15,2/16,3/17,3/18,4/19,4/20,5/21,5/22,6/23,6/24,7/25,7/26,8/27,8/28,9/29,9/30,10/31,10/32,11/33,11/34,12/35,12/36	13/1/14,15/2/16,17/3/18,19/4/20,21/5/22,23/6/24,25/7/26,27/8/28,29/9/30,31/10/32,33/11/34,35/12/36	-	-	1,2,3,4,5,6,7,8,9,10,11,12,1,1,2,2,3,3,4,4,5,5,6,6,7,7,8,8,9,9,10,10,11,11,12,12
maceoff_water_557	6,6,6,6,6,6,6,6,6,6,6,6,1,1,1,1,1,1,1,1,1,1,1,1,1,1,1,1,1,1,1,1,1,1,1,1	0.0,0.0,0.0,0.0,0.0,0.0,0.0,0.0,0.0,0.0,0.0,0.0,0.0,0.0,0.0,0.0,0.0,0.0,0.0,0.0,0.0,0.0,0.0,0.0,0.0,0.0,0.0,0.0,0.0,0.0,0.0,0.0,0.0,0.0,0.0,0.0	0,0,0,0,0,0,0,0,0,0,0,0,0,0,0,0,0,0,0,0,0,0,0,0,0,0,0,0,0,0,0,0,0,0,0,0	2,2,2,2,2,2,2,2,2,2,2,2,1,1,1,1,1,1,1,1,1,1,1,1,1,1,1,1,1,1,1,1,1,1,1,1	1/13,1/14,2/15,2/16,3/17,3/18,4/19,4/20,5/21,5/22,6/23,6/24,7/25,7/26,8/27,8/28,9/29,9/30,10/31,10/32,11/33,11/34,12/35,12/36	13/1/14,15/2/16,17/3/18,19/4/20,21/5/22,23/6/24,25/7/26,27/8/28,29/9/30,31/10/32,33/11/34,35/12/36	-	-	1,2,3,4,5,6,7,8,9,10,11,12,1,1,2,2,3,3,4,4,5,5,6,6,7,7,8,8,9,9,10,10,11,11,12,12
maceoff_water_558	6,6,6,6,6,6,6,6,6,6,6,6,1,1,1,1,1,1,1,1,1,1,1,1,1,1,1,1,1,1,1,1,1,1,1,1	0.0,0.0,0.0,0.0,0.0,0.0,0.0,0.0,0.0,0.0,0.0,0.0,0.0,0.0,0.0,0.0,0.0,0.0,0.0,0.0,0.0,0.0,0.0,0.0,0.0,0.0,0.0,0.0,0.0,0.0,0.0,0.0,0.0,0.0,0.0,0.0	0,0,0,0,0,0,0,0,0,0,0,0,0,0,0,0,0,0,0,0,0,0,0,0,0,0,0,0,0,0,0,0,0,0,0,0	2,2,2,2,2,2,2,2,2,2,2,2,1,1,1,1,1,1,1,1,1,1,1,1,1,1,1,1,1,1,1,1,1,1,1,1	1/13,1/14,2/15,2/16,3/17,3/18,4/19,4/20,5/21,5/22,6/23,6/24,7/25,7/26,8/27,8/28,9/29,9/30,10/31,10/32,11/33,11/34,12/35,12/36	13/1/14,15/2/16,17/3/18,19/4/20,21/5/22,23/6/24,25/7/26,27/8/28,29/9/30,31/10/32,33/11/34,35/12/36	-	-	1,2,3,4,5,6,7,8,9,10,11,12,1,1,2,2,3,3,4,4,5,5,6,6,7,7,8,8,9,9,10,10,11,11,12,12
maceoff_water_559	6,6,6,6,6,6,6,1,1,1,1,1,1,1,1,1,1,1,1,1,1	0.0,0.0,0.0,0.0,0.0,0.0,0.0,0.0,0.0,0.0,0.0,0.0,0.0,0.0,0.0,0.0,0.0,0.0,0.0,0.0,0.0	0,0,0,0,0,0,0,0,0,0,0,0,0,0,0,0,0,0,0,0,0	2,2,2,2,2,2,2,1,1,1,1,1,1,1,1,1,1,1,1,1,1	1/8,1/9,2/10,2/11,3/12,3/13,4/14,4/15,5/16,5/17,6/18,6/19,7/20,7/21	8/1/9,10/2/11,12/3/13,14/4/15,16/5/17,18/6/19,20/7/21	-	-	1,2,3,4,5,6,7,1,1,2,2,3,3,4,4,5,5,6,6,7,7
maceoff_water_560	6,6,6,6,6,6,6,6,6,6,1,1,1,1,1,1,1,1,1,1,1,1,1,1,1,1,1,1,1,1	0.0,0.0,0.0,0.0,0.0,0.0,0.0,0.0,0.0,0.0,0.0,0.0,0.0,0.0,0.0,0.0,0.0,0.0,0.0,0.0,0.0,0.0,0.0,0.0,0.0,0.0,0.0,0.0,0.0,0.0	0,0,0,0,0,0,0,0,0,0,0,0,0,0,0,0,0,0,0,0,0,0,0,0,0,0,0,0,0,0	2,2,2,2,2,2,2,2,2,2,1,1,1,1,1,1,1,1,1,1,1,1,1,1,1,1,1,1,1,1	1/11,1/12,2/13,2/14,3/15,3/16,4/17,4/18,5/19,5/20,6/21,6/22,7/23,7/24,8/25,8/26,9/27,9/28,10/29,10/30	11/1/12,13/2/14,15/3/16,17/4/18,19/5/20,21/6/22,23/7/24,25/8/26,27/9/28,29/10/30	-	-	1,2,3,4,5,6,7,8,9,10,1,1,2,2,3,3,4,4,5,5,6,6,7,7,8,8,9,9,10,10
maceoff_water_561	6,6,6,1,1,1,1,1,1	0.0,0.0,0.0,0.0,0.0,0.0,0.0,0.0,0.0	0,0,0,0,0,0,0,0,0	2,2,2,1,1,1,1,1,1	1/4,1/5,2/6,2/7,3/8,3/9	4/1/5,6/2/7,8/3/9	-	-	1,2,3,1,1,2,2,3,3
maceoff_water_562	6,6,1,1,1,1	0.0,0.0,0.0,0.0,0.0,0.0	0,0,0,0,0,0	2,2,1,1,1,1	1/3,1/4,2/5,2/6	3/1/4,5/2/6	-	-	1,2,1,1,2,2
maceoff_water_563	6,6,6,6,6,6,6,6,6,1,1,1,1,1,1,1,1,1,1,1,1,1,1,1,1,1,1	0.0,0.0,0.0,0.0,0.0,0.0,0.0,0.0,0.0,0.0,0.0,0.0,0.0,0.0,0.0,0.0,0.0,0.0,0.0,0.0,0.0,0.0,0.0,0.0,0.0,0.0,0.0	0,0,0,0,0,0,0,0,0,0,0,0,0,0,0,0,0,0,0,0,0,0,0,0,0,0,0	2,2,2,2,2,2,2,2,2,1,1,1,1,1,1,1,1,1,1,1,1,1,1,1,1,1,1	1/10,1/11,2/12,2/13,3/14,3/15,4/16,4/17,5/18,5/19,6/20,6/21,7/22,7/23,8/24,8/25,9/26,9/27	10/1/11,12/2/13,14/3/15,16/4/17,18/5/19,20/6/21,22/7/23,24/8/25,26/9/27	-	-	1,2,3,4,5,6,7,8,9,1,1,2,2,3,3,4,4,5,5,6,6,7,7,8,8,9,9
maceoff_water_564	6,6,6,6,6,6,6,6,6,6,1,1,1,1,1,1,1,1,1,1,1,1,1,1,1,1,1,1,1,1	0.0,0.0,0.0,0.0,0.0,0.0,0.0,0.0,0.0,0.0,0.0,0.0,0.0,0.0,0.0,0.0,0.0,0.0,0.0,0.0,0.0,0.0,0.0,0.0,0.0,0.0,0.0,0.0,0.0,0.0	0,0,0,0,0,0,0,0,0,0,0,0,0,0,0,0,0,0,0,0,0,0,0,0,0,0,0,0,0,0	2,2,2,2,2,2,2,2,2,2,1,1,1,1,1,1,1,1,1,1,1,1,1,1,1,1,1,1,1,1	1/11,1/12,2/13,2/14,3/15,3/16,4/17,4/18,5/19,5/20,6/21,6/22,7/23,7/24,8/25,8/26,9/27,9/28,10/29,10/30	11/1/12,13/2/14,15/3/16,17/4/18,19/5/20,21/6/22,23/7/24,25/8/26,27/9/28,29/10/30	-	-	1,2,3,4,5,6,7,8,9,10,1,1,2,2,3,3,4,4,5,5,6,6,7,7,8,8,9,9,10,10
maceoff_water_565	6,6,6,6,6,6,6,6,6,1,1,1,1,1,1,1,1,1,1,1,1,1,1,1,1,1,1	0.0,0.0,0.0,0.0,0.0,0.0,0.0,0.0,0.0,0.0,0.0,0.0,0.0,0.0,0.0,0.0,0.0,0.0,0.0,0.0,0.0,0.0,0.0,0.0,0.0,0.0,0.0	0,0,0,0,0,0,0,0,0,0,0,0,0,0,0,0,0,0,0,0,0,0,0,0,0,0,0	2,2,2,2,2,2,2,2,2,1,1,1,1,1,1,1,1,1,1,1,1,1,1,1,1,1,1	1/10,1/11,2/12,2/13,3/14,3/15,4/16,4/17,5/18,5/19,6/20,6/21,7/22,7/23,8/24,8/25,9/26,9/27	10/1/11,12/2/13,14/3/15,16/4/17,18/5/19,20/6/21,22/7/23,24/8/25,26/9/27	-	-	1,2,3,4,5,6,7,8,9,1,1,2,2,3,3,4,4,5,5,6,6,7,7,8,8,9,9
maceoff_water_566	6,6,6,6,6,6,6,6,6,6,6,1,1,1,1,1,1,1,1,1,1,1,1,1,1,1,1,1,1,1,1,1,1	0.0,0.0,0.0,0.0,0.0,0.0,0.0,0.0,0.0,0.0,0.0,0.0,0.0,0.0,0.0,0.0,0.0,0.0,0.0,0.0,0.0,0.0,0.0,0.0,0.0,0.0,0.0,0.0,0.0,0.0,0.0,0.0,0.0	0,0,0,0,0,0,0,0,0,0,0,0,0,0,0,0,0,0,0,0,0,0,0,0,0,0,0,0,0,0,0,0,0	2,2,2,2,2,2,2,2,2,2,2,1,1,1,1,1,1,1,1,1,1,1,1,1,1,1,1,1,1,1,1,1,1	1/12,1/13,2/14,2/15,3/16,3/17,4/18,4/19,5/20,5/21,6/22,6/23,7/24,7/25,8/26,8/27,9/28,9/29,10/30,10/31,11/32,11/33	12/1/13,14/2/15,16/3/17,18/4/19,20/5/21,22/6/23,24/7/25,26/8/27,28/9/29,30/10/31,32/11/33	-	-	1,2,3,4,5,6,7,8,9,10,11,1,1,2,2,3,3,4,4,5,5,6,6,7,7,8,8,9,9,10,10,11,11
maceoff_water_567	6,6,6,6,6,1,1,1,1,1,1,1,1,1,1	0.0,0.0,0.0,0.0,0.0,0.0,0.0,0.0,0.0,0.0,0.0,0.0,0.0,0.0,0.0	0,0,0,0,0,0,0,0,0,0,0,0,0,0,0	2,2,2,2,2,1,1,1,1,1,1,1,1,1,1	1/6,1/7,2/8,2/9,3/10,3/11,4/12,4/13,5/14,5/15	6/1/7,8/2/9,10/3/11,12/4/13,14/5/15	-	-	1,2,3,4,5,1,1,2,2,3,3,4,4,5,5
maceoff_water_568	6,6,6,6,6,6,6,6,6,6,6,6,6,6,6,6,6,6,6,6,6,6,6,6,6,1,1,1,1,1,1,1,1,1,1,1,1,1,1,1,1,1,1,1,1,1,1,1,1,1,1,1,1,1,1,1,1,1,1,1,1,1,1,1,1,1,1,1,1,1,1,1,1,1,1	0.0,0.0,0.0,0.0,0.0,0.0,0.0,0.0,0.0,0.0,0.0,0.0,0.0,0.0,0.0,0.0,0.0,0.0,0.0,0.0,0.0,0.0,0.0,0.0,0.0,0.0,0.0,0.0,0.0,0.0,0.0,0.0,0.0,0.0,0.0,0.0,0.0,0.0,0.0,0.0,0.0,0.0,0.0,0.0,0.0,0.0,0.0,0.0,0.0,0.0,0.0,0.0,0.0,0.0,0.0,0.0,0.0,0.0,0.0,0.0,0.0,0.0,0.0,0.0,0.0,0.0,0.0,0.0,0.0,0.0,0.0,0.0,0.0,0.0,0.0	0,0,0,0,0,0,0,0,0,0,0,0,0,0,0,0,0,0,0,0,0,0,0,0,0,0,0,0,0,0,0,0,0,0,0,0,0,0,0,0,0,0,0,0,0,0,0,0,0,0,0,0,0,0,0,0,0,0,0,0,0,0,0,0,0,0,0,0,0,0,0,0,0,0,0	2,2,2,2,2,2,2,2,2,2,2,2,2,2,2,2,2,2,2,2,2,2,2,2,2,1,1,1,1,1,1,1,1,1,1,1,1,1,1,1,1,1,1,1,1,1,1,1,1,1,1,1,1,1,1,1,1,1,1,1,1,1,1,1,1,1,1,1,1,1,1,1,1,1,1	1/26,1/27,2/28,2/29,3/30,3/31,4/32,4/33,5/34,5/35,6/36,6/37,7/38,7/39,8/40,8/41,9/42,9/43,10/44,10/45,11/46,11/47,12/48,12/49,13/50,13/51,14/52,14/53,15/54,15/55,16/56,16/57,17/58,17/59,18/60,18/61,19/62,19/63,20/64,20/65,21/66,21/67,22/68,22/69,23/70,23/71,24/72,24/73,25/74,25/75	26/1/27,28/2/29,30/3/31,32/4/33,34/5/35,36/6/37,38/7/39,40/8/41,42/9/43,44/10/45,46/11/47,48/12/49,50/13/51,52/14/53,54/15/55,56/16/57,58/17/59,60/18/61,62/19/63,64/20/65,66/21/67,68/22/69,70/23/71,72/24/73,74/25/75	-	-	1,2,3,4,5,6,7,8,9,10,11,12,13,14,15,16,17,18,19,20,21,22,23,24,25,1,1,2,2,3,3,4,4,5,5,6,6,7,7,8,8,9,9,10,10,11,11,12,12,13,13,14,14,15,15,16,16,17,17,18,18,19,19,20,20,21,21,22,22,23,23,24,24,25,25
maceoff_water_569	6,6,6,6,6,6,6,6,6,6,1,1,1,1,1,1,1,1,1,1,1,1,1,1,1,1,1,1,1,1	0.0,0.0,0.0,0.0,0.0,0.0,0.0,0.0,0.0,0.0,0.0,0.0,0.0,0.0,0.0,0.0,0.0,0.0,0.0,0.0,0.0,0.0,0.0,0.0,0.0,0.0,0.0,0.0,0.0,0.0	0,0,0,0,0,0,0,0,0,0,0,0,0,0,0,0,0,0,0,0,0,0,0,0,0,0,0,0,0,0	2,2,2,2,2,2,2,2,2,2,1,1,1,1,1,1,1,1,1,1,1,1,1,1,1,1,1,1,1,1	1/11,1/12,2/13,2/14,3/15,3/16,4/17,4/18,5/19,5/20,6/21,6/22,7/23,7/24,8/25,8/26,9/27,9/28,10/29,10/30	11/1/12,13/2/14,15/3/16,17/4/18,19/5/20,21/6/22,23/7/24,25/8/26,27/9/28,29/10/30	-	-	1,2,3,4,5,6,7,8,9,10,1,1,2,2,3,3,4,4,5,5,6,6,7,7,8,8,9,9,10,10
maceoff_water_570	6,6,6,6,6,1,1,1,1,1,1,1,1,1,1	0.0,0.0,0.0,0.0,0.0,0.0,0.0,0.0,0.0,0.0,0.0,0.0,0.0,0.0,0.0	0,0,0,0,0,0,0,0,0,0,0,0,0,0,0	2,2,2,2,2,1,1,1,1,1,1,1,1,1,1	1/6,1/7,2/8,2/9,3/10,3/11,4/12,4/13,5/14,5/15	6/1/7,8/2/9,10/3/11,12/4/13,14/5/15	-	-	1,2,3,4,5,1,1,2,2,3,3,4,4,5,5
maceoff_water_571	6,6,6,1,1,1,1,1,1	0.0,0.0,0.0,0.0,0.0,0.0,0.0,0.0,0.0	0,0,0,0,0,0,0,0,0	2,2,2,1,1,1,1,1,1	1/4,1/5,2/6,2/7,3/8,3/9	4/1/5,6/2/7,8/3/9	-	-	1,2,3,1,1,2,2,3,3
maceoff_water_572	6,6,6,1,1,1,1,1,1	0.0,0.0,0.0,0.0,0.0,0.0,0.0,0.0,0.0	0,0,0,0,0,0,0,0,0	2,2,2,1,1,1,1,1,1	1/4,1/5,2/6,2/7,3/8,3/9	4/1/5,6/2/7,8/3/9	-	-	1,2,3,1,1,2,2,3,3
maceoff_water_573	6,6,1,1,1,1	0.0,0.0,0.0,0.0,0.0,0.0	0,0,0,0,0,0	2,2,1,1,1,1	1/3,1/4,2/5,2/6	3/1/4,5/2/6	-	-	1,2,1,1,2,2
maceoff_water_574	6,6,6,6,6,6,6,6,6,6,6,1,1,1,1,1,1,1,1,1,1,1,1,1,1,1,1,1,1,1,1,1,1	0.0,0.0,0.0,0.0,0.0,0.0,0.0,0.0,0.0,0.0,0.0,0.0,0.0,0.0,0.0,0.0,0.0,0.0,0.0,0.0,0.0,0.0,0.0,0.0,0.0,0.0,0.0,0.0,0.0,0.0,0.0,0.0,0.0	0,0,0,0,0,0,0,0,0,0,0,0,0,0,0,0,0,0,0,0,0,0,0,0,0,0,0,0,0,0,0,0,0	2,2,2,2,2,2,2,2,2,2,2,1,1,1,1,1,1,1,1,1,1,1,1,1,1,1,1,1,1,1,1,1,1	1/12,1/13,2/14,2/15,3/16,3/17,4/18,4/19,5/20,5/21,6/22,6/23,7/24,7/25,8/26,8/27,9/28,9/29,10/30,10/31,11/32,11/33	12/1/13,14/2/15,16/3/17,18/4/19,20/5/21,22/6/23,24/7/25,26/8/27,28/9/29,30/10/31,32/11/33	-	-	1,2,3,4,5,6,7,8,9,10,11,1,1,2,2,3,3,4,4,5,5,6,6,7,7,8,8,9,9,10,10,11,11
maceoff_water_575	6,6,1,1,1,1	0.0,0.0,0.0,0.0,0.0,0.0	0,0,0,0,0,0	2,2,1,1,1,1	1/3,1/4,2/5,2/6	3/1/4,5/2/6	-	-	1,2,1,1,2,2
maceoff_water_576	6,6,6,6,6,6,1,1,1,1,1,1,1,1,1,1,1,1	0.0,0.0,0.0,0.0,0.0,0.0,0.0,0.0,0.0,0.0,0.0,0.0,0.0,0.0,0.0,0.0,0.0,0.0	0,0,0,0,0,0,0,0,0,0,0,0,0,0,0,0,0,0	2,2,2,2,2,2,1,1,1,1,1,1,1,1,1,1,1,1	1/7,1/8,2/9,2/10,3/11,3/12,4/13,4/14,5/15,5/16,6/17,6/18	7/1/8,9/2/10,11/3/12,13/4/14,15/5/16,17/6/18	-	-	1,2,3,4,5,6,1,1,2,2,3,3,4,4,5,5,6,6
maceoff_water_577	6,6,6,6,6,6,6,6,1,1,1,1,1,1,1,1,1,1,1,1,1,1,1,1	0.0,0.0,0.0,0.0,0.0,0.0,0.0,0.0,0.0,0.0,0.0,0.0,0.0,0.0,0.0,0.0,0.0,0.0,0.0,0.0,0.0,0.0,0.0,0.0	0,0,0,0,0,0,0,0,0,0,0,0,0,0,0,0,0,0,0,0,0,0,0,0	2,2,2,2,2,2,2,2,1,1,1,1,1,1,1,1,1,1,1,1,1,1,1,1	1/9,1/10,2/11,2/12,3/13,3/14,4/15,4/16,5/17,5/18,6/19,6/20,7/21,7/22,8/23,8/24	9/1/10,11/2/12,13/3/14,15/4/16,17/5/18,19/6/20,21/7/22,23/8/24	-	-	1,2,3,4,5,6,7,8,1,1,2,2,3,3,4,4,5,5,6,6,7,7,8,8
maceoff_water_578	6,6,6,1,1,1,1,1,1	0.0,0.0,0.0,0.0,0.0,0.0,0.0,0.0,0.0	0,0,0,0,0,0,0,0,0	2,2,2,1,1,1,1,1,1	1/4,1/5,2/6,2/7,3/8,3/9	4/1/5,6/2/7,8/3/9	-	-	1,2,3,1,1,2,2,3,3
maceoff_water_579	6,6,6,6,6,1,1,1,1,1,1,1,1,1,1	0.0,0.0,0.0,0.0,0.0,0.0,0.0,0.0,0.0,0.0,0.0,0.0,0.0,0.0,0.0	0,0,0,0,0,0,0,0,0,0,0,0,0,0,0	2,2,2,2,2,1,1,1,1,1,1,1,1,1,1	1/6,1/7,2/8,2/9,3/10,3/11,4/12,4/13,5/14,5/15	6/1/7,8/2/9,10/3/11,12/4/13,14/5/15	-	-	1,2,3,4,5,1,1,2,2,3,3,4,4,5,5
maceoff_water_580	6,6,6,6,6,6,6,6,6,6,6,1,1,1,1,1,1,1,1,1,1,1,1,1,1,1,1,1,1,1,1,1,1	0.0,0.0,0.0,0.0,0.0,0.0,0.0,0.0,0.0,0.0,0.0,0.0,0.0,0.0,0.0,0.0,0.0,0.0,0.0,0.0,0.0,0.0,0.0,0.0,0.0,0.0,0.0,0.0,0.0,0.0,0.0,0.0,0.0	0,0,0,0,0,0,0,0,0,0,0,0,0,0,0,0,0,0,0,0,0,0,0,0,0,0,0,0,0,0,0,0,0	2,2,2,2,2,2,2,2,2,2,2,1,1,1,1,1,1,1,1,1,1,1,1,1,1,1,1,1,1,1,1,1,1	1/12,1/13,2/14,2/15,3/16,3/17,4/18,4/19,5/20,5/21,6/22,6/23,7/24,7/25,8/26,8/27,9/28,9/29,10/30,10/31,11/32,11/33	12/1/13,14/2/15,16/3/17,18/4/19,20/5/21,22/6/23,24/7/25,26/8/27,28/9/29,30/10/31,32/11/33	-	-	1,2,3,4,5,6,7,8,9,10,11,1,1,2,2,3,3,4,4,5,5,6,6,7,7,8,8,9,9,10,10,11,11
maceoff_water_581	6,6,6,6,6,6,6,6,1,1,1,1,1,1,1,1,1,1,1,1,1,1,1,1	0.0,0.0,0.0,0.0,0.0,0.0,0.0,0.0,0.0,0.0,0.0,0.0,0.0,0.0,0.0,0.0,0.0,0.0,0.0,0.0,0.0,0.0,0.0,0.0	0,0,0,0,0,0,0,0,0,0,0,0,0,0,0,0,0,0,0,0,0,0,0,0	2,2,2,2,2,2,2,2,1,1,1,1,1,1,1,1,1,1,1,1,1,1,1,1	1/9,1/10,2/11,2/12,3/13,3/14,4/15,4/16,5/17,5/18,6/19,6/20,7/21,7/22,8/23,8/24	9/1/10,11/2/12,13/3/14,15/4/16,17/5/18,19/6/20,21/7/22,23/8/24	-	-	1,2,3,4,5,6,7,8,1,1,2,2,3,3,4,4,5,5,6,6,7,7,8,8
maceoff_water_582	6,6,6,6,6,6,6,1,1,1,1,1,1,1,1,1,1,1,1,1,1	0.0,0.0,0.0,0.0,0.0,0.0,0.0,0.0,0.0,0.0,0.0,0.0,0.0,0.0,0.0,0.0,0.0,0.0,0.0,0.0,0.0	0,0,0,0,0,0,0,0,0,0,0,0,0,0,0,0,0,0,0,0,0	2,2,2,2,2,2,2,1,1,1,1,1,1,1,1,1,1,1,1,1,1	1/8,1/9,2/10,2/11,3/12,3/13,4/14,4/15,5/16,5/17,6/18,6/19,7/20,7/21	8/1/9,10/2/11,12/3/13,14/4/15,16/5/17,18/6/19,20/7/21	-	-	1,2,3,4,5,6,7,1,1,2,2,3,3,4,4,5,5,6,6,7,7
maceoff_water_583	6,6,6,6,1,1,1,1,1,1,1,1	0.0,0.0,0.0,0.0,0.0,0.0,0.0,0.0,0.0,0.0,0.0,0.0	0,0,0,0,0,0,0,0,0,0,0,0	2,2,2,2,1,1,1,1,1,1,1,1	1/5,1/6,2/7,2/8,3/9,3/10,4/11,4/12	5/1/6,7/2/8,9/3/10,11/4/12	-	-	1,2,3,4,1,1,2,2,3,3,4,4
maceoff_water_584	6,6,1,1,1,1	0.0,0.0,0.0,0.0,0.0,0.0	0,0,0,0,0,0	2,2,1,1,1,1	1/3,1/4,2/5,2/6	3/1/4,5/2/6	-	-	1,2,1,1,2,2
maceoff_water_585	6,6,6,6,6,6,1,1,1,1,1,1,1,1,1,1,1,1	0.0,0.0,0.0,0.0,0.0,0.0,0.0,0.0,0.0,0.0,0.0,0.0,0.0,0.0,0.0,0.0,0.0,0.0	0,0,0,0,0,0,0,0,0,0,0,0,0,0,0,0,0,0	2,2,2,2,2,2,1,1,1,1,1,1,1,1,1,1,1,1	1/7,1/8,2/9,2/10,3/11,3/12,4/13,4/14,5/15,5/16,6/17,6/18	7/1/8,9/2/10,11/3/12,13/4/14,15/5/16,17/6/18	-	-	1,2,3,4,5,6,1,1,2,2,3,3,4,4,5,5,6,6
maceoff_water_586	6,6,6,6,6,6,6,1,1,1,1,1,1,1,1,1,1,1,1,1,1	0.0,0.0,0.0,0.0,0.0,0.0,0.0,0.0,0.0,0.0,0.0,0.0,0.0,0.0,0.0,0.0,0.0,0.0,0.0,0.0,0.0	0,0,0,0,0,0,0,0,0,0,0,0,0,0,0,0,0,0,0,0,0	2,2,2,2,2,2,2,1,1,1,1,1,1,1,1,1,1,1,1,1,1	1/8,1/9,2/10,2/11,3/12,3/13,4/14,4/15,5/16,5/17,6/18,6/19,7/20,7/21	8/1/9,10/2/11,12/3/13,14/4/15,16/5/17,18/6/19,20/7/21	-	-	1,2,3,4,5,6,7,1,1,2,2,3,3,4,4,5,5,6,6,7,7
maceoff_water_587	6,6,6,6,6,1,1,1,1,1,1,1,1,1,1	0.0,0.0,0.0,0.0,0.0,0.0,0.0,0.0,0.0,0.0,0.0,0.0,0.0,0.0,0.0	0,0,0,0,0,0,0,0,0,0,0,0,0,0,0	2,2,2,2,2,1,1,1,1,1,1,1,1,1,1	1/6,1/7,2/8,2/9,3/10,3/11,4/12,4/13,5/14,5/15	6/1/7,8/2/9,10/3/11,12/4/13,14/5/15	-	-	1,2,3,4,5,1,1,2,2,3,3,4,4,5,5
maceoff_water_588	6,1,1	0.0,0.0,0.0	0,0,0	2,1,1	1/2,1/3	2/1/3	-	-	1,1,1
maceoff_water_589	6,6,6,1,1,1,1,1,1	0.0,0.0,0.0,0.0,0.0,0.0,0.0,0.0,0.0	0,0,0,0,0,0,0,0,0	2,2,2,1,1,1,1,1,1	1/4,1/5,2/6,2/7,3/8,3/9	4/1/5,6/2/7,8/3/9	-	-	1,2,3,1,1,2,2,3,3
maceoff_water_590	6,6,6,1,1,1,1,1,1	0.0,0.0,0.0,0.0,0.0,0.0,0.0,0.0,0.0	0,0,0,0,0,0,0,0,0	2,2,2,1,1,1,1,1,1	1/4,1/5,2/6,2/7,3/8,3/9	4/1/5,6/2/7,8/3/9	-	-	1,2,3,1,1,2,2,3,3
maceoff_water_591	6,6,1,1,1,1	0.0,0.0,0.0,0.0,0.0,0.0	0,0,0,0,0,0	2,2,1,1,1,1	1/3,1/4,2/5,2/6	3/1/4,5/2/6	-	-	1,2,1,1,2,2
maceoff_water_592	6,6,6,6,6,1,1,1,1,1,1,1,1,1,1	0.0,0.0,0.0,0.0,0.0,0.0,0.0,0.0,0.0,0.0,0.0,0.0,0.0,0.0,0.0	0,0,0,0,0,0,0,0,0,0,0,0,0,0,0	2,2,2,2,2,1,1,1,1,1,1,1,1,1,1	1/6,1/7,2/8,2/9,3/10,3/11,4/12,4/13,5/14,5/15	6/1/7,8/2/9,10/3/11,12/4/13,14/5/15	-	-	1,2,3,4,5,1,1,2,2,3,3,4,4,5,5
maceoff_water_593	6,6,6,6,6,1,1,1,1,1,1,1,1,1,1	0.0,0.0,0.0,0.0,0.0,0.0,0.0,0.0,0.0,0.0,0.0,0.0,0.0,0.0,0.0	0,0,0,0,0,0,0,0,0,0,0,0,0,0,0	2,2,2,2,2,1,1,1,1,1,1,1,1,1,1	1/6,1/7,2/8,2/9,3/10,3/11,4/12,4/13,5/14,5/15	6/1/7,8/2/9,10/3/11,12/4/13,14/5/15	-	-	1,2,3,4,5,1,1,2,2,3,3,4,4,5,5
maceoff_water_594	6,6,6,6,6,1,1,1,1,1,1,1,1,1,1	0.0,0.0,0.0,0.0,0.0,0.0,0.0,0.0,0.0,0.0,0.0,0.0,0.0,0.0,0.0	0,0,0,0,0,0,0,0,0,0,0,0,0,0,0	2,2,2,2,2,1,1,1,1,1,1,1,1,1,1	1/6,1/7,2/8,2/9,3/10,3/11,4/12,4/13,5/14,5/15	6/1/7,8/2/9,10/3/11,12/4/13,14/5/15	-	-	1,2,3,4,5,1,1,2,2,3,3,4,4,5,5
maceoff_water_595	6,6,1,1,1,1	0.0,0.0,0.0,0.0,0.0,0.0	0,0,0,0,0,0	2,2,1,1,1,1	1/3,1/4,2/5,2/6	3/1/4,5/2/6	-	-	1,2,1,1,2,2
maceoff_water_596	6,1,1	0.0,0.0,0.0	0,0,0	2,1,1	1/2,1/3	2/1/3	-	-	1,1,1
maceoff_water_597	6,6,6,6,6,6,6,6,1,1,1,1,1,1,1,1,1,1,1,1,1,1,1,1	0.0,0.0,0.0,0.0,0.0,0.0,0.0,0.0,0.0,0.0,0.0,0.0,0.0,0.0,0.0,0.0,0.0,0.0,0.0,0.0,0.0,0.0,0.0,0.0	0,0,0,0,0,0,0,0,0,0,0,0,0,0,0,0,0,0,0,0,0,0,0,0	2,2,2,2,2,2,2,2,1,1,1,1,1,1,1,1,1,1,1,1,1,1,1,1	1/9,1/10,2/11,2/12,3/13,3/14,4/15,4/16,5/17,5/18,6/19,6/20,7/21,7/22,8/23,8/24	9/1/10,11/2/12,13/3/14,15/4/16,17/5/18,19/6/20,21/7/22,23/8/24	-	-	1,2,3,4,5,6,7,8,1,1,2,2,3,3,4,4,5,5,6,6,7,7,8,8
maceoff_water_598	6,6,6,6,6,6,6,6,6,6,1,1,1,1,1,1,1,1,1,1,1,1,1,1,1,1,1,1,1,1	0.0,0.0,0.0,0.0,0.0,0.0,0.0,0.0,0.0,0.0,0.0,0.0,0.0,0.0,0.0,0.0,0.0,0.0,0.0,0.0,0.0,0.0,0.0,0.0,0.0,0.0,0.0,0.0,0.0,0.0	0,0,0,0,0,0,0,0,0,0,0,0,0,0,0,0,0,0,0,0,0,0,0,0,0,0,0,0,0,0	2,2,2,2,2,2,2,2,2,2,1,1,1,1,1,1,1,1,1,1,1,1,1,1,1,1,1,1,1,1	1/11,1/12,2/13,2/14,3/15,3/16,4/17,4/18,5/19,5/20,6/21,6/22,7/23,7/24,8/25,8/26,9/27,9/28,10/29,10/30	11/1/12,13/2/14,15/3/16,17/4/18,19/5/20,21/6/22,23/7/24,25/8/26,27/9/28,29/10/30	-	-	1,2,3,4,5,6,7,8,9,10,1,1,2,2,3,3,4,4,5,5,6,6,7,7,8,8,9,9,10,10
maceoff_water_599	6,6,6,6,6,6,1,1,1,1,1,1,1,1,1,1,1,1	0.0,0.0,0.0,0.0,0.0,0.0,0.0,0.0,0.0,0.0,0.0,0.0,0.0,0.0,0.0,0.0,0.0,0.0	0,0,0,0,0,0,0,0,0,0,0,0,0,0,0,0,0,0	2,2,2,2,2,2,1,1,1,1,1,1,1,1,1,1,1,1	1/7,1/8,2/9,2/10,3/11,3/12,4/13,4/14,5/15,5/16,6/17,6/18	7/1/8,9/2/10,11/3/12,13/4/14,15/5/16,17/6/18	-	-	1,2,3,4,5,6,1,1,2,2,3,3,4,4,5,5,6,6
maceoff_water_600	6,6,6,6,6,6,6,6,6,1,1,1,1,1,1,1,1,1,1,1,1,1,1,1,1,1,1	0.0,0.0,0.0,0.0,0.0,0.0,0.0,0.0,0.0,0.0,0.0,0.0,0.0,0.0,0.0,0.0,0.0,0.0,0.0,0.0,0.0,0.0,0.0,0.0,0.0,0.0,0.0	0,0,0,0,0,0,0,0,0,0,0,0,0,0,0,0,0,0,0,0,0,0,0,0,0,0,0	2,2,2,2,2,2,2,2,2,1,1,1,1,1,1,1,1,1,1,1,1,1,1,1,1,1,1	1/10,1/11,2/12,2/13,3/14,3/15,4/16,4/17,5/18,5/19,6/20,6/21,7/22,7/23,8/24,8/25,9/26,9/27	10/1/11,12/2/13,14/3/15,16/4/17,18/5/19,20/6/21,22/7/23,24/8/25,26/9/27	-	-	1,2,3,4,5,6,7,8,9,1,1,2,2,3,3,4,4,5,5,6,6,7,7,8,8,9,9
maceoff_water_601	6,6,6,6,6,6,6,6,6,1,1,1,1,1,1,1,1,1,1,1,1,1,1,1,1,1,1	0.0,0.0,0.0,0.0,0.0,0.0,0.0,0.0,0.0,0.0,0.0,0.0,0.0,0.0,0.0,0.0,0.0,0.0,0.0,0.0,0.0,0.0,0.0,0.0,0.0,0.0,0.0	0,0,0,0,0,0,0,0,0,0,0,0,0,0,0,0,0,0,0,0,0,0,0,0,0,0,0	2,2,2,2,2,2,2,2,2,1,1,1,1,1,1,1,1,1,1,1,1,1,1,1,1,1,1	1/10,1/11,2/12,2/13,3/14,3/15,4/16,4/17,5/18,5/19,6/20,6/21,7/22,7/23,8/24,8/25,9/26,9/27	10/1/11,12/2/13,14/3/15,16/4/17,18/5/19,20/6/21,22/7/23,24/8/25,26/9/27	-	-	1,2,3,4,5,6,7,8,9,1,1,2,2,3,3,4,4,5,5,6,6,7,7,8,8,9,9
maceoff_water_602	6,6,1,1,1,1	0.0,0.0,0.0,0.0,0.0,0.0	0,0,0,0,0,0	2,2,1,1,1,1	1/3,1/4,2/5,2/6	3/1/4,5/2/6	-	-	1,2,1,1,2,2
maceoff_water_603	6,6,6,1,1,1,1,1,1	0.0,0.0,0.0,0.0,0.0,0.0,0.0,0.0,0.0	0,0,0,0,0,0,0,0,0	2,2,2,1,1,1,1,1,1	1/4,1/5,2/6,2/7,3/8,3/9	4/1/5,6/2/7,8/3/9	-	-	1,2,3,1,1,2,2,3,3
maceoff_water_604	6,6,1,1,1,1	0.0,0.0,0.0,0.0,0.0,0.0	0,0,0,0,0,0	2,2,1,1,1,1	1/3,1/4,2/5,2/6	3/1/4,5/2/6	-	-	1,2,1,1,2,2
maceoff_water_605	6,6,6,6,6,6,6,6,6,6,6,6,1,1,1,1,1,1,1,1,1,1,1,1,1,1,1,1,1,1,1,1,1,1,1,1	0.0,0.0,0.0,0.0,0.0,0.0,0.0,0.0,0.0,0.0,0.0,0.0,0.0,0.0,0.0,0.0,0.0,0.0,0.0,0.0,0.0,0.0,0.0,0.0,0.0,0.0,0.0,0.0,0.0,0.0,0.0,0.0,0.0,0.0,0.0,0.0	0,0,0,0,0,0,0,0,0,0,0,0,0,0,0,0,0,0,0,0,0,0,0,0,0,0,0,0,0,0,0,0,0,0,0,0	2,2,2,2,2,2,2,2,2,2,2,2,1,1,1,1,1,1,1,1,1,1,1,1,1,1,1,1,1,1,1,1,1,1,1,1	1/13,1/14,2/15,2/16,3/17,3/18,4/19,4/20,5/21,5/22,6/23,6/24,7/25,7/26,8/27,8/28,9/29,9/30,10/31,10/32,11/33,11/34,12/35,12/36	13/1/14,15/2/16,17/3/18,19/4/20,21/5/22,23/6/24,25/7/26,27/8/28,29/9/30,31/10/32,33/11/34,35/12/36	-	-	1,2,3,4,5,6,7,8,9,10,11,12,1,1,2,2,3,3,4,4,5,5,6,6,7,7,8,8,9,9,10,10,11,11,12,12
maceoff_water_606	6,6,6,6,6,6,6,6,6,6,1,1,1,1,1,1,1,1,1,1,1,1,1,1,1,1,1,1,1,1	0.0,0.0,0.0,0.0,0.0,0.0,0.0,0.0,0.0,0.0,0.0,0.0,0.0,0.0,0.0,0.0,0.0,0.0,0.0,0.0,0.0,0.0,0.0,0.0,0.0,0.0,0.0,0.0,0.0,0.0	0,0,0,0,0,0,0,0,0,0,0,0,0,0,0,0,0,0,0,0,0,0,0,0,0,0,0,0,0,0	2,2,2,2,2,2,2,2,2,2,1,1,1,1,1,1,1,1,1,1,1,1,1,1,1,1,1,1,1,1	1/11,1/12,2/13,2/14,3/15,3/16,4/17,4/18,5/19,5/20,6/21,6/22,7/23,7/24,8/25,8/26,9/27,9/28,10/29,10/30	11/1/12,13/2/14,15/3/16,17/4/18,19/5/20,21/6/22,23/7/24,25/8/26,27/9/28,29/10/30	-	-	1,2,3,4,5,6,7,8,9,10,1,1,2,2,3,3,4,4,5,5,6,6,7,7,8,8,9,9,10,10
maceoff_water_607	6,6,6,6,1,1,1,1,1,1,1,1	0.0,0.0,0.0,0.0,0.0,0.0,0.0,0.0,0.0,0.0,0.0,0.0	0,0,0,0,0,0,0,0,0,0,0,0	2,2,2,2,1,1,1,1,1,1,1,1	1/5,1/6,2/7,2/8,3/9,3/10,4/11,4/12	5/1/6,7/2/8,9/3/10,11/4/12	-	-	1,2,3,4,1,1,2,2,3,3,4,4
maceoff_water_608	6,6,6,6,6,6,1,1,1,1,1,1,1,1,1,1,1,1	0.0,0.0,0.0,0.0,0.0,0.0,0.0,0.0,0.0,0.0,0.0,0.0,0.0,0.0,0.0,0.0,0.0,0.0	0,0,0,0,0,0,0,0,0,0,0,0,0,0,0,0,0,0	2,2,2,2,2,2,1,1,1,1,1,1,1,1,1,1,1,1	1/7,1/8,2/9,2/10,3/11,3/12,4/13,4/14,5/15,5/16,6/17,6/18	7/1/8,9/2/10,11/3/12,13/4/14,15/5/16,17/6/18	-	-	1,2,3,4,5,6,1,1,2,2,3,3,4,4,5,5,6,6
maceoff_water_609	6,6,6,6,6,1,1,1,1,1,1,1,1,1,1	0.0,0.0,0.0,0.0,0.0,0.0,0.0,0.0,0.0,0.0,0.0,0.0,0.0,0.0,0.0	0,0,0,0,0,0,0,0,0,0,0,0,0,0,0	2,2,2,2,2,1,1,1,1,1,1,1,1,1,1	1/6,1/7,2/8,2/9,3/10,3/11,4/12,4/13,5/14,5/15	6/1/7,8/2/9,10/3/11,12/4/13,14/5/15	-	-	1,2,3,4,5,1,1,2,2,3,3,4,4,5,5
maceoff_water_610	6,6,6,1,1,1,1,1,1	0.0,0.0,0.0,0.0,0.0,0.0,0.0,0.0,0.0	0,0,0,0,0,0,0,0,0	2,2,2,1,1,1,1,1,1	1/4,1/5,2/6,2/7,3/8,3/9	4/1/5,6/2/7,8/3/9	-	-	1,2,3,1,1,2,2,3,3
maceoff_water_611	6,6,6,6,6,6,6,6,1,1,1,1,1,1,1,1,1,1,1,1,1,1,1,1	0.0,0.0,0.0,0.0,0.0,0.0,0.0,0.0,0.0,0.0,0.0,0.0,0.0,0.0,0.0,0.0,0.0,0.0,0.0,0.0,0.0,0.0,0.0,0.0	0,0,0,0,0,0,0,0,0,0,0,0,0,0,0,0,0,0,0,0,0,0,0,0	2,2,2,2,2,2,2,2,1,1,1,1,1,1,1,1,1,1,1,1,1,1,1,1	1/9,1/10,2/11,2/12,3/13,3/14,4/15,4/16,5/17,5/18,6/19,6/20,7/21,7/22,8/23,8/24	9/1/10,11/2/12,13/3/14,15/4/16,17/5/18,19/6/20,21/7/22,23/8/24	-	-	1,2,3,4,5,6,7,8,1,1,2,2,3,3,4,4,5,5,6,6,7,7,8,8
maceoff_water_612	6,6,6,6,6,6,6,6,6,6,6,1,1,1,1,1,1,1,1,1,1,1,1,1,1,1,1,1,1,1,1,1,1	0.0,0.0,0.0,0.0,0.0,0.0,0.0,0.0,0.0,0.0,0.0,0.0,0.0,0.0,0.0,0.0,0.0,0.0,0.0,0.0,0.0,0.0,0.0,0.0,0.0,0.0,0.0,0.0,0.0,0.0,0.0,0.0,0.0	0,0,0,0,0,0,0,0,0,0,0,0,0,0,0,0,0,0,0,0,0,0,0,0,0,0,0,0,0,0,0,0,0	2,2,2,2,2,2,2,2,2,2,2,1,1,1,1,1,1,1,1,1,1,1,1,1,1,1,1,1,1,1,1,1,1	1/12,1/13,2/14,2/15,3/16,3/17,4/18,4/19,5/20,5/21,6/22,6/23,7/24,7/25,8/26,8/27,9/28,9/29,10/30,10/31,11/32,11/33	12/1/13,14/2/15,16/3/17,18/4/19,20/5/21,22/6/23,24/7/25,26/8/27,28/9/29,30/10/31,32/11/33	-	-	1,2,3,4,5,6,7,8,9,10,11,1,1,2,2,3,3,4,4,5,5,6,6,7,7,8,8,9,9,10,10,11,11
maceoff_water_613	6,6,6,6,6,1,1,1,1,1,1,1,1,1,1	0.0,0.0,0.0,0.0,0.0,0.0,0.0,0.0,0.0,0.0,0.0,0.0,0.0,0.0,0.0	0,0,0,0,0,0,0,0,0,0,0,0,0,0,0	2,2,2,2,2,1,1,1,1,1,1,1,1,1,1	1/6,1/7,2/8,2/9,3/10,3/11,4/12,4/13,5/14,5/15	6/1/7,8/2/9,10/3/11,12/4/13,14/5/15	-	-	1,2,3,4,5,1,1,2,2,3,3,4,4,5,5
maceoff_water_614	6,6,6,6,6,6,6,6,6,1,1,1,1,1,1,1,1,1,1,1,1,1,1,1,1,1,1	0.0,0.0,0.0,0.0,0.0,0.0,0.0,0.0,0.0,0.0,0.0,0.0,0.0,0.0,0.0,0.0,0.0,0.0,0.0,0.0,0.0,0.0,0.0,0.0,0.0,0.0,0.0	0,0,0,0,0,0,0,0,0,0,0,0,0,0,0,0,0,0,0,0,0,0,0,0,0,0,0	2,2,2,2,2,2,2,2,2,1,1,1,1,1,1,1,1,1,1,1,1,1,1,1,1,1,1	1/10,1/11,2/12,2/13,3/14,3/15,4/16,4/17,5/18,5/19,6/20,6/21,7/22,7/23,8/24,8/25,9/26,9/27	10/1/11,12/2/13,14/3/15,16/4/17,18/5/19,20/6/21,22/7/23,24/8/25,26/9/27	-	-	1,2,3,4,5,6,7,8,9,1,1,2,2,3,3,4,4,5,5,6,6,7,7,8,8,9,9
maceoff_water_615	6,6,1,1,1,1	0.0,0.0,0.0,0.0,0.0,0.0	0,0,0,0,0,0	2,2,1,1,1,1	1/3,1/4,2/5,2/6	3/1/4,5/2/6	-	-	1,2,1,1,2,2
maceoff_water_616	6,6,6,6,6,6,6,6,6,1,1,1,1,1,1,1,1,1,1,1,1,1,1,1,1,1,1	0.0,0.0,0.0,0.0,0.0,0.0,0.0,0.0,0.0,0.0,0.0,0.0,0.0,0.0,0.0,0.0,0.0,0.0,0.0,0.0,0.0,0.0,0.0,0.0,0.0,0.0,0.0	0,0,0,0,0,0,0,0,0,0,0,0,0,0,0,0,0,0,0,0,0,0,0,0,0,0,0	2,2,2,2,2,2,2,2,2,1,1,1,1,1,1,1,1,1,1,1,1,1,1,1,1,1,1	1/10,1/11,2/12,2/13,3/14,3/15,4/16,4/17,5/18,5/19,6/20,6/21,7/22,7/23,8/24,8/25,9/26,9/27	10/1/11,12/2/13,14/3/15,16/4/17,18/5/19,20/6/21,22/7/23,24/8/25,26/9/27	-	-	1,2,3,4,5,6,7,8,9,1,1,2,2,3,3,4,4,5,5,6,6,7,7,8,8,9,9
maceoff_water_617	6,6,6,6,6,6,6,1,1,1,1,1,1,1,1,1,1,1,1,1,1	0.0,0.0,0.0,0.0,0.0,0.0,0.0,0.0,0.0,0.0,0.0,0.0,0.0,0.0,0.0,0.0,0.0,0.0,0.0,0.0,0.0	0,0,0,0,0,0,0,0,0,0,0,0,0,0,0,0,0,0,0,0,0	2,2,2,2,2,2,2,1,1,1,1,1,1,1,1,1,1,1,1,1,1	1/8,1/9,2/10,2/11,3/12,3/13,4/14,4/15,5/16,5/17,6/18,6/19,7/20,7/21	8/1/9,10/2/11,12/3/13,14/4/15,16/5/17,18/6/19,20/7/21	-	-	1,2,3,4,5,6,7,1,1,2,2,3,3,4,4,5,5,6,6,7,7
maceoff_water_618	6,6,6,6,6,6,6,6,6,1,1,1,1,1,1,1,1,1,1,1,1,1,1,1,1,1,1	0.0,0.0,0.0,0.0,0.0,0.0,0.0,0.0,0.0,0.0,0.0,0.0,0.0,0.0,0.0,0.0,0.0,0.0,0.0,0.0,0.0,0.0,0.0,0.0,0.0,0.0,0.0	0,0,0,0,0,0,0,0,0,0,0,0,0,0,0,0,0,0,0,0,0,0,0,0,0,0,0	2,2,2,2,2,2,2,2,2,1,1,1,1,1,1,1,1,1,1,1,1,1,1,1,1,1,1	1/10,1/11,2/12,2/13,3/14,3/15,4/16,4/17,5/18,5/19,6/20,6/21,7/22,7/23,8/24,8/25,9/26,9/27	10/1/11,12/2/13,14/3/15,16/4/17,18/5/19,20/6/21,22/7/23,24/8/25,26/9/27	-	-	1,2,3,4,5,6,7,8,9,1,1,2,2,3,3,4,4,5,5,6,6,7,7,8,8,9,9
maceoff_water_619	6,1,1	0.0,0.0,0.0	0,0,0	2,1,1	1/2,1/3	2/1/3	-	-	1,1,1
maceoff_water_620	6,6,6,6,6,6,6,1,1,1,1,1,1,1,1,1,1,1,1,1,1	0.0,0.0,0.0,0.0,0.0,0.0,0.0,0.0,0.0,0.0,0.0,0.0,0.0,0.0,0.0,0.0,0.0,0.0,0.0,0.0,0.0	0,0,0,0,0,0,0,0,0,0,0,0,0,0,0,0,0,0,0,0,0	2,2,2,2,2,2,2,1,1,1,1,1,1,1,1,1,1,1,1,1,1	1/8,1/9,2/10,2/11,3/12,3/13,4/14,4/15,5/16,5/17,6/18,6/19,7/20,7/21	8/1/9,10/2/11,12/3/13,14/4/15,16/5/17,18/6/19,20/7/21	-	-	1,2,3,4,5,6,7,1,1,2,2,3,3,4,4,5,5,6,6,7,7
maceoff_water_621	6,6,6,1,1,1,1,1,1	0.0,0.0,0.0,0.0,0.0,0.0,0.0,0.0,0.0	0,0,0,0,0,0,0,0,0	2,2,2,1,1,1,1,1,1	1/4,1/5,2/6,2/7,3/8,3/9	4/1/5,6/2/7,8/3/9	-	-	1,2,3,1,1,2,2,3,3
maceoff_water_622	6,6,6,6,6,6,6,6,6,6,6,6,1,1,1,1,1,1,1,1,1,1,1,1,1,1,1,1,1,1,1,1,1,1,1,1	0.0,0.0,0.0,0.0,0.0,0.0,0.0,0.0,0.0,0.0,0.0,0.0,0.0,0.0,0.0,0.0,0.0,0.0,0.0,0.0,0.0,0.0,0.0,0.0,0.0,0.0,0.0,0.0,0.0,0.0,0.0,0.0,0.0,0.0,0.0,0.0	0,0,0,0,0,0,0,0,0,0,0,0,0,0,0,0,0,0,0,0,0,0,0,0,0,0,0,0,0,0,0,0,0,0,0,0	2,2,2,2,2,2,2,2,2,2,2,2,1,1,1,1,1,1,1,1,1,1,1,1,1,1,1,1,1,1,1,1,1,1,1,1	1/13,1/14,2/15,2/16,3/17,3/18,4/19,4/20,5/21,5/22,6/23,6/24,7/25,7/26,8/27,8/28,9/29,9/30,10/31,10/32,11/33,11/34,12/35,12/36	13/1/14,15/2/16,17/3/18,19/4/20,21/5/22,23/6/24,25/7/26,27/8/28,29/9/30,31/10/32,33/11/34,35/12/36	-	-	1,2,3,4,5,6,7,8,9,10,11,12,1,1,2,2,3,3,4,4,5,5,6,6,7,7,8,8,9,9,10,10,11,11,12,12
maceoff_water_623	6,6,6,6,6,6,6,6,6,6,6,6,1,1,1,1,1,1,1,1,1,1,1,1,1,1,1,1,1,1,1,1,1,1,1,1	0.0,0.0,0.0,0.0,0.0,0.0,0.0,0.0,0.0,0.0,0.0,0.0,0.0,0.0,0.0,0.0,0.0,0.0,0.0,0.0,0.0,0.0,0.0,0.0,0.0,0.0,0.0,0.0,0.0,0.0,0.0,0.0,0.0,0.0,0.0,0.0	0,0,0,0,0,0,0,0,0,0,0,0,0,0,0,0,0,0,0,0,0,0,0,0,0,0,0,0,0,0,0,0,0,0,0,0	2,2,2,2,2,2,2,2,2,2,2,2,1,1,1,1,1,1,1,1,1,1,1,1,1,1,1,1,1,1,1,1,1,1,1,1	1/13,1/14,2/15,2/16,3/17,3/18,4/19,4/20,5/21,5/22,6/23,6/24,7/25,7/26,8/27,8/28,9/29,9/30,10/31,10/32,11/33,11/34,12/35,12/36	13/1/14,15/2/16,17/3/18,19/4/20,21/5/22,23/6/24,25/7/26,27/8/28,29/9/30,31/10/32,33/11/34,35/12/36	-	-	1,2,3,4,5,6,7,8,9,10,11,12,1,1,2,2,3,3,4,4,5,5,6,6,7,7,8,8,9,9,10,10,11,11,12,12
maceoff_water_624	6,6,6,6,6,6,6,6,6,6,6,6,1,1,1,1,1,1,1,1,1,1,1,1,1,1,1,1,1,1,1,1,1,1,1,1	0.0,0.0,0.0,0.0,0.0,0.0,0.0,0.0,0.0,0.0,0.0,0.0,0.0,0.0,0.0,0.0,0.0,0.0,0.0,0.0,0.0,0.0,0.0,0.0,0.0,0.0,0.0,0.0,0.0,0.0,0.0,0.0,0.0,0.0,0.0,0.0	0,0,0,0,0,0,0,0,0,0,0,0,0,0,0,0,0,0,0,0,0,0,0,0,0,0,0,0,0,0,0,0,0,0,0,0	2,2,2,2,2,2,2,2,2,2,2,2,1,1,1,1,1,1,1,1,1,1,1,1,1,1,1,1,1,1,1,1,1,1,1,1	1/13,1/14,2/15,2/16,3/17,3/18,4/19,4/20,5/21,5/22,6/23,6/24,7/25,7/26,8/27,8/28,9/29,9/30,10/31,10/32,11/33,11/34,12/35,12/36	13/1/14,15/2/16,17/3/18,19/4/20,21/5/22,23/6/24,25/7/26,27/8/28,29/9/30,31/10/32,33/11/34,35/12/36	-	-	1,2,3,4,5,6,7,8,9,10,11,12,1,1,2,2,3,3,4,4,5,5,6,6,7,7,8,8,9,9,10,10,11,11,12,12
maceoff_water_625	6,6,6,6,1,1,1,1,1,1,1,1	0.0,0.0,0.0,0.0,0.0,0.0,0.0,0.0,0.0,0.0,0.0,0.0	0,0,0,0,0,0,0,0,0,0,0,0	2,2,2,2,1,1,1,1,1,1,1,1	1/5,1/6,2/7,2/8,3/9,3/10,4/11,4/12	5/1/6,7/2/8,9/3/10,11/4/12	-	-	1,2,3,4,1,1,2,2,3,3,4,4
maceoff_water_626	6,6,6,6,6,6,6,6,6,6,6,6,6,6,6,6,6,6,6,6,6,6,6,6,6,6,6,6,6,6,6,6,6,6,6,6,6,6,6,6,6,6,6,6,6,6,6,6,6,6,1,1,1,1,1,1,1,1,1,1,1,1,1,1,1,1,1,1,1,1,1,1,1,1,1,1,1,1,1,1,1,1,1,1,1,1,1,1,1,1,1,1,1,1,1,1,1,1,1,1,1,1,1,1,1,1,1,1,1,1,1,1,1,1,1,1,1,1,1,1,1,1,1,1,1,1,1,1,1,1,1,1,1,1,1,1,1,1,1,1,1,1,1,1,1,1,1,1,1,1	0.0,0.0,0.0,0.0,0.0,0.0,0.0,0.0,0.0,0.0,0.0,0.0,0.0,0.0,0.0,0.0,0.0,0.0,0.0,0.0,0.0,0.0,0.0,0.0,0.0,0.0,0.0,0.0,0.0,0.0,0.0,0.0,0.0,0.0,0.0,0.0,0.0,0.0,0.0,0.0,0.0,0.0,0.0,0.0,0.0,0.0,0.0,0.0,0.0,0.0,0.0,0.0,0.0,0.0,0.0,0.0,0.0,0.0,0.0,0.0,0.0,0.0,0.0,0.0,0.0,0.0,0.0,0.0,0.0,0.0,0.0,0.0,0.0,0.0,0.0,0.0,0.0,0.0,0.0,0.0,0.0,0.0,0.0,0.0,0.0,0.0,0.0,0.0,0.0,0.0,0.0,0.0,0.0,0.0,0.0,0.0,0.0,0.0,0.0,0.0,0.0,0.0,0.0,0.0,0.0,0.0,0.0,0.0,0.0,0.0,0.0,0.0,0.0,0.0,0.0,0.0,0.0,0.0,0.0,0.0,0.0,0.0,0.0,0.0,0.0,0.0,0.0,0.0,0.0,0.0,0.0,0.0,0.0,0.0,0.0,0.0,0.0,0.0,0.0,0.0,0.0,0.0,0.0,0.0,0.0,0.0,0.0,0.0,0.0,0.0	0,0,0,0,0,0,0,0,0,0,0,0,0,0,0,0,0,0,0,0,0,0,0,0,0,0,0,0,0,0,0,0,0,0,0,0,0,0,0,0,0,0,0,0,0,0,0,0,0,0,0,0,0,0,0,0,0,0,0,0,0,0,0,0,0,0,0,0,0,0,0,0,0,0,0,0,0,0,0,0,0,0,0,0,0,0,0,0,0,0,0,0,0,0,0,0,0,0,0,0,0,0,0,0,0,0,0,0,0,0,0,0,0,0,0,0,0,0,0,0,0,0,0,0,0,0,0,0,0,0,0,0,0,0,0,0,0,0,0,0,0,0,0,0,0,0,0,0,0,0	2,2,2,2,2,2,2,2,2,2,2,2,2,2,2,2,2,2,2,2,2,2,2,2,2,2,2,2,2,2,2,2,2,2,2,2,2,2,2,2,2,2,2,2,2,2,2,2,2,2,1,1,1,1,1,1,1,1,1,1,1,1,1,1,1,1,1,1,1,1,1,1,1,1,1,1,1,1,1,1,1,1,1,1,1,1,1,1,1,1,1,1,1,1,1,1,1,1,1,1,1,1,1,1,1,1,1,1,1,1,1,1,1,1,1,1,1,1,1,1,1,1,1,1,1,1,1,1,1,1,1,1,1,1,1,1,1,1,1,1,1,1,1,1,1,1,1,1,1,1	1/51,1/52,2/53,2/54,3/55,3/56,4/57,4/58,5/59,5/60,6/61,6/62,7/63,7/64,8/65,8/66,9/67,9/68,10/69,10/70,11/71,11/72,12/73,12/74,13/75,13/76,14/77,14/78,15/79,15/80,16/81,16/82,17/83,17/84,18/85,18/86,19/87,19/88,20/89,20/90,21/91,21/92,22/93,22/94,23/95,23/96,24/97,24/98,25/99,25/100,26/101,26/102,27/103,27/104,28/105,28/106,29/107,29/108,30/109,30/110,31/111,31/112,32/113,32/114,33/115,33/116,34/117,34/118,35/119,35/120,36/121,36/122,37/123,37/124,38/125,38/126,39/127,39/128,40/129,40/130,41/131,41/132,42/133,42/134,43/135,43/136,44/137,44/138,45/139,45/140,46/141,46/142,47/143,47/144,48/145,48/146,49/147,49/148,50/149,50/150	51/1/52,53/2/54,55/3/56,57/4/58,59/5/60,61/6/62,63/7/64,65/8/66,67/9/68,69/10/70,71/11/72,73/12/74,75/13/76,77/14/78,79/15/80,81/16/82,83/17/84,85/18/86,87/19/88,89/20/90,91/21/92,93/22/94,95/23/96,97/24/98,99/25/100,101/26/102,103/27/104,105/28/106,107/29/108,109/30/110,111/31/112,113/32/114,115/33/116,117/34/118,119/35/120,121/36/122,123/37/124,125/38/126,127/39/128,129/40/130,131/41/132,133/42/134,135/43/136,137/44/138,139/45/140,141/46/142,143/47/144,145/48/146,147/49/148,149/50/150	-	-	1,2,3,4,5,6,7,8,9,10,11,12,13,14,15,16,17,18,19,20,21,22,23,24,25,26,27,28,29,30,31,32,33,34,35,36,37,38,39,40,41,42,43,44,45,46,47,48,49,50,1,1,2,2,3,3,4,4,5,5,6,6,7,7,8,8,9,9,10,10,11,11,12,12,13,13,14,14,15,15,16,16,17,17,18,18,19,19,20,20,21,21,22,22,23,23,24,24,25,25,26,26,27,27,28,28,29,29,30,30,31,31,32,32,33,33,34,34,35,35,36,36,37,37,38,38,39,39,40,40,41,41,42,42,43,43,44,44,45,45,46,46,47,47,48,48,49,49,50,50
maceoff_water_627	6,6,6,6,1,1,1,1,1,1,1,1	0.0,0.0,0.0,0.0,0.0,0.0,0.0,0.0,0.0,0.0,0.0,0.0	0,0,0,0,0,0,0,0,0,0,0,0	2,2,2,2,1,1,1,1,1,1,1,1	1/5,1/6,2/7,2/8,3/9,3/10,4/11,4/12	5/1/6,7/2/8,9/3/10,11/4/12	-	-	1,2,3,4,1,1,2,2,3,3,4,4
maceoff_water_628	6,6,6,6,6,6,6,6,6,6,6,6,6,6,6,6,6,6,6,6,6,6,6,6,6,6,6,6,6,6,6,6,6,6,6,6,6,6,6,6,6,6,6,6,6,6,6,6,6,6,1,1,1,1,1,1,1,1,1,1,1,1,1,1,1,1,1,1,1,1,1,1,1,1,1,1,1,1,1,1,1,1,1,1,1,1,1,1,1,1,1,1,1,1,1,1,1,1,1,1,1,1,1,1,1,1,1,1,1,1,1,1,1,1,1,1,1,1,1,1,1,1,1,1,1,1,1,1,1,1,1,1,1,1,1,1,1,1,1,1,1,1,1,1,1,1,1,1,1,1	0.0,0.0,0.0,0.0,0.0,0.0,0.0,0.0,0.0,0.0,0.0,0.0,0.0,0.0,0.0,0.0,0.0,0.0,0.0,0.0,0.0,0.0,0.0,0.0,0.0,0.0,0.0,0.0,0.0,0.0,0.0,0.0,0.0,0.0,0.0,0.0,0.0,0.0,0.0,0.0,0.0,0.0,0.0,0.0,0.0,0.0,0.0,0.0,0.0,0.0,0.0,0.0,0.0,0.0,0.0,0.0,0.0,0.0,0.0,0.0,0.0,0.0,0.0,0.0,0.0,0.0,0.0,0.0,0.0,0.0,0.0,0.0,0.0,0.0,0.0,0.0,0.0,0.0,0.0,0.0,0.0,0.0,0.0,0.0,0.0,0.0,0.0,0.0,0.0,0.0,0.0,0.0,0.0,0.0,0.0,0.0,0.0,0.0,0.0,0.0,0.0,0.0,0.0,0.0,0.0,0.0,0.0,0.0,0.0,0.0,0.0,0.0,0.0,0.0,0.0,0.0,0.0,0.0,0.0,0.0,0.0,0.0,0.0,0.0,0.0,0.0,0.0,0.0,0.0,0.0,0.0,0.0,0.0,0.0,0.0,0.0,0.0,0.0,0.0,0.0,0.0,0.0,0.0,0.0,0.0,0.0,0.0,0.0,0.0,0.0	0,0,0,0,0,0,0,0,0,0,0,0,0,0,0,0,0,0,0,0,0,0,0,0,0,0,0,0,0,0,0,0,0,0,0,0,0,0,0,0,0,0,0,0,0,0,0,0,0,0,0,0,0,0,0,0,0,0,0,0,0,0,0,0,0,0,0,0,0,0,0,0,0,0,0,0,0,0,0,0,0,0,0,0,0,0,0,0,0,0,0,0,0,0,0,0,0,0,0,0,0,0,0,0,0,0,0,0,0,0,0,0,0,0,0,0,0,0,0,0,0,0,0,0,0,0,0,0,0,0,0,0,0,0,0,0,0,0,0,0,0,0,0,0,0,0,0,0,0,0	2,2,2,2,2,2,2,2,2,2,2,2,2,2,2,2,2,2,2,2,2,2,2,2,2,2,2,2,2,2,2,2,2,2,2,2,2,2,2,2,2,2,2,2,2,2,2,2,2,2,1,1,1,1,1,1,1,1,1,1,1,1,1,1,1,1,1,1,1,1,1,1,1,1,1,1,1,1,1,1,1,1,1,1,1,1,1,1,1,1,1,1,1,1,1,1,1,1,1,1,1,1,1,1,1,1,1,1,1,1,1,1,1,1,1,1,1,1,1,1,1,1,1,1,1,1,1,1,1,1,1,1,1,1,1,1,1,1,1,1,1,1,1,1,1,1,1,1,1,1	1/51,1/52,2/53,2/54,3/55,3/56,4/57,4/58,5/59,5/60,6/61,6/62,7/63,7/64,8/65,8/66,9/67,9/68,10/69,10/70,11/71,11/72,12/73,12/74,13/75,13/76,14/77,14/78,15/79,15/80,16/81,16/82,17/83,17/84,18/85,18/86,19/87,19/88,20/89,20/90,21/91,21/92,22/93,22/94,23/95,23/96,24/97,24/98,25/99,25/100,26/101,26/102,27/103,27/104,28/105,28/106,29/107,29/108,30/109,30/110,31/111,31/112,32/113,32/114,33/115,33/116,34/117,34/118,35/119,35/120,36/121,36/122,37/123,37/124,38/125,38/126,39/127,39/128,40/129,40/130,41/131,41/132,42/133,42/134,43/135,43/136,44/137,44/138,45/139,45/140,46/141,46/142,47/143,47/144,48/145,48/146,49/147,49/148,50/149,50/150	51/1/52,53/2/54,55/3/56,57/4/58,59/5/60,61/6/62,63/7/64,65/8/66,67/9/68,69/10/70,71/11/72,73/12/74,75/13/76,77/14/78,79/15/80,81/16/82,83/17/84,85/18/86,87/19/88,89/20/90,91/21/92,93/22/94,95/23/96,97/24/98,99/25/100,101/26/102,103/27/104,105/28/106,107/29/108,109/30/110,111/31/112,113/32/114,115/33/116,117/34/118,119/35/120,121/36/122,123/37/124,125/38/126,127/39/128,129/40/130,131/41/132,133/42/134,135/43/136,137/44/138,139/45/140,141/46/142,143/47/144,145/48/146,147/49/148,149/50/150	-	-	1,2,3,4,5,6,7,8,9,10,11,12,13,14,15,16,17,18,19,20,21,22,23,24,25,26,27,28,29,30,31,32,33,34,35,36,37,38,39,40,41,42,43,44,45,46,47,48,49,50,1,1,2,2,3,3,4,4,5,5,6,6,7,7,8,8,9,9,10,10,11,11,12,12,13,13,14,14,15,15,16,16,17,17,18,18,19,19,20,20,21,21,22,22,23,23,24,24,25,25,26,26,27,27,28,28,29,29,30,30,31,31,32,32,33,33,34,34,35,35,36,36,37,37,38,38,39,39,40,40,41,41,42,42,43,43,44,44,45,45,46,46,47,47,48,48,49,49,50,50
maceoff_water_629	6,6,1,1,1,1	0.0,0.0,0.0,0.0,0.0,0.0	0,0,0,0,0,0	2,2,1,1,1,1	1/3,1/4,2/5,2/6	3/1/4,5/2/6	-	-	1,2,1,1,2,2
maceoff_water_630	6,6,1,1,1,1	0.0,0.0,0.0,0.0,0.0,0.0	0,0,0,0,0,0	2,2,1,1,1,1	1/3,1/4,2/5,2/6	3/1/4,5/2/6	-	-	1,2,1,1,2,2
maceoff_water_631	6,6,6,6,1,1,1,1,1,1,1,1	0.0,0.0,0.0,0.0,0.0,0.0,0.0,0.0,0.0,0.0,0.0,0.0	0,0,0,0,0,0,0,0,0,0,0,0	2,2,2,2,1,1,1,1,1,1,1,1	1/5,1/6,2/7,2/8,3/9,3/10,4/11,4/12	5/1/6,7/2/8,9/3/10,11/4/12	-	-	1,2,3,4,1,1,2,2,3,3,4,4
maceoff_water_632	6,6,6,6,6,1,1,1,1,1,1,1,1,1,1	0.0,0.0,0.0,0.0,0.0,0.0,0.0,0.0,0.0,0.0,0.0,0.0,0.0,0.0,0.0	0,0,0,0,0,0,0,0,0,0,0,0,0,0,0	2,2,2,2,2,1,1,1,1,1,1,1,1,1,1	1/6,1/7,2/8,2/9,3/10,3/11,4/12,4/13,5/14,5/15	6/1/7,8/2/9,10/3/11,12/4/13,14/5/15	-	-	1,2,3,4,5,1,1,2,2,3,3,4,4,5,5
maceoff_water_633	6,6,6,6,6,1,1,1,1,1,1,1,1,1,1	0.0,0.0,0.0,0.0,0.0,0.0,0.0,0.0,0.0,0.0,0.0,0.0,0.0,0.0,0.0	0,0,0,0,0,0,0,0,0,0,0,0,0,0,0	2,2,2,2,2,1,1,1,1,1,1,1,1,1,1	1/6,1/7,2/8,2/9,3/10,3/11,4/12,4/13,5/14,5/15	6/1/7,8/2/9,10/3/11,12/4/13,14/5/15	-	-	1,2,3,4,5,1,1,2,2,3,3,4,4,5,5
maceoff_water_634	6,6,6,6,6,6,6,1,1,1,1,1,1,1,1,1,1,1,1,1,1	0.0,0.0,0.0,0.0,0.0,0.0,0.0,0.0,0.0,0.0,0.0,0.0,0.0,0.0,0.0,0.0,0.0,0.0,0.0,0.0,0.0	0,0,0,0,0,0,0,0,0,0,0,0,0,0,0,0,0,0,0,0,0	2,2,2,2,2,2,2,1,1,1,1,1,1,1,1,1,1,1,1,1,1	1/8,1/9,2/10,2/11,3/12,3/13,4/14,4/15,5/16,5/17,6/18,6/19,7/20,7/21	8/1/9,10/2/11,12/3/13,14/4/15,16/5/17,18/6/19,20/7/21	-	-	1,2,3,4,5,6,7,1,1,2,2,3,3,4,4,5,5,6,6,7,7
maceoff_water_635	6,6,6,6,6,6,6,6,1,1,1,1,1,1,1,1,1,1,1,1,1,1,1,1	0.0,0.0,0.0,0.0,0.0,0.0,0.0,0.0,0.0,0.0,0.0,0.0,0.0,0.0,0.0,0.0,0.0,0.0,0.0,0.0,0.0,0.0,0.0,0.0	0,0,0,0,0,0,0,0,0,0,0,0,0,0,0,0,0,0,0,0,0,0,0,0	2,2,2,2,2,2,2,2,1,1,1,1,1,1,1,1,1,1,1,1,1,1,1,1	1/9,1/10,2/11,2/12,3/13,3/14,4/15,4/16,5/17,5/18,6/19,6/20,7/21,7/22,8/23,8/24	9/1/10,11/2/12,13/3/14,15/4/16,17/5/18,19/6/20,21/7/22,23/8/24	-	-	1,2,3,4,5,6,7,8,1,1,2,2,3,3,4,4,5,5,6,6,7,7,8,8
maceoff_water_636	6,6,6,6,6,6,1,1,1,1,1,1,1,1,1,1,1,1	0.0,0.0,0.0,0.0,0.0,0.0,0.0,0.0,0.0,0.0,0.0,0.0,0.0,0.0,0.0,0.0,0.0,0.0	0,0,0,0,0,0,0,0,0,0,0,0,0,0,0,0,0,0	2,2,2,2,2,2,1,1,1,1,1,1,1,1,1,1,1,1	1/7,1/8,2/9,2/10,3/11,3/12,4/13,4/14,5/15,5/16,6/17,6/18	7/1/8,9/2/10,11/3/12,13/4/14,15/5/16,17/6/18	-	-	1,2,3,4,5,6,1,1,2,2,3,3,4,4,5,5,6,6
maceoff_water_637	6,6,6,6,6,6,6,6,1,1,1,1,1,1,1,1,1,1,1,1,1,1,1,1	0.0,0.0,0.0,0.0,0.0,0.0,0.0,0.0,0.0,0.0,0.0,0.0,0.0,0.0,0.0,0.0,0.0,0.0,0.0,0.0,0.0,0.0,0.0,0.0	0,0,0,0,0,0,0,0,0,0,0,0,0,0,0,0,0,0,0,0,0,0,0,0	2,2,2,2,2,2,2,2,1,1,1,1,1,1,1,1,1,1,1,1,1,1,1,1	1/9,1/10,2/11,2/12,3/13,3/14,4/15,4/16,5/17,5/18,6/19,6/20,7/21,7/22,8/23,8/24	9/1/10,11/2/12,13/3/14,15/4/16,17/5/18,19/6/20,21/7/22,23/8/24	-	-	1,2,3,4,5,6,7,8,1,1,2,2,3,3,4,4,5,5,6,6,7,7,8,8
maceoff_water_638	6,6,6,6,1,1,1,1,1,1,1,1	0.0,0.0,0.0,0.0,0.0,0.0,0.0,0.0,0.0,0.0,0.0,0.0	0,0,0,0,0,0,0,0,0,0,0,0	2,2,2,2,1,1,1,1,1,1,1,1	1/5,1/6,2/7,2/8,3/9,3/10,4/11,4/12	5/1/6,7/2/8,9/3/10,11/4/12	-	-	1,2,3,4,1,1,2,2,3,3,4,4
maceoff_water_639	6,6,6,6,6,6,6,6,6,6,6,6,1,1,1,1,1,1,1,1,1,1,1,1,1,1,1,1,1,1,1,1,1,1,1,1	0.0,0.0,0.0,0.0,0.0,0.0,0.0,0.0,0.0,0.0,0.0,0.0,0.0,0.0,0.0,0.0,0.0,0.0,0.0,0.0,0.0,0.0,0.0,0.0,0.0,0.0,0.0,0.0,0.0,0.0,0.0,0.0,0.0,0.0,0.0,0.0	0,0,0,0,0,0,0,0,0,0,0,0,0,0,0,0,0,0,0,0,0,0,0,0,0,0,0,0,0,0,0,0,0,0,0,0	2,2,2,2,2,2,2,2,2,2,2,2,1,1,1,1,1,1,1,1,1,1,1,1,1,1,1,1,1,1,1,1,1,1,1,1	1/13,1/14,2/15,2/16,3/17,3/18,4/19,4/20,5/21,5/22,6/23,6/24,7/25,7/26,8/27,8/28,9/29,9/30,10/31,10/32,11/33,11/34,12/35,12/36	13/1/14,15/2/16,17/3/18,19/4/20,21/5/22,23/6/24,25/7/26,27/8/28,29/9/30,31/10/32,33/11/34,35/12/36	-	-	1,2,3,4,5,6,7,8,9,10,11,12,1,1,2,2,3,3,4,4,5,5,6,6,7,7,8,8,9,9,10,10,11,11,12,12
maceoff_water_640	6,6,6,1,1,1,1,1,1	0.0,0.0,0.0,0.0,0.0,0.0,0.0,0.0,0.0	0,0,0,0,0,0,0,0,0	2,2,2,1,1,1,1,1,1	1/4,1/5,2/6,2/7,3/8,3/9	4/1/5,6/2/7,8/3/9	-	-	1,2,3,1,1,2,2,3,3
maceoff_water_641	6,6,1,1,1,1	0.0,0.0,0.0,0.0,0.0,0.0	0,0,0,0,0,0	2,2,1,1,1,1	1/3,1/4,2/5,2/6	3/1/4,5/2/6	-	-	1,2,1,1,2,2
maceoff_water_642	6,6,6,6,6,1,1,1,1,1,1,1,1,1,1	0.0,0.0,0.0,0.0,0.0,0.0,0.0,0.0,0.0,0.0,0.0,0.0,0.0,0.0,0.0	0,0,0,0,0,0,0,0,0,0,0,0,0,0,0	2,2,2,2,2,1,1,1,1,1,1,1,1,1,1	1/6,1/7,2/8,2/9,3/10,3/11,4/12,4/13,5/14,5/15	6/1/7,8/2/9,10/3/11,12/4/13,14/5/15	-	-	1,2,3,4,5,1,1,2,2,3,3,4,4,5,5
maceoff_water_643	6,6,6,6,6,6,6,1,1,1,1,1,1,1,1,1,1,1,1,1,1	0.0,0.0,0.0,0.0,0.0,0.0,0.0,0.0,0.0,0.0,0.0,0.0,0.0,0.0,0.0,0.0,0.0,0.0,0.0,0.0,0.0	0,0,0,0,0,0,0,0,0,0,0,0,0,0,0,0,0,0,0,0,0	2,2,2,2,2,2,2,1,1,1,1,1,1,1,1,1,1,1,1,1,1	1/8,1/9,2/10,2/11,3/12,3/13,4/14,4/15,5/16,5/17,6/18,6/19,7/20,7/21	8/1/9,10/2/11,12/3/13,14/4/15,16/5/17,18/6/19,20/7/21	-	-	1,2,3,4,5,6,7,1,1,2,2,3,3,4,4,5,5,6,6,7,7
maceoff_water_644	6,6,6,6,1,1,1,1,1,1,1,1	0.0,0.0,0.0,0.0,0.0,0.0,0.0,0.0,0.0,0.0,0.0,0.0	0,0,0,0,0,0,0,0,0,0,0,0	2,2,2,2,1,1,1,1,1,1,1,1	1/5,1/6,2/7,2/8,3/9,3/10,4/11,4/12	5/1/6,7/2/8,9/3/10,11/4/12	-	-	1,2,3,4,1,1,2,2,3,3,4,4
maceoff_water_645	6,6,6,6,6,6,6,6,1,1,1,1,1,1,1,1,1,1,1,1,1,1,1,1	0.0,0.0,0.0,0.0,0.0,0.0,0.0,0.0,0.0,0.0,0.0,0.0,0.0,0.0,0.0,0.0,0.0,0.0,0.0,0.0,0.0,0.0,0.0,0.0	0,0,0,0,0,0,0,0,0,0,0,0,0,0,0,0,0,0,0,0,0,0,0,0	2,2,2,2,2,2,2,2,1,1,1,1,1,1,1,1,1,1,1,1,1,1,1,1	1/9,1/10,2/11,2/12,3/13,3/14,4/15,4/16,5/17,5/18,6/19,6/20,7/21,7/22,8/23,8/24	9/1/10,11/2/12,13/3/14,15/4/16,17/5/18,19/6/20,21/7/22,23/8/24	-	-	1,2,3,4,5,6,7,8,1,1,2,2,3,3,4,4,5,5,6,6,7,7,8,8
maceoff_water_646	6,6,6,6,6,1,1,1,1,1,1,1,1,1,1	0.0,0.0,0.0,0.0,0.0,0.0,0.0,0.0,0.0,0.0,0.0,0.0,0.0,0.0,0.0	0,0,0,0,0,0,0,0,0,0,0,0,0,0,0	2,2,2,2,2,1,1,1,1,1,1,1,1,1,1	1/6,1/7,2/8,2/9,3/10,3/11,4/12,4/13,5/14,5/15	6/1/7,8/2/9,10/3/11,12/4/13,14/5/15	-	-	1,2,3,4,5,1,1,2,2,3,3,4,4,5,5
maceoff_water_647	6,6,6,6,6,6,6,6,6,6,1,1,1,1,1,1,1,1,1,1,1,1,1,1,1,1,1,1,1,1	0.0,0.0,0.0,0.0,0.0,0.0,0.0,0.0,0.0,0.0,0.0,0.0,0.0,0.0,0.0,0.0,0.0,0.0,0.0,0.0,0.0,0.0,0.0,0.0,0.0,0.0,0.0,0.0,0.0,0.0	0,0,0,0,0,0,0,0,0,0,0,0,0,0,0,0,0,0,0,0,0,0,0,0,0,0,0,0,0,0	2,2,2,2,2,2,2,2,2,2,1,1,1,1,1,1,1,1,1,1,1,1,1,1,1,1,1,1,1,1	1/11,1/12,2/13,2/14,3/15,3/16,4/17,4/18,5/19,5/20,6/21,6/22,7/23,7/24,8/25,8/26,9/27,9/28,10/29,10/30	11/1/12,13/2/14,15/3/16,17/4/18,19/5/20,21/6/22,23/7/24,25/8/26,27/9/28,29/10/30	-	-	1,2,3,4,5,6,7,8,9,10,1,1,2,2,3,3,4,4,5,5,6,6,7,7,8,8,9,9,10,10
maceoff_water_648	6,6,6,6,6,1,1,1,1,1,1,1,1,1,1	0.0,0.0,0.0,0.0,0.0,0.0,0.0,0.0,0.0,0.0,0.0,0.0,0.0,0.0,0.0	0,0,0,0,0,0,0,0,0,0,0,0,0,0,0	2,2,2,2,2,1,1,1,1,1,1,1,1,1,1	1/6,1/7,2/8,2/9,3/10,3/11,4/12,4/13,5/14,5/15	6/1/7,8/2/9,10/3/11,12/4/13,14/5/15	-	-	1,2,3,4,5,1,1,2,2,3,3,4,4,5,5
maceoff_water_649	6,6,1,1,1,1	0.0,0.0,0.0,0.0,0.0,0.0	0,0,0,0,0,0	2,2,1,1,1,1	1/3,1/4,2/5,2/6	3/1/4,5/2/6	-	-	1,2,1,1,2,2
maceoff_water_650	6,6,6,6,6,6,6,6,6,1,1,1,1,1,1,1,1,1,1,1,1,1,1,1,1,1,1	0.0,0.0,0.0,0.0,0.0,0.0,0.0,0.0,0.0,0.0,0.0,0.0,0.0,0.0,0.0,0.0,0.0,0.0,0.0,0.0,0.0,0.0,0.0,0.0,0.0,0.0,0.0	0,0,0,0,0,0,0,0,0,0,0,0,0,0,0,0,0,0,0,0,0,0,0,0,0,0,0	2,2,2,2,2,2,2,2,2,1,1,1,1,1,1,1,1,1,1,1,1,1,1,1,1,1,1	1/10,1/11,2/12,2/13,3/14,3/15,4/16,4/17,5/18,5/19,6/20,6/21,7/22,7/23,8/24,8/25,9/26,9/27	10/1/11,12/2/13,14/3/15,16/4/17,18/5/19,20/6/21,22/7/23,24/8/25,26/9/27	-	-	1,2,3,4,5,6,7,8,9,1,1,2,2,3,3,4,4,5,5,6,6,7,7,8,8,9,9
maceoff_water_651	6,6,6,6,6,6,6,6,1,1,1,1,1,1,1,1,1,1,1,1,1,1,1,1	0.0,0.0,0.0,0.0,0.0,0.0,0.0,0.0,0.0,0.0,0.0,0.0,0.0,0.0,0.0,0.0,0.0,0.0,0.0,0.0,0.0,0.0,0.0,0.0	0,0,0,0,0,0,0,0,0,0,0,0,0,0,0,0,0,0,0,0,0,0,0,0	2,2,2,2,2,2,2,2,1,1,1,1,1,1,1,1,1,1,1,1,1,1,1,1	1/9,1/10,2/11,2/12,3/13,3/14,4/15,4/16,5/17,5/18,6/19,6/20,7/21,7/22,8/23,8/24	9/1/10,11/2/12,13/3/14,15/4/16,17/5/18,19/6/20,21/7/22,23/8/24	-	-	1,2,3,4,5,6,7,8,1,1,2,2,3,3,4,4,5,5,6,6,7,7,8,8
maceoff_water_652	6,6,6,6,6,6,6,6,1,1,1,1,1,1,1,1,1,1,1,1,1,1,1,1	0.0,0.0,0.0,0.0,0.0,0.0,0.0,0.0,0.0,0.0,0.0,0.0,0.0,0.0,0.0,0.0,0.0,0.0,0.0,0.0,0.0,0.0,0.0,0.0	0,0,0,0,0,0,0,0,0,0,0,0,0,0,0,0,0,0,0,0,0,0,0,0	2,2,2,2,2,2,2,2,1,1,1,1,1,1,1,1,1,1,1,1,1,1,1,1	1/9,1/10,2/11,2/12,3/13,3/14,4/15,4/16,5/17,5/18,6/19,6/20,7/21,7/22,8/23,8/24	9/1/10,11/2/12,13/3/14,15/4/16,17/5/18,19/6/20,21/7/22,23/8/24	-	-	1,2,3,4,5,6,7,8,1,1,2,2,3,3,4,4,5,5,6,6,7,7,8,8
maceoff_water_653	6,6,6,6,6,6,6,6,6,6,1,1,1,1,1,1,1,1,1,1,1,1,1,1,1,1,1,1,1,1	0.0,0.0,0.0,0.0,0.0,0.0,0.0,0.0,0.0,0.0,0.0,0.0,0.0,0.0,0.0,0.0,0.0,0.0,0.0,0.0,0.0,0.0,0.0,0.0,0.0,0.0,0.0,0.0,0.0,0.0	0,0,0,0,0,0,0,0,0,0,0,0,0,0,0,0,0,0,0,0,0,0,0,0,0,0,0,0,0,0	2,2,2,2,2,2,2,2,2,2,1,1,1,1,1,1,1,1,1,1,1,1,1,1,1,1,1,1,1,1	1/11,1/12,2/13,2/14,3/15,3/16,4/17,4/18,5/19,5/20,6/21,6/22,7/23,7/24,8/25,8/26,9/27,9/28,10/29,10/30	11/1/12,13/2/14,15/3/16,17/4/18,19/5/20,21/6/22,23/7/24,25/8/26,27/9/28,29/10/30	-	-	1,2,3,4,5,6,7,8,9,10,1,1,2,2,3,3,4,4,5,5,6,6,7,7,8,8,9,9,10,10
maceoff_water_654	6,6,6,6,1,1,1,1,1,1,1,1	0.0,0.0,0.0,0.0,0.0,0.0,0.0,0.0,0.0,0.0,0.0,0.0	0,0,0,0,0,0,0,0,0,0,0,0	2,2,2,2,1,1,1,1,1,1,1,1	1/5,1/6,2/7,2/8,3/9,3/10,4/11,4/12	5/1/6,7/2/8,9/3/10,11/4/12	-	-	1,2,3,4,1,1,2,2,3,3,4,4
maceoff_water_655	6,6,6,6,1,1,1,1,1,1,1,1	0.0,0.0,0.0,0.0,0.0,0.0,0.0,0.0,0.0,0.0,0.0,0.0	0,0,0,0,0,0,0,0,0,0,0,0	2,2,2,2,1,1,1,1,1,1,1,1	1/5,1/6,2/7,2/8,3/9,3/10,4/11,4/12	5/1/6,7/2/8,9/3/10,11/4/12	-	-	1,2,3,4,1,1,2,2,3,3,4,4
maceoff_water_656	6,6,6,6,6,6,6,6,6,1,1,1,1,1,1,1,1,1,1,1,1,1,1,1,1,1,1	0.0,0.0,0.0,0.0,0.0,0.0,0.0,0.0,0.0,0.0,0.0,0.0,0.0,0.0,0.0,0.0,0.0,0.0,0.0,0.0,0.0,0.0,0.0,0.0,0.0,0.0,0.0	0,0,0,0,0,0,0,0,0,0,0,0,0,0,0,0,0,0,0,0,0,0,0,0,0,0,0	2,2,2,2,2,2,2,2,2,1,1,1,1,1,1,1,1,1,1,1,1,1,1,1,1,1,1	1/10,1/11,2/12,2/13,3/14,3/15,4/16,4/17,5/18,5/19,6/20,6/21,7/22,7/23,8/24,8/25,9/26,9/27	10/1/11,12/2/13,14/3/15,16/4/17,18/5/19,20/6/21,22/7/23,24/8/25,26/9/27	-	-	1,2,3,4,5,6,7,8,9,1,1,2,2,3,3,4,4,5,5,6,6,7,7,8,8,9,9
maceoff_water_657	6,6,6,6,6,1,1,1,1,1,1,1,1,1,1	0.0,0.0,0.0,0.0,0.0,0.0,0.0,0.0,0.0,0.0,0.0,0.0,0.0,0.0,0.0	0,0,0,0,0,0,0,0,0,0,0,0,0,0,0	2,2,2,2,2,1,1,1,1,1,1,1,1,1,1	1/6,1/7,2/8,2/9,3/10,3/11,4/12,4/13,5/14,5/15	6/1/7,8/2/9,10/3/11,12/4/13,14/5/15	-	-	1,2,3,4,5,1,1,2,2,3,3,4,4,5,5
maceoff_water_658	6,6,6,6,6,6,6,6,6,6,1,1,1,1,1,1,1,1,1,1,1,1,1,1,1,1,1,1,1,1	0.0,0.0,0.0,0.0,0.0,0.0,0.0,0.0,0.0,0.0,0.0,0.0,0.0,0.0,0.0,0.0,0.0,0.0,0.0,0.0,0.0,0.0,0.0,0.0,0.0,0.0,0.0,0.0,0.0,0.0	0,0,0,0,0,0,0,0,0,0,0,0,0,0,0,0,0,0,0,0,0,0,0,0,0,0,0,0,0,0	2,2,2,2,2,2,2,2,2,2,1,1,1,1,1,1,1,1,1,1,1,1,1,1,1,1,1,1,1,1	1/11,1/12,2/13,2/14,3/15,3/16,4/17,4/18,5/19,5/20,6/21,6/22,7/23,7/24,8/25,8/26,9/27,9/28,10/29,10/30	11/1/12,13/2/14,15/3/16,17/4/18,19/5/20,21/6/22,23/7/24,25/8/26,27/9/28,29/10/30	-	-	1,2,3,4,5,6,7,8,9,10,1,1,2,2,3,3,4,4,5,5,6,6,7,7,8,8,9,9,10,10
maceoff_water_659	6,6,6,6,6,6,6,1,1,1,1,1,1,1,1,1,1,1,1,1,1	0.0,0.0,0.0,0.0,0.0,0.0,0.0,0.0,0.0,0.0,0.0,0.0,0.0,0.0,0.0,0.0,0.0,0.0,0.0,0.0,0.0	0,0,0,0,0,0,0,0,0,0,0,0,0,0,0,0,0,0,0,0,0	2,2,2,2,2,2,2,1,1,1,1,1,1,1,1,1,1,1,1,1,1	1/8,1/9,2/10,2/11,3/12,3/13,4/14,4/15,5/16,5/17,6/18,6/19,7/20,7/21	8/1/9,10/2/11,12/3/13,14/4/15,16/5/17,18/6/19,20/7/21	-	-	1,2,3,4,5,6,7,1,1,2,2,3,3,4,4,5,5,6,6,7,7
maceoff_water_660	6,6,6,6,6,6,6,6,6,6,1,1,1,1,1,1,1,1,1,1,1,1,1,1,1,1,1,1,1,1	0.0,0.0,0.0,0.0,0.0,0.0,0.0,0.0,0.0,0.0,0.0,0.0,0.0,0.0,0.0,0.0,0.0,0.0,0.0,0.0,0.0,0.0,0.0,0.0,0.0,0.0,0.0,0.0,0.0,0.0	0,0,0,0,0,0,0,0,0,0,0,0,0,0,0,0,0,0,0,0,0,0,0,0,0,0,0,0,0,0	2,2,2,2,2,2,2,2,2,2,1,1,1,1,1,1,1,1,1,1,1,1,1,1,1,1,1,1,1,1	1/11,1/12,2/13,2/14,3/15,3/16,4/17,4/18,5/19,5/20,6/21,6/22,7/23,7/24,8/25,8/26,9/27,9/28,10/29,10/30	11/1/12,13/2/14,15/3/16,17/4/18,19/5/20,21/6/22,23/7/24,25/8/26,27/9/28,29/10/30	-	-	1,2,3,4,5,6,7,8,9,10,1,1,2,2,3,3,4,4,5,5,6,6,7,7,8,8,9,9,10,10
maceoff_water_661	6,6,6,6,6,6,6,1,1,1,1,1,1,1,1,1,1,1,1,1,1	0.0,0.0,0.0,0.0,0.0,0.0,0.0,0.0,0.0,0.0,0.0,0.0,0.0,0.0,0.0,0.0,0.0,0.0,0.0,0.0,0.0	0,0,0,0,0,0,0,0,0,0,0,0,0,0,0,0,0,0,0,0,0	2,2,2,2,2,2,2,1,1,1,1,1,1,1,1,1,1,1,1,1,1	1/8,1/9,2/10,2/11,3/12,3/13,4/14,4/15,5/16,5/17,6/18,6/19,7/20,7/21	8/1/9,10/2/11,12/3/13,14/4/15,16/5/17,18/6/19,20/7/21	-	-	1,2,3,4,5,6,7,1,1,2,2,3,3,4,4,5,5,6,6,7,7
maceoff_water_662	6,6,6,6,6,6,6,6,6,1,1,1,1,1,1,1,1,1,1,1,1,1,1,1,1,1,1	0.0,0.0,0.0,0.0,0.0,0.0,0.0,0.0,0.0,0.0,0.0,0.0,0.0,0.0,0.0,0.0,0.0,0.0,0.0,0.0,0.0,0.0,0.0,0.0,0.0,0.0,0.0	0,0,0,0,0,0,0,0,0,0,0,0,0,0,0,0,0,0,0,0,0,0,0,0,0,0,0	2,2,2,2,2,2,2,2,2,1,1,1,1,1,1,1,1,1,1,1,1,1,1,1,1,1,1	1/10,1/11,2/12,2/13,3/14,3/15,4/16,4/17,5/18,5/19,6/20,6/21,7/22,7/23,8/24,8/25,9/26,9/27	10/1/11,12/2/13,14/3/15,16/4/17,18/5/19,20/6/21,22/7/23,24/8/25,26/9/27	-	-	1,2,3,4,5,6,7,8,9,1,1,2,2,3,3,4,4,5,5,6,6,7,7,8,8,9,9
maceoff_water_663	6,6,1,1,1,1	0.0,0.0,0.0,0.0,0.0,0.0	0,0,0,0,0,0	2,2,1,1,1,1	1/3,1/4,2/5,2/6	3/1/4,5/2/6	-	-	1,2,1,1,2,2
maceoff_water_664	6,6,6,6,6,6,6,6,1,1,1,1,1,1,1,1,1,1,1,1,1,1,1,1	0.0,0.0,0.0,0.0,0.0,0.0,0.0,0.0,0.0,0.0,0.0,0.0,0.0,0.0,0.0,0.0,0.0,0.0,0.0,0.0,0.0,0.0,0.0,0.0	0,0,0,0,0,0,0,0,0,0,0,0,0,0,0,0,0,0,0,0,0,0,0,0	2,2,2,2,2,2,2,2,1,1,1,1,1,1,1,1,1,1,1,1,1,1,1,1	1/9,1/10,2/11,2/12,3/13,3/14,4/15,4/16,5/17,5/18,6/19,6/20,7/21,7/22,8/23,8/24	9/1/10,11/2/12,13/3/14,15/4/16,17/5/18,19/6/20,21/7/22,23/8/24	-	-	1,2,3,4,5,6,7,8,1,1,2,2,3,3,4,4,5,5,6,6,7,7,8,8
maceoff_water_665	6,6,6,6,6,6,6,1,1,1,1,1,1,1,1,1,1,1,1,1,1	0.0,0.0,0.0,0.0,0.0,0.0,0.0,0.0,0.0,0.0,0.0,0.0,0.0,0.0,0.0,0.0,0.0,0.0,0.0,0.0,0.0	0,0,0,0,0,0,0,0,0,0,0,0,0,0,0,0,0,0,0,0,0	2,2,2,2,2,2,2,1,1,1,1,1,1,1,1,1,1,1,1,1,1	1/8,1/9,2/10,2/11,3/12,3/13,4/14,4/15,5/16,5/17,6/18,6/19,7/20,7/21	8/1/9,10/2/11,12/3/13,14/4/15,16/5/17,18/6/19,20/7/21	-	-	1,2,3,4,5,6,7,1,1,2,2,3,3,4,4,5,5,6,6,7,7
maceoff_water_666	6,6,6,6,6,6,6,6,1,1,1,1,1,1,1,1,1,1,1,1,1,1,1,1	0.0,0.0,0.0,0.0,0.0,0.0,0.0,0.0,0.0,0.0,0.0,0.0,0.0,0.0,0.0,0.0,0.0,0.0,0.0,0.0,0.0,0.0,0.0,0.0	0,0,0,0,0,0,0,0,0,0,0,0,0,0,0,0,0,0,0,0,0,0,0,0	2,2,2,2,2,2,2,2,1,1,1,1,1,1,1,1,1,1,1,1,1,1,1,1	1/9,1/10,2/11,2/12,3/13,3/14,4/15,4/16,5/17,5/18,6/19,6/20,7/21,7/22,8/23,8/24	9/1/10,11/2/12,13/3/14,15/4/16,17/5/18,19/6/20,21/7/22,23/8/24	-	-	1,2,3,4,5,6,7,8,1,1,2,2,3,3,4,4,5,5,6,6,7,7,8,8
maceoff_water_667	6,1,1	0.0,0.0,0.0	0,0,0	2,1,1	1/2,1/3	2/1/3	-	-	1,1,1
maceoff_water_668	6,1,1	0.0,0.0,0.0	0,0,0	2,1,1	1/2,1/3	2/1/3	-	-	1,1,1
maceoff_water_669	6,6,6,6,6,6,6,6,6,6,1,1,1,1,1,1,1,1,1,1,1,1,1,1,1,1,1,1,1,1	0.0,0.0,0.0,0.0,0.0,0.0,0.0,0.0,0.0,0.0,0.0,0.0,0.0,0.0,0.0,0.0,0.0,0.0,0.0,0.0,0.0,0.0,0.0,0.0,0.0,0.0,0.0,0.0,0.0,0.0	0,0,0,0,0,0,0,0,0,0,0,0,0,0,0,0,0,0,0,0,0,0,0,0,0,0,0,0,0,0	2,2,2,2,2,2,2,2,2,2,1,1,1,1,1,1,1,1,1,1,1,1,1,1,1,1,1,1,1,1	1/11,1/12,2/13,2/14,3/15,3/16,4/17,4/18,5/19,5/20,6/21,6/22,7/23,7/24,8/25,8/26,9/27,9/28,10/29,10/30	11/1/12,13/2/14,15/3/16,17/4/18,19/5/20,21/6/22,23/7/24,25/8/26,27/9/28,29/10/30	-	-	1,2,3,4,5,6,7,8,9,10,1,1,2,2,3,3,4,4,5,5,6,6,7,7,8,8,9,9,10,10
maceoff_water_670	6,6,6,6,6,6,6,6,6,6,6,6,1,1,1,1,1,1,1,1,1,1,1,1,1,1,1,1,1,1,1,1,1,1,1,1	0.0,0.0,0.0,0.0,0.0,0.0,0.0,0.0,0.0,0.0,0.0,0.0,0.0,0.0,0.0,0.0,0.0,0.0,0.0,0.0,0.0,0.0,0.0,0.0,0.0,0.0,0.0,0.0,0.0,0.0,0.0,0.0,0.0,0.0,0.0,0.0	0,0,0,0,0,0,0,0,0,0,0,0,0,0,0,0,0,0,0,0,0,0,0,0,0,0,0,0,0,0,0,0,0,0,0,0	2,2,2,2,2,2,2,2,2,2,2,2,1,1,1,1,1,1,1,1,1,1,1,1,1,1,1,1,1,1,1,1,1,1,1,1	1/13,1/14,2/15,2/16,3/17,3/18,4/19,4/20,5/21,5/22,6/23,6/24,7/25,7/26,8/27,8/28,9/29,9/30,10/31,10/32,11/33,11/34,12/35,12/36	13/1/14,15/2/16,17/3/18,19/4/20,21/5/22,23/6/24,25/7/26,27/8/28,29/9/30,31/10/32,33/11/34,35/12/36	-	-	1,2,3,4,5,6,7,8,9,10,11,12,1,1,2,2,3,3,4,4,5,5,6,6,7,7,8,8,9,9,10,10,11,11,12,12
maceoff_water_671	6,6,6,6,6,6,1,1,1,1,1,1,1,1,1,1,1,1	0.0,0.0,0.0,0.0,0.0,0.0,0.0,0.0,0.0,0.0,0.0,0.0,0.0,0.0,0.0,0.0,0.0,0.0	0,0,0,0,0,0,0,0,0,0,0,0,0,0,0,0,0,0	2,2,2,2,2,2,1,1,1,1,1,1,1,1,1,1,1,1	1/7,1/8,2/9,2/10,3/11,3/12,4/13,4/14,5/15,5/16,6/17,6/18	7/1/8,9/2/10,11/3/12,13/4/14,15/5/16,17/6/18	-	-	1,2,3,4,5,6,1,1,2,2,3,3,4,4,5,5,6,6
maceoff_water_672	6,6,6,6,6,6,6,6,6,6,1,1,1,1,1,1,1,1,1,1,1,1,1,1,1,1,1,1,1,1	0.0,0.0,0.0,0.0,0.0,0.0,0.0,0.0,0.0,0.0,0.0,0.0,0.0,0.0,0.0,0.0,0.0,0.0,0.0,0.0,0.0,0.0,0.0,0.0,0.0,0.0,0.0,0.0,0.0,0.0	0,0,0,0,0,0,0,0,0,0,0,0,0,0,0,0,0,0,0,0,0,0,0,0,0,0,0,0,0,0	2,2,2,2,2,2,2,2,2,2,1,1,1,1,1,1,1,1,1,1,1,1,1,1,1,1,1,1,1,1	1/11,1/12,2/13,2/14,3/15,3/16,4/17,4/18,5/19,5/20,6/21,6/22,7/23,7/24,8/25,8/26,9/27,9/28,10/29,10/30	11/1/12,13/2/14,15/3/16,17/4/18,19/5/20,21/6/22,23/7/24,25/8/26,27/9/28,29/10/30	-	-	1,2,3,4,5,6,7,8,9,10,1,1,2,2,3,3,4,4,5,5,6,6,7,7,8,8,9,9,10,10
maceoff_water_673	6,6,6,6,1,1,1,1,1,1,1,1	0.0,0.0,0.0,0.0,0.0,0.0,0.0,0.0,0.0,0.0,0.0,0.0	0,0,0,0,0,0,0,0,0,0,0,0	2,2,2,2,1,1,1,1,1,1,1,1	1/5,1/6,2/7,2/8,3/9,3/10,4/11,4/12	5/1/6,7/2/8,9/3/10,11/4/12	-	-	1,2,3,4,1,1,2,2,3,3,4,4
maceoff_water_674	6,1,1	0.0,0.0,0.0	0,0,0	2,1,1	1/2,1/3	2/1/3	-	-	1,1,1
maceoff_water_675	6,6,6,6,6,6,6,6,1,1,1,1,1,1,1,1,1,1,1,1,1,1,1,1	0.0,0.0,0.0,0.0,0.0,0.0,0.0,0.0,0.0,0.0,0.0,0.0,0.0,0.0,0.0,0.0,0.0,0.0,0.0,0.0,0.0,0.0,0.0,0.0	0,0,0,0,0,0,0,0,0,0,0,0,0,0,0,0,0,0,0,0,0,0,0,0	2,2,2,2,2,2,2,2,1,1,1,1,1,1,1,1,1,1,1,1,1,1,1,1	1/9,1/10,2/11,2/12,3/13,3/14,4/15,4/16,5/17,5/18,6/19,6/20,7/21,7/22,8/23,8/24	9/1/10,11/2/12,13/3/14,15/4/16,17/5/18,19/6/20,21/7/22,23/8/24	-	-	1,2,3,4,5,6,7,8,1,1,2,2,3,3,4,4,5,5,6,6,7,7,8,8
maceoff_water_676	6,6,6,6,6,6,1,1,1,1,1,1,1,1,1,1,1,1	0.0,0.0,0.0,0.0,0.0,0.0,0.0,0.0,0.0,0.0,0.0,0.0,0.0,0.0,0.0,0.0,0.0,0.0	0,0,0,0,0,0,0,0,0,0,0,0,0,0,0,0,0,0	2,2,2,2,2,2,1,1,1,1,1,1,1,1,1,1,1,1	1/7,1/8,2/9,2/10,3/11,3/12,4/13,4/14,5/15,5/16,6/17,6/18	7/1/8,9/2/10,11/3/12,13/4/14,15/5/16,17/6/18	-	-	1,2,3,4,5,6,1,1,2,2,3,3,4,4,5,5,6,6
maceoff_water_677	6,6,6,6,6,6,6,6,6,6,6,6,6,6,6,6,6,6,6,6,6,6,6,6,6,6,6,6,6,6,6,6,6,6,6,6,6,6,6,6,6,6,6,6,6,6,6,6,6,6,1,1,1,1,1,1,1,1,1,1,1,1,1,1,1,1,1,1,1,1,1,1,1,1,1,1,1,1,1,1,1,1,1,1,1,1,1,1,1,1,1,1,1,1,1,1,1,1,1,1,1,1,1,1,1,1,1,1,1,1,1,1,1,1,1,1,1,1,1,1,1,1,1,1,1,1,1,1,1,1,1,1,1,1,1,1,1,1,1,1,1,1,1,1,1,1,1,1,1,1	0.0,0.0,0.0,0.0,0.0,0.0,0.0,0.0,0.0,0.0,0.0,0.0,0.0,0.0,0.0,0.0,0.0,0.0,0.0,0.0,0.0,0.0,0.0,0.0,0.0,0.0,0.0,0.0,0.0,0.0,0.0,0.0,0.0,0.0,0.0,0.0,0.0,0.0,0.0,0.0,0.0,0.0,0.0,0.0,0.0,0.0,0.0,0.0,0.0,0.0,0.0,0.0,0.0,0.0,0.0,0.0,0.0,0.0,0.0,0.0,0.0,0.0,0.0,0.0,0.0,0.0,0.0,0.0,0.0,0.0,0.0,0.0,0.0,0.0,0.0,0.0,0.0,0.0,0.0,0.0,0.0,0.0,0.0,0.0,0.0,0.0,0.0,0.0,0.0,0.0,0.0,0.0,0.0,0.0,0.0,0.0,0.0,0.0,0.0,0.0,0.0,0.0,0.0,0.0,0.0,0.0,0.0,0.0,0.0,0.0,0.0,0.0,0.0,0.0,0.0,0.0,0.0,0.0,0.0,0.0,0.0,0.0,0.0,0.0,0.0,0.0,0.0,0.0,0.0,0.0,0.0,0.0,0.0,0.0,0.0,0.0,0.0,0.0,0.0,0.0,0.0,0.0,0.0,0.0,0.0,0.0,0.0,0.0,0.0,0.0	0,0,0,0,0,0,0,0,0,0,0,0,0,0,0,0,0,0,0,0,0,0,0,0,0,0,0,0,0,0,0,0,0,0,0,0,0,0,0,0,0,0,0,0,0,0,0,0,0,0,0,0,0,0,0,0,0,0,0,0,0,0,0,0,0,0,0,0,0,0,0,0,0,0,0,0,0,0,0,0,0,0,0,0,0,0,0,0,0,0,0,0,0,0,0,0,0,0,0,0,0,0,0,0,0,0,0,0,0,0,0,0,0,0,0,0,0,0,0,0,0,0,0,0,0,0,0,0,0,0,0,0,0,0,0,0,0,0,0,0,0,0,0,0,0,0,0,0,0,0	2,2,2,2,2,2,2,2,2,2,2,2,2,2,2,2,2,2,2,2,2,2,2,2,2,2,2,2,2,2,2,2,2,2,2,2,2,2,2,2,2,2,2,2,2,2,2,2,2,2,1,1,1,1,1,1,1,1,1,1,1,1,1,1,1,1,1,1,1,1,1,1,1,1,1,1,1,1,1,1,1,1,1,1,1,1,1,1,1,1,1,1,1,1,1,1,1,1,1,1,1,1,1,1,1,1,1,1,1,1,1,1,1,1,1,1,1,1,1,1,1,1,1,1,1,1,1,1,1,1,1,1,1,1,1,1,1,1,1,1,1,1,1,1,1,1,1,1,1,1	1/51,1/52,2/53,2/54,3/55,3/56,4/57,4/58,5/59,5/60,6/61,6/62,7/63,7/64,8/65,8/66,9/67,9/68,10/69,10/70,11/71,11/72,12/73,12/74,13/75,13/76,14/77,14/78,15/79,15/80,16/81,16/82,17/83,17/84,18/85,18/86,19/87,19/88,20/89,20/90,21/91,21/92,22/93,22/94,23/95,23/96,24/97,24/98,25/99,25/100,26/101,26/102,27/103,27/104,28/105,28/106,29/107,29/108,30/109,30/110,31/111,31/112,32/113,32/114,33/115,33/116,34/117,34/118,35/119,35/120,36/121,36/122,37/123,37/124,38/125,38/126,39/127,39/128,40/129,40/130,41/131,41/132,42/133,42/134,43/135,43/136,44/137,44/138,45/139,45/140,46/141,46/142,47/143,47/144,48/145,48/146,49/147,49/148,50/149,50/150	51/1/52,53/2/54,55/3/56,57/4/58,59/5/60,61/6/62,63/7/64,65/8/66,67/9/68,69/10/70,71/11/72,73/12/74,75/13/76,77/14/78,79/15/80,81/16/82,83/17/84,85/18/86,87/19/88,89/20/90,91/21/92,93/22/94,95/23/96,97/24/98,99/25/100,101/26/102,103/27/104,105/28/106,107/29/108,109/30/110,111/31/112,113/32/114,115/33/116,117/34/118,119/35/120,121/36/122,123/37/124,125/38/126,127/39/128,129/40/130,131/41/132,133/42/134,135/43/136,137/44/138,139/45/140,141/46/142,143/47/144,145/48/146,147/49/148,149/50/150	-	-	1,2,3,4,5,6,7,8,9,10,11,12,13,14,15,16,17,18,19,20,21,22,23,24,25,26,27,28,29,30,31,32,33,34,35,36,37,38,39,40,41,42,43,44,45,46,47,48,49,50,1,1,2,2,3,3,4,4,5,5,6,6,7,7,8,8,9,9,10,10,11,11,12,12,13,13,14,14,15,15,16,16,17,17,18,18,19,19,20,20,21,21,22,22,23,23,24,24,25,25,26,26,27,27,28,28,29,29,30,30,31,31,32,32,33,33,34,34,35,35,36,36,37,37,38,38,39,39,40,40,41,41,42,42,43,43,44,44,45,45,46,46,47,47,48,48,49,49,50,50
maceoff_water_678	6,1,1	0.0,0.0,0.0	0,0,0	2,1,1	1/2,1/3	2/1/3	-	-	1,1,1
maceoff_water_679	6,6,6,6,6,6,6,6,1,1,1,1,1,1,1,1,1,1,1,1,1,1,1,1	0.0,0.0,0.0,0.0,0.0,0.0,0.0,0.0,0.0,0.0,0.0,0.0,0.0,0.0,0.0,0.0,0.0,0.0,0.0,0.0,0.0,0.0,0.0,0.0	0,0,0,0,0,0,0,0,0,0,0,0,0,0,0,0,0,0,0,0,0,0,0,0	2,2,2,2,2,2,2,2,1,1,1,1,1,1,1,1,1,1,1,1,1,1,1,1	1/9,1/10,2/11,2/12,3/13,3/14,4/15,4/16,5/17,5/18,6/19,6/20,7/21,7/22,8/23,8/24	9/1/10,11/2/12,13/3/14,15/4/16,17/5/18,19/6/20,21/7/22,23/8/24	-	-	1,2,3,4,5,6,7,8,1,1,2,2,3,3,4,4,5,5,6,6,7,7,8,8
maceoff_water_680	6,6,6,6,6,6,6,6,6,1,1,1,1,1,1,1,1,1,1,1,1,1,1,1,1,1,1	0.0,0.0,0.0,0.0,0.0,0.0,0.0,0.0,0.0,0.0,0.0,0.0,0.0,0.0,0.0,0.0,0.0,0.0,0.0,0.0,0.0,0.0,0.0,0.0,0.0,0.0,0.0	0,0,0,0,0,0,0,0,0,0,0,0,0,0,0,0,0,0,0,0,0,0,0,0,0,0,0	2,2,2,2,2,2,2,2,2,1,1,1,1,1,1,1,1,1,1,1,1,1,1,1,1,1,1	1/10,1/11,2/12,2/13,3/14,3/15,4/16,4/17,5/18,5/19,6/20,6/21,7/22,7/23,8/24,8/25,9/26,9/27	10/1/11,12/2/13,14/3/15,16/4/17,18/5/19,20/6/21,22/7/23,24/8/25,26/9/27	-	-	1,2,3,4,5,6,7,8,9,1,1,2,2,3,3,4,4,5,5,6,6,7,7,8,8,9,9
maceoff_water_681	6,6,6,6,6,6,6,6,6,1,1,1,1,1,1,1,1,1,1,1,1,1,1,1,1,1,1	0.0,0.0,0.0,0.0,0.0,0.0,0.0,0.0,0.0,0.0,0.0,0.0,0.0,0.0,0.0,0.0,0.0,0.0,0.0,0.0,0.0,0.0,0.0,0.0,0.0,0.0,0.0	0,0,0,0,0,0,0,0,0,0,0,0,0,0,0,0,0,0,0,0,0,0,0,0,0,0,0	2,2,2,2,2,2,2,2,2,1,1,1,1,1,1,1,1,1,1,1,1,1,1,1,1,1,1	1/10,1/11,2/12,2/13,3/14,3/15,4/16,4/17,5/18,5/19,6/20,6/21,7/22,7/23,8/24,8/25,9/26,9/27	10/1/11,12/2/13,14/3/15,16/4/17,18/5/19,20/6/21,22/7/23,24/8/25,26/9/27	-	-	1,2,3,4,5,6,7,8,9,1,1,2,2,3,3,4,4,5,5,6,6,7,7,8,8,9,9
maceoff_water_682	6,6,6,6,6,6,1,1,1,1,1,1,1,1,1,1,1,1	0.0,0.0,0.0,0.0,0.0,0.0,0.0,0.0,0.0,0.0,0.0,0.0,0.0,0.0,0.0,0.0,0.0,0.0	0,0,0,0,0,0,0,0,0,0,0,0,0,0,0,0,0,0	2,2,2,2,2,2,1,1,1,1,1,1,1,1,1,1,1,1	1/7,1/8,2/9,2/10,3/11,3/12,4/13,4/14,5/15,5/16,6/17,6/18	7/1/8,9/2/10,11/3/12,13/4/14,15/5/16,17/6/18	-	-	1,2,3,4,5,6,1,1,2,2,3,3,4,4,5,5,6,6
maceoff_water_683	6,6,6,6,1,1,1,1,1,1,1,1	0.0,0.0,0.0,0.0,0.0,0.0,0.0,0.0,0.0,0.0,0.0,0.0	0,0,0,0,0,0,0,0,0,0,0,0	2,2,2,2,1,1,1,1,1,1,1,1	1/5,1/6,2/7,2/8,3/9,3/10,4/11,4/12	5/1/6,7/2/8,9/3/10,11/4/12	-	-	1,2,3,4,1,1,2,2,3,3,4,4
maceoff_water_684	6,6,6,6,6,6,6,6,6,6,1,1,1,1,1,1,1,1,1,1,1,1,1,1,1,1,1,1,1,1	0.0,0.0,0.0,0.0,0.0,0.0,0.0,0.0,0.0,0.0,0.0,0.0,0.0,0.0,0.0,0.0,0.0,0.0,0.0,0.0,0.0,0.0,0.0,0.0,0.0,0.0,0.0,0.0,0.0,0.0	0,0,0,0,0,0,0,0,0,0,0,0,0,0,0,0,0,0,0,0,0,0,0,0,0,0,0,0,0,0	2,2,2,2,2,2,2,2,2,2,1,1,1,1,1,1,1,1,1,1,1,1,1,1,1,1,1,1,1,1	1/11,1/12,2/13,2/14,3/15,3/16,4/17,4/18,5/19,5/20,6/21,6/22,7/23,7/24,8/25,8/26,9/27,9/28,10/29,10/30	11/1/12,13/2/14,15/3/16,17/4/18,19/5/20,21/6/22,23/7/24,25/8/26,27/9/28,29/10/30	-	-	1,2,3,4,5,6,7,8,9,10,1,1,2,2,3,3,4,4,5,5,6,6,7,7,8,8,9,9,10,10
maceoff_water_685	6,6,6,6,6,1,1,1,1,1,1,1,1,1,1	0.0,0.0,0.0,0.0,0.0,0.0,0.0,0.0,0.0,0.0,0.0,0.0,0.0,0.0,0.0	0,0,0,0,0,0,0,0,0,0,0,0,0,0,0	2,2,2,2,2,1,1,1,1,1,1,1,1,1,1	1/6,1/7,2/8,2/9,3/10,3/11,4/12,4/13,5/14,5/15	6/1/7,8/2/9,10/3/11,12/4/13,14/5/15	-	-	1,2,3,4,5,1,1,2,2,3,3,4,4,5,5
maceoff_water_686	6,6,6,6,6,6,6,1,1,1,1,1,1,1,1,1,1,1,1,1,1	0.0,0.0,0.0,0.0,0.0,0.0,0.0,0.0,0.0,0.0,0.0,0.0,0.0,0.0,0.0,0.0,0.0,0.0,0.0,0.0,0.0	0,0,0,0,0,0,0,0,0,0,0,0,0,0,0,0,0,0,0,0,0	2,2,2,2,2,2,2,1,1,1,1,1,1,1,1,1,1,1,1,1,1	1/8,1/9,2/10,2/11,3/12,3/13,4/14,4/15,5/16,5/17,6/18,6/19,7/20,7/21	8/1/9,10/2/11,12/3/13,14/4/15,16/5/17,18/6/19,20/7/21	-	-	1,2,3,4,5,6,7,1,1,2,2,3,3,4,4,5,5,6,6,7,7
maceoff_water_687	6,6,6,6,6,6,1,1,1,1,1,1,1,1,1,1,1,1	0.0,0.0,0.0,0.0,0.0,0.0,0.0,0.0,0.0,0.0,0.0,0.0,0.0,0.0,0.0,0.0,0.0,0.0	0,0,0,0,0,0,0,0,0,0,0,0,0,0,0,0,0,0	2,2,2,2,2,2,1,1,1,1,1,1,1,1,1,1,1,1	1/7,1/8,2/9,2/10,3/11,3/12,4/13,4/14,5/15,5/16,6/17,6/18	7/1/8,9/2/10,11/3/12,13/4/14,15/5/16,17/6/18	-	-	1,2,3,4,5,6,1,1,2,2,3,3,4,4,5,5,6,6
maceoff_water_688	6,6,1,1,1,1	0.0,0.0,0.0,0.0,0.0,0.0	0,0,0,0,0,0	2,2,1,1,1,1	1/3,1/4,2/5,2/6	3/1/4,5/2/6	-	-	1,2,1,1,2,2
maceoff_water_689	6,6,6,1,1,1,1,1,1	0.0,0.0,0.0,0.0,0.0,0.0,0.0,0.0,0.0	0,0,0,0,0,0,0,0,0	2,2,2,1,1,1,1,1,1	1/4,1/5,2/6,2/7,3/8,3/9	4/1/5,6/2/7,8/3/9	-	-	1,2,3,1,1,2,2,3,3
maceoff_water_690	6,6,6,6,6,6,1,1,1,1,1,1,1,1,1,1,1,1	0.0,0.0,0.0,0.0,0.0,0.0,0.0,0.0,0.0,0.0,0.0,0.0,0.0,0.0,0.0,0.0,0.0,0.0	0,0,0,0,0,0,0,0,0,0,0,0,0,0,0,0,0,0	2,2,2,2,2,2,1,1,1,1,1,1,1,1,1,1,1,1	1/7,1/8,2/9,2/10,3/11,3/12,4/13,4/14,5/15,5/16,6/17,6/18	7/1/8,9/2/10,11/3/12,13/4/14,15/5/16,17/6/18	-	-	1,2,3,4,5,6,1,1,2,2,3,3,4,4,5,5,6,6
maceoff_water_691	6,6,6,6,6,6,6,1,1,1,1,1,1,1,1,1,1,1,1,1,1	0.0,0.0,0.0,0.0,0.0,0.0,0.0,0.0,0.0,0.0,0.0,0.0,0.0,0.0,0.0,0.0,0.0,0.0,0.0,0.0,0.0	0,0,0,0,0,0,0,0,0,0,0,0,0,0,0,0,0,0,0,0,0	2,2,2,2,2,2,2,1,1,1,1,1,1,1,1,1,1,1,1,1,1	1/8,1/9,2/10,2/11,3/12,3/13,4/14,4/15,5/16,5/17,6/18,6/19,7/20,7/21	8/1/9,10/2/11,12/3/13,14/4/15,16/5/17,18/6/19,20/7/21	-	-	1,2,3,4,5,6,7,1,1,2,2,3,3,4,4,5,5,6,6,7,7
maceoff_water_692	6,6,6,6,6,6,6,6,6,6,1,1,1,1,1,1,1,1,1,1,1,1,1,1,1,1,1,1,1,1	0.0,0.0,0.0,0.0,0.0,0.0,0.0,0.0,0.0,0.0,0.0,0.0,0.0,0.0,0.0,0.0,0.0,0.0,0.0,0.0,0.0,0.0,0.0,0.0,0.0,0.0,0.0,0.0,0.0,0.0	0,0,0,0,0,0,0,0,0,0,0,0,0,0,0,0,0,0,0,0,0,0,0,0,0,0,0,0,0,0	2,2,2,2,2,2,2,2,2,2,1,1,1,1,1,1,1,1,1,1,1,1,1,1,1,1,1,1,1,1	1/11,1/12,2/13,2/14,3/15,3/16,4/17,4/18,5/19,5/20,6/21,6/22,7/23,7/24,8/25,8/26,9/27,9/28,10/29,10/30	11/1/12,13/2/14,15/3/16,17/4/18,19/5/20,21/6/22,23/7/24,25/8/26,27/9/28,29/10/30	-	-	1,2,3,4,5,6,7,8,9,10,1,1,2,2,3,3,4,4,5,5,6,6,7,7,8,8,9,9,10,10
maceoff_water_693	6,6,6,6,6,1,1,1,1,1,1,1,1,1,1	0.0,0.0,0.0,0.0,0.0,0.0,0.0,0.0,0.0,0.0,0.0,0.0,0.0,0.0,0.0	0,0,0,0,0,0,0,0,0,0,0,0,0,0,0	2,2,2,2,2,1,1,1,1,1,1,1,1,1,1	1/6,1/7,2/8,2/9,3/10,3/11,4/12,4/13,5/14,5/15	6/1/7,8/2/9,10/3/11,12/4/13,14/5/15	-	-	1,2,3,4,5,1,1,2,2,3,3,4,4,5,5
maceoff_water_694	6,6,6,6,6,6,6,6,6,6,6,1,1,1,1,1,1,1,1,1,1,1,1,1,1,1,1,1,1,1,1,1,1	0.0,0.0,0.0,0.0,0.0,0.0,0.0,0.0,0.0,0.0,0.0,0.0,0.0,0.0,0.0,0.0,0.0,0.0,0.0,0.0,0.0,0.0,0.0,0.0,0.0,0.0,0.0,0.0,0.0,0.0,0.0,0.0,0.0	0,0,0,0,0,0,0,0,0,0,0,0,0,0,0,0,0,0,0,0,0,0,0,0,0,0,0,0,0,0,0,0,0	2,2,2,2,2,2,2,2,2,2,2,1,1,1,1,1,1,1,1,1,1,1,1,1,1,1,1,1,1,1,1,1,1	1/12,1/13,2/14,2/15,3/16,3/17,4/18,4/19,5/20,5/21,6/22,6/23,7/24,7/25,8/26,8/27,9/28,9/29,10/30,10/31,11/32,11/33	12/1/13,14/2/15,16/3/17,18/4/19,20/5/21,22/6/23,24/7/25,26/8/27,28/9/29,30/10/31,32/11/33	-	-	1,2,3,4,5,6,7,8,9,10,11,1,1,2,2,3,3,4,4,5,5,6,6,7,7,8,8,9,9,10,10,11,11
maceoff_water_695	6,6,6,1,1,1,1,1,1	0.0,0.0,0.0,0.0,0.0,0.0,0.0,0.0,0.0	0,0,0,0,0,0,0,0,0	2,2,2,1,1,1,1,1,1	1/4,1/5,2/6,2/7,3/8,3/9	4/1/5,6/2/7,8/3/9	-	-	1,2,3,1,1,2,2,3,3
maceoff_water_696	6,6,6,6,6,6,6,1,1,1,1,1,1,1,1,1,1,1,1,1,1	0.0,0.0,0.0,0.0,0.0,0.0,0.0,0.0,0.0,0.0,0.0,0.0,0.0,0.0,0.0,0.0,0.0,0.0,0.0,0.0,0.0	0,0,0,0,0,0,0,0,0,0,0,0,0,0,0,0,0,0,0,0,0	2,2,2,2,2,2,2,1,1,1,1,1,1,1,1,1,1,1,1,1,1	1/8,1/9,2/10,2/11,3/12,3/13,4/14,4/15,5/16,5/17,6/18,6/19,7/20,7/21	8/1/9,10/2/11,12/3/13,14/4/15,16/5/17,18/6/19,20/7/21	-	-	1,2,3,4,5,6,7,1,1,2,2,3,3,4,4,5,5,6,6,7,7
maceoff_water_697	6,6,6,6,6,6,6,6,6,6,1,1,1,1,1,1,1,1,1,1,1,1,1,1,1,1,1,1,1,1	0.0,0.0,0.0,0.0,0.0,0.0,0.0,0.0,0.0,0.0,0.0,0.0,0.0,0.0,0.0,0.0,0.0,0.0,0.0,0.0,0.0,0.0,0.0,0.0,0.0,0.0,0.0,0.0,0.0,0.0	0,0,0,0,0,0,0,0,0,0,0,0,0,0,0,0,0,0,0,0,0,0,0,0,0,0,0,0,0,0	2,2,2,2,2,2,2,2,2,2,1,1,1,1,1,1,1,1,1,1,1,1,1,1,1,1,1,1,1,1	1/11,1/12,2/13,2/14,3/15,3/16,4/17,4/18,5/19,5/20,6/21,6/22,7/23,7/24,8/25,8/26,9/27,9/28,10/29,10/30	11/1/12,13/2/14,15/3/16,17/4/18,19/5/20,21/6/22,23/7/24,25/8/26,27/9/28,29/10/30	-	-	1,2,3,4,5,6,7,8,9,10,1,1,2,2,3,3,4,4,5,5,6,6,7,7,8,8,9,9,10,10
maceoff_water_698	6,6,6,6,6,6,6,6,6,6,6,6,6,6,6,6,6,6,6,6,6,6,6,6,6,1,1,1,1,1,1,1,1,1,1,1,1,1,1,1,1,1,1,1,1,1,1,1,1,1,1,1,1,1,1,1,1,1,1,1,1,1,1,1,1,1,1,1,1,1,1,1,1,1,1	0.0,0.0,0.0,0.0,0.0,0.0,0.0,0.0,0.0,0.0,0.0,0.0,0.0,0.0,0.0,0.0,0.0,0.0,0.0,0.0,0.0,0.0,0.0,0.0,0.0,0.0,0.0,0.0,0.0,0.0,0.0,0.0,0.0,0.0,0.0,0.0,0.0,0.0,0.0,0.0,0.0,0.0,0.0,0.0,0.0,0.0,0.0,0.0,0.0,0.0,0.0,0.0,0.0,0.0,0.0,0.0,0.0,0.0,0.0,0.0,0.0,0.0,0.0,0.0,0.0,0.0,0.0,0.0,0.0,0.0,0.0,0.0,0.0,0.0,0.0	0,0,0,0,0,0,0,0,0,0,0,0,0,0,0,0,0,0,0,0,0,0,0,0,0,0,0,0,0,0,0,0,0,0,0,0,0,0,0,0,0,0,0,0,0,0,0,0,0,0,0,0,0,0,0,0,0,0,0,0,0,0,0,0,0,0,0,0,0,0,0,0,0,0,0	2,2,2,2,2,2,2,2,2,2,2,2,2,2,2,2,2,2,2,2,2,2,2,2,2,1,1,1,1,1,1,1,1,1,1,1,1,1,1,1,1,1,1,1,1,1,1,1,1,1,1,1,1,1,1,1,1,1,1,1,1,1,1,1,1,1,1,1,1,1,1,1,1,1,1	1/26,1/27,2/28,2/29,3/30,3/31,4/32,4/33,5/34,5/35,6/36,6/37,7/38,7/39,8/40,8/41,9/42,9/43,10/44,10/45,11/46,11/47,12/48,12/49,13/50,13/51,14/52,14/53,15/54,15/55,16/56,16/57,17/58,17/59,18/60,18/61,19/62,19/63,20/64,20/65,21/66,21/67,22/68,22/69,23/70,23/71,24/72,24/73,25/74,25/75	26/1/27,28/2/29,30/3/31,32/4/33,34/5/35,36/6/37,38/7/39,40/8/41,42/9/43,44/10/45,46/11/47,48/12/49,50/13/51,52/14/53,54/15/55,56/16/57,58/17/59,60/18/61,62/19/63,64/20/65,66/21/67,68/22/69,70/23/71,72/24/73,74/25/75	-	-	1,2,3,4,5,6,7,8,9,10,11,12,13,14,15,16,17,18,19,20,21,22,23,24,25,1,1,2,2,3,3,4,4,5,5,6,6,7,7,8,8,9,9,10,10,11,11,12,12,13,13,14,14,15,15,16,16,17,17,18,18,19,19,20,20,21,21,22,22,23,23,24,24,25,25
maceoff_water_699	6,6,6,1,1,1,1,1,1	0.0,0.0,0.0,0.0,0.0,0.0,0.0,0.0,0.0	0,0,0,0,0,0,0,0,0	2,2,2,1,1,1,1,1,1	1/4,1/5,2/6,2/7,3/8,3/9	4/1/5,6/2/7,8/3/9	-	-	1,2,3,1,1,2,2,3,3
maceoff_water_700	6,1,1	0.0,0.0,0.0	0,0,0	2,1,1	1/2,1/3	2/1/3	-	-	1,1,1
maceoff_water_701	6,6,6,6,6,6,1,1,1,1,1,1,1,1,1,1,1,1	0.0,0.0,0.0,0.0,0.0,0.0,0.0,0.0,0.0,0.0,0.0,0.0,0.0,0.0,0.0,0.0,0.0,0.0	0,0,0,0,0,0,0,0,0,0,0,0,0,0,0,0,0,0	2,2,2,2,2,2,1,1,1,1,1,1,1,1,1,1,1,1	1/7,1/8,2/9,2/10,3/11,3/12,4/13,4/14,5/15,5/16,6/17,6/18	7/1/8,9/2/10,11/3/12,13/4/14,15/5/16,17/6/18	-	-	1,2,3,4,5,6,1,1,2,2,3,3,4,4,5,5,6,6
maceoff_water_702	6,6,6,6,6,6,1,1,1,1,1,1,1,1,1,1,1,1	0.0,0.0,0.0,0.0,0.0,0.0,0.0,0.0,0.0,0.0,0.0,0.0,0.0,0.0,0.0,0.0,0.0,0.0	0,0,0,0,0,0,0,0,0,0,0,0,0,0,0,0,0,0	2,2,2,2,2,2,1,1,1,1,1,1,1,1,1,1,1,1	1/7,1/8,2/9,2/10,3/11,3/12,4/13,4/14,5/15,5/16,6/17,6/18	7/1/8,9/2/10,11/3/12,13/4/14,15/5/16,17/6/18	-	-	1,2,3,4,5,6,1,1,2,2,3,3,4,4,5,5,6,6
maceoff_water_703	6,6,6,6,6,6,6,6,6,6,6,1,1,1,1,1,1,1,1,1,1,1,1,1,1,1,1,1,1,1,1,1,1	0.0,0.0,0.0,0.0,0.0,0.0,0.0,0.0,0.0,0.0,0.0,0.0,0.0,0.0,0.0,0.0,0.0,0.0,0.0,0.0,0.0,0.0,0.0,0.0,0.0,0.0,0.0,0.0,0.0,0.0,0.0,0.0,0.0	0,0,0,0,0,0,0,0,0,0,0,0,0,0,0,0,0,0,0,0,0,0,0,0,0,0,0,0,0,0,0,0,0	2,2,2,2,2,2,2,2,2,2,2,1,1,1,1,1,1,1,1,1,1,1,1,1,1,1,1,1,1,1,1,1,1	1/12,1/13,2/14,2/15,3/16,3/17,4/18,4/19,5/20,5/21,6/22,6/23,7/24,7/25,8/26,8/27,9/28,9/29,10/30,10/31,11/32,11/33	12/1/13,14/2/15,16/3/17,18/4/19,20/5/21,22/6/23,24/7/25,26/8/27,28/9/29,30/10/31,32/11/33	-	-	1,2,3,4,5,6,7,8,9,10,11,1,1,2,2,3,3,4,4,5,5,6,6,7,7,8,8,9,9,10,10,11,11
maceoff_water_704	6,6,6,6,6,6,1,1,1,1,1,1,1,1,1,1,1,1	0.0,0.0,0.0,0.0,0.0,0.0,0.0,0.0,0.0,0.0,0.0,0.0,0.0,0.0,0.0,0.0,0.0,0.0	0,0,0,0,0,0,0,0,0,0,0,0,0,0,0,0,0,0	2,2,2,2,2,2,1,1,1,1,1,1,1,1,1,1,1,1	1/7,1/8,2/9,2/10,3/11,3/12,4/13,4/14,5/15,5/16,6/17,6/18	7/1/8,9/2/10,11/3/12,13/4/14,15/5/16,17/6/18	-	-	1,2,3,4,5,6,1,1,2,2,3,3,4,4,5,5,6,6
maceoff_water_705	6,6,6,6,6,6,6,6,1,1,1,1,1,1,1,1,1,1,1,1,1,1,1,1	0.0,0.0,0.0,0.0,0.0,0.0,0.0,0.0,0.0,0.0,0.0,0.0,0.0,0.0,0.0,0.0,0.0,0.0,0.0,0.0,0.0,0.0,0.0,0.0	0,0,0,0,0,0,0,0,0,0,0,0,0,0,0,0,0,0,0,0,0,0,0,0	2,2,2,2,2,2,2,2,1,1,1,1,1,1,1,1,1,1,1,1,1,1,1,1	1/9,1/10,2/11,2/12,3/13,3/14,4/15,4/16,5/17,5/18,6/19,6/20,7/21,7/22,8/23,8/24	9/1/10,11/2/12,13/3/14,15/4/16,17/5/18,19/6/20,21/7/22,23/8/24	-	-	1,2,3,4,5,6,7,8,1,1,2,2,3,3,4,4,5,5,6,6,7,7,8,8
maceoff_water_706	6,6,6,6,6,1,1,1,1,1,1,1,1,1,1	0.0,0.0,0.0,0.0,0.0,0.0,0.0,0.0,0.0,0.0,0.0,0.0,0.0,0.0,0.0	0,0,0,0,0,0,0,0,0,0,0,0,0,0,0	2,2,2,2,2,1,1,1,1,1,1,1,1,1,1	1/6,1/7,2/8,2/9,3/10,3/11,4/12,4/13,5/14,5/15	6/1/7,8/2/9,10/3/11,12/4/13,14/5/15	-	-	1,2,3,4,5,1,1,2,2,3,3,4,4,5,5
maceoff_water_707	6,6,6,6,6,1,1,1,1,1,1,1,1,1,1	0.0,0.0,0.0,0.0,0.0,0.0,0.0,0.0,0.0,0.0,0.0,0.0,0.0,0.0,0.0	0,0,0,0,0,0,0,0,0,0,0,0,0,0,0	2,2,2,2,2,1,1,1,1,1,1,1,1,1,1	1/6,1/7,2/8,2/9,3/10,3/11,4/12,4/13,5/14,5/15	6/1/7,8/2/9,10/3/11,12/4/13,14/5/15	-	-	1,2,3,4,5,1,1,2,2,3,3,4,4,5,5
maceoff_water_708	6,6,6,6,6,6,6,6,6,1,1,1,1,1,1,1,1,1,1,1,1,1,1,1,1,1,1	0.0,0.0,0.0,0.0,0.0,0.0,0.0,0.0,0.0,0.0,0.0,0.0,0.0,0.0,0.0,0.0,0.0,0.0,0.0,0.0,0.0,0.0,0.0,0.0,0.0,0.0,0.0	0,0,0,0,0,0,0,0,0,0,0,0,0,0,0,0,0,0,0,0,0,0,0,0,0,0,0	2,2,2,2,2,2,2,2,2,1,1,1,1,1,1,1,1,1,1,1,1,1,1,1,1,1,1	1/10,1/11,2/12,2/13,3/14,3/15,4/16,4/17,5/18,5/19,6/20,6/21,7/22,7/23,8/24,8/25,9/26,9/27	10/1/11,12/2/13,14/3/15,16/4/17,18/5/19,20/6/21,22/7/23,24/8/25,26/9/27	-	-	1,2,3,4,5,6,7,8,9,1,1,2,2,3,3,4,4,5,5,6,6,7,7,8,8,9,9
maceoff_water_709	6,6,6,6,6,6,1,1,1,1,1,1,1,1,1,1,1,1	0.0,0.0,0.0,0.0,0.0,0.0,0.0,0.0,0.0,0.0,0.0,0.0,0.0,0.0,0.0,0.0,0.0,0.0	0,0,0,0,0,0,0,0,0,0,0,0,0,0,0,0,0,0	2,2,2,2,2,2,1,1,1,1,1,1,1,1,1,1,1,1	1/7,1/8,2/9,2/10,3/11,3/12,4/13,4/14,5/15,5/16,6/17,6/18	7/1/8,9/2/10,11/3/12,13/4/14,15/5/16,17/6/18	-	-	1,2,3,4,5,6,1,1,2,2,3,3,4,4,5,5,6,6
maceoff_water_710	6,6,6,6,6,6,6,6,6,6,6,6,6,6,6,6,6,6,6,6,6,6,6,6,6,6,6,6,6,6,6,6,6,6,6,6,6,6,6,6,6,6,6,6,6,6,6,6,6,6,1,1,1,1,1,1,1,1,1,1,1,1,1,1,1,1,1,1,1,1,1,1,1,1,1,1,1,1,1,1,1,1,1,1,1,1,1,1,1,1,1,1,1,1,1,1,1,1,1,1,1,1,1,1,1,1,1,1,1,1,1,1,1,1,1,1,1,1,1,1,1,1,1,1,1,1,1,1,1,1,1,1,1,1,1,1,1,1,1,1,1,1,1,1,1,1,1,1,1,1	0.0,0.0,0.0,0.0,0.0,0.0,0.0,0.0,0.0,0.0,0.0,0.0,0.0,0.0,0.0,0.0,0.0,0.0,0.0,0.0,0.0,0.0,0.0,0.0,0.0,0.0,0.0,0.0,0.0,0.0,0.0,0.0,0.0,0.0,0.0,0.0,0.0,0.0,0.0,0.0,0.0,0.0,0.0,0.0,0.0,0.0,0.0,0.0,0.0,0.0,0.0,0.0,0.0,0.0,0.0,0.0,0.0,0.0,0.0,0.0,0.0,0.0,0.0,0.0,0.0,0.0,0.0,0.0,0.0,0.0,0.0,0.0,0.0,0.0,0.0,0.0,0.0,0.0,0.0,0.0,0.0,0.0,0.0,0.0,0.0,0.0,0.0,0.0,0.0,0.0,0.0,0.0,0.0,0.0,0.0,0.0,0.0,0.0,0.0,0.0,0.0,0.0,0.0,0.0,0.0,0.0,0.0,0.0,0.0,0.0,0.0,0.0,0.0,0.0,0.0,0.0,0.0,0.0,0.0,0.0,0.0,0.0,0.0,0.0,0.0,0.0,0.0,0.0,0.0,0.0,0.0,0.0,0.0,0.0,0.0,0.0,0.0,0.0,0.0,0.0,0.0,0.0,0.0,0.0,0.0,0.0,0.0,0.0,0.0,0.0	0,0,0,0,0,0,0,0,0,0,0,0,0,0,0,0,0,0,0,0,0,0,0,0,0,0,0,0,0,0,0,0,0,0,0,0,0,0,0,0,0,0,0,0,0,0,0,0,0,0,0,0,0,0,0,0,0,0,0,0,0,0,0,0,0,0,0,0,0,0,0,0,0,0,0,0,0,0,0,0,0,0,0,0,0,0,0,0,0,0,0,0,0,0,0,0,0,0,0,0,0,0,0,0,0,0,0,0,0,0,0,0,0,0,0,0,0,0,0,0,0,0,0,0,0,0,0,0,0,0,0,0,0,0,0,0,0,0,0,0,0,0,0,0,0,0,0,0,0,0	2,2,2,2,2,2,2,2,2,2,2,2,2,2,2,2,2,2,2,2,2,2,2,2,2,2,2,2,2,2,2,2,2,2,2,2,2,2,2,2,2,2,2,2,2,2,2,2,2,2,1,1,1,1,1,1,1,1,1,1,1,1,1,1,1,1,1,1,1,1,1,1,1,1,1,1,1,1,1,1,1,1,1,1,1,1,1,1,1,1,1,1,1,1,1,1,1,1,1,1,1,1,1,1,1,1,1,1,1,1,1,1,1,1,1,1,1,1,1,1,1,1,1,1,1,1,1,1,1,1,1,1,1,1,1,1,1,1,1,1,1,1,1,1,1,1,1,1,1,1	1/51,1/52,2/53,2/54,3/55,3/56,4/57,4/58,5/59,5/60,6/61,6/62,7/63,7/64,8/65,8/66,9/67,9/68,10/69,10/70,11/71,11/72,12/73,12/74,13/75,13/76,14/77,14/78,15/79,15/80,16/81,16/82,17/83,17/84,18/85,18/86,19/87,19/88,20/89,20/90,21/91,21/92,22/93,22/94,23/95,23/96,24/97,24/98,25/99,25/100,26/101,26/102,27/103,27/104,28/105,28/106,29/107,29/108,30/109,30/110,31/111,31/112,32/113,32/114,33/115,33/116,34/117,34/118,35/119,35/120,36/121,36/122,37/123,37/124,38/125,38/126,39/127,39/128,40/129,40/130,41/131,41/132,42/133,42/134,43/135,43/136,44/137,44/138,45/139,45/140,46/141,46/142,47/143,47/144,48/145,48/146,49/147,49/148,50/149,50/150	51/1/52,53/2/54,55/3/56,57/4/58,59/5/60,61/6/62,63/7/64,65/8/66,67/9/68,69/10/70,71/11/72,73/12/74,75/13/76,77/14/78,79/15/80,81/16/82,83/17/84,85/18/86,87/19/88,89/20/90,91/21/92,93/22/94,95/23/96,97/24/98,99/25/100,101/26/102,103/27/104,105/28/106,107/29/108,109/30/110,111/31/112,113/32/114,115/33/116,117/34/118,119/35/120,121/36/122,123/37/124,125/38/126,127/39/128,129/40/130,131/41/132,133/42/134,135/43/136,137/44/138,139/45/140,141/46/142,143/47/144,145/48/146,147/49/148,149/50/150	-	-	1,2,3,4,5,6,7,8,9,10,11,12,13,14,15,16,17,18,19,20,21,22,23,24,25,26,27,28,29,30,31,32,33,34,35,36,37,38,39,40,41,42,43,44,45,46,47,48,49,50,1,1,2,2,3,3,4,4,5,5,6,6,7,7,8,8,9,9,10,10,11,11,12,12,13,13,14,14,15,15,16,16,17,17,18,18,19,19,20,20,21,21,22,22,23,23,24,24,25,25,26,26,27,27,28,28,29,29,30,30,31,31,32,32,33,33,34,34,35,35,36,36,37,37,38,38,39,39,40,40,41,41,42,42,43,43,44,44,45,45,46,46,47,47,48,48,49,49,50,50
maceoff_water_711	6,6,6,6,6,6,1,1,1,1,1,1,1,1,1,1,1,1	0.0,0.0,0.0,0.0,0.0,0.0,0.0,0.0,0.0,0.0,0.0,0.0,0.0,0.0,0.0,0.0,0.0,0.0	0,0,0,0,0,0,0,0,0,0,0,0,0,0,0,0,0,0	2,2,2,2,2,2,1,1,1,1,1,1,1,1,1,1,1,1	1/7,1/8,2/9,2/10,3/11,3/12,4/13,4/14,5/15,5/16,6/17,6/18	7/1/8,9/2/10,11/3/12,13/4/14,15/5/16,17/6/18	-	-	1,2,3,4,5,6,1,1,2,2,3,3,4,4,5,5,6,6
maceoff_water_712	6,6,6,6,6,6,6,6,6,6,6,1,1,1,1,1,1,1,1,1,1,1,1,1,1,1,1,1,1,1,1,1,1	0.0,0.0,0.0,0.0,0.0,0.0,0.0,0.0,0.0,0.0,0.0,0.0,0.0,0.0,0.0,0.0,0.0,0.0,0.0,0.0,0.0,0.0,0.0,0.0,0.0,0.0,0.0,0.0,0.0,0.0,0.0,0.0,0.0	0,0,0,0,0,0,0,0,0,0,0,0,0,0,0,0,0,0,0,0,0,0,0,0,0,0,0,0,0,0,0,0,0	2,2,2,2,2,2,2,2,2,2,2,1,1,1,1,1,1,1,1,1,1,1,1,1,1,1,1,1,1,1,1,1,1	1/12,1/13,2/14,2/15,3/16,3/17,4/18,4/19,5/20,5/21,6/22,6/23,7/24,7/25,8/26,8/27,9/28,9/29,10/30,10/31,11/32,11/33	12/1/13,14/2/15,16/3/17,18/4/19,20/5/21,22/6/23,24/7/25,26/8/27,28/9/29,30/10/31,32/11/33	-	-	1,2,3,4,5,6,7,8,9,10,11,1,1,2,2,3,3,4,4,5,5,6,6,7,7,8,8,9,9,10,10,11,11
maceoff_water_713	6,6,6,6,6,6,6,1,1,1,1,1,1,1,1,1,1,1,1,1,1	0.0,0.0,0.0,0.0,0.0,0.0,0.0,0.0,0.0,0.0,0.0,0.0,0.0,0.0,0.0,0.0,0.0,0.0,0.0,0.0,0.0	0,0,0,0,0,0,0,0,0,0,0,0,0,0,0,0,0,0,0,0,0	2,2,2,2,2,2,2,1,1,1,1,1,1,1,1,1,1,1,1,1,1	1/8,1/9,2/10,2/11,3/12,3/13,4/14,4/15,5/16,5/17,6/18,6/19,7/20,7/21	8/1/9,10/2/11,12/3/13,14/4/15,16/5/17,18/6/19,20/7/21	-	-	1,2,3,4,5,6,7,1,1,2,2,3,3,4,4,5,5,6,6,7,7
maceoff_water_714	6,6,6,1,1,1,1,1,1	0.0,0.0,0.0,0.0,0.0,0.0,0.0,0.0,0.0	0,0,0,0,0,0,0,0,0	2,2,2,1,1,1,1,1,1	1/4,1/5,2/6,2/7,3/8,3/9	4/1/5,6/2/7,8/3/9	-	-	1,2,3,1,1,2,2,3,3
maceoff_water_715	6,6,6,6,6,6,1,1,1,1,1,1,1,1,1,1,1,1	0.0,0.0,0.0,0.0,0.0,0.0,0.0,0.0,0.0,0.0,0.0,0.0,0.0,0.0,0.0,0.0,0.0,0.0	0,0,0,0,0,0,0,0,0,0,0,0,0,0,0,0,0,0	2,2,2,2,2,2,1,1,1,1,1,1,1,1,1,1,1,1	1/7,1/8,2/9,2/10,3/11,3/12,4/13,4/14,5/15,5/16,6/17,6/18	7/1/8,9/2/10,11/3/12,13/4/14,15/5/16,17/6/18	-	-	1,2,3,4,5,6,1,1,2,2,3,3,4,4,5,5,6,6
maceoff_water_716	6,6,6,6,6,6,6,6,6,6,1,1,1,1,1,1,1,1,1,1,1,1,1,1,1,1,1,1,1,1	0.0,0.0,0.0,0.0,0.0,0.0,0.0,0.0,0.0,0.0,0.0,0.0,0.0,0.0,0.0,0.0,0.0,0.0,0.0,0.0,0.0,0.0,0.0,0.0,0.0,0.0,0.0,0.0,0.0,0.0	0,0,0,0,0,0,0,0,0,0,0,0,0,0,0,0,0,0,0,0,0,0,0,0,0,0,0,0,0,0	2,2,2,2,2,2,2,2,2,2,1,1,1,1,1,1,1,1,1,1,1,1,1,1,1,1,1,1,1,1	1/11,1/12,2/13,2/14,3/15,3/16,4/17,4/18,5/19,5/20,6/21,6/22,7/23,7/24,8/25,8/26,9/27,9/28,10/29,10/30	11/1/12,13/2/14,15/3/16,17/4/18,19/5/20,21/6/22,23/7/24,25/8/26,27/9/28,29/10/30	-	-	1,2,3,4,5,6,7,8,9,10,1,1,2,2,3,3,4,4,5,5,6,6,7,7,8,8,9,9,10,10
maceoff_water_717	6,6,6,6,6,6,6,6,6,1,1,1,1,1,1,1,1,1,1,1,1,1,1,1,1,1,1	0.0,0.0,0.0,0.0,0.0,0.0,0.0,0.0,0.0,0.0,0.0,0.0,0.0,0.0,0.0,0.0,0.0,0.0,0.0,0.0,0.0,0.0,0.0,0.0,0.0,0.0,0.0	0,0,0,0,0,0,0,0,0,0,0,0,0,0,0,0,0,0,0,0,0,0,0,0,0,0,0	2,2,2,2,2,2,2,2,2,1,1,1,1,1,1,1,1,1,1,1,1,1,1,1,1,1,1	1/10,1/11,2/12,2/13,3/14,3/15,4/16,4/17,5/18,5/19,6/20,6/21,7/22,7/23,8/24,8/25,9/26,9/27	10/1/11,12/2/13,14/3/15,16/4/17,18/5/19,20/6/21,22/7/23,24/8/25,26/9/27	-	-	1,2,3,4,5,6,7,8,9,1,1,2,2,3,3,4,4,5,5,6,6,7,7,8,8,9,9
maceoff_water_718	6,6,6,6,1,1,1,1,1,1,1,1	0.0,0.0,0.0,0.0,0.0,0.0,0.0,0.0,0.0,0.0,0.0,0.0	0,0,0,0,0,0,0,0,0,0,0,0	2,2,2,2,1,1,1,1,1,1,1,1	1/5,1/6,2/7,2/8,3/9,3/10,4/11,4/12	5/1/6,7/2/8,9/3/10,11/4/12	-	-	1,2,3,4,1,1,2,2,3,3,4,4
maceoff_water_719	6,6,6,6,6,6,6,6,6,6,6,6,1,1,1,1,1,1,1,1,1,1,1,1,1,1,1,1,1,1,1,1,1,1,1,1	0.0,0.0,0.0,0.0,0.0,0.0,0.0,0.0,0.0,0.0,0.0,0.0,0.0,0.0,0.0,0.0,0.0,0.0,0.0,0.0,0.0,0.0,0.0,0.0,0.0,0.0,0.0,0.0,0.0,0.0,0.0,0.0,0.0,0.0,0.0,0.0	0,0,0,0,0,0,0,0,0,0,0,0,0,0,0,0,0,0,0,0,0,0,0,0,0,0,0,0,0,0,0,0,0,0,0,0	2,2,2,2,2,2,2,2,2,2,2,2,1,1,1,1,1,1,1,1,1,1,1,1,1,1,1,1,1,1,1,1,1,1,1,1	1/13,1/14,2/15,2/16,3/17,3/18,4/19,4/20,5/21,5/22,6/23,6/24,7/25,7/26,8/27,8/28,9/29,9/30,10/31,10/32,11/33,11/34,12/35,12/36	13/1/14,15/2/16,17/3/18,19/4/20,21/5/22,23/6/24,25/7/26,27/8/28,29/9/30,31/10/32,33/11/34,35/12/36	-	-	1,2,3,4,5,6,7,8,9,10,11,12,1,1,2,2,3,3,4,4,5,5,6,6,7,7,8,8,9,9,10,10,11,11,12,12
maceoff_water_720	6,6,6,6,1,1,1,1,1,1,1,1	0.0,0.0,0.0,0.0,0.0,0.0,0.0,0.0,0.0,0.0,0.0,0.0	0,0,0,0,0,0,0,0,0,0,0,0	2,2,2,2,1,1,1,1,1,1,1,1	1/5,1/6,2/7,2/8,3/9,3/10,4/11,4/12	5/1/6,7/2/8,9/3/10,11/4/12	-	-	1,2,3,4,1,1,2,2,3,3,4,4
maceoff_water_721	6,6,6,6,6,6,6,6,6,6,6,1,1,1,1,1,1,1,1,1,1,1,1,1,1,1,1,1,1,1,1,1,1	0.0,0.0,0.0,0.0,0.0,0.0,0.0,0.0,0.0,0.0,0.0,0.0,0.0,0.0,0.0,0.0,0.0,0.0,0.0,0.0,0.0,0.0,0.0,0.0,0.0,0.0,0.0,0.0,0.0,0.0,0.0,0.0,0.0	0,0,0,0,0,0,0,0,0,0,0,0,0,0,0,0,0,0,0,0,0,0,0,0,0,0,0,0,0,0,0,0,0	2,2,2,2,2,2,2,2,2,2,2,1,1,1,1,1,1,1,1,1,1,1,1,1,1,1,1,1,1,1,1,1,1	1/12,1/13,2/14,2/15,3/16,3/17,4/18,4/19,5/20,5/21,6/22,6/23,7/24,7/25,8/26,8/27,9/28,9/29,10/30,10/31,11/32,11/33	12/1/13,14/2/15,16/3/17,18/4/19,20/5/21,22/6/23,24/7/25,26/8/27,28/9/29,30/10/31,32/11/33	-	-	1,2,3,4,5,6,7,8,9,10,11,1,1,2,2,3,3,4,4,5,5,6,6,7,7,8,8,9,9,10,10,11,11
maceoff_water_722	6,6,6,6,6,6,6,6,6,1,1,1,1,1,1,1,1,1,1,1,1,1,1,1,1,1,1	0.0,0.0,0.0,0.0,0.0,0.0,0.0,0.0,0.0,0.0,0.0,0.0,0.0,0.0,0.0,0.0,0.0,0.0,0.0,0.0,0.0,0.0,0.0,0.0,0.0,0.0,0.0	0,0,0,0,0,0,0,0,0,0,0,0,0,0,0,0,0,0,0,0,0,0,0,0,0,0,0	2,2,2,2,2,2,2,2,2,1,1,1,1,1,1,1,1,1,1,1,1,1,1,1,1,1,1	1/10,1/11,2/12,2/13,3/14,3/15,4/16,4/17,5/18,5/19,6/20,6/21,7/22,7/23,8/24,8/25,9/26,9/27	10/1/11,12/2/13,14/3/15,16/4/17,18/5/19,20/6/21,22/7/23,24/8/25,26/9/27	-	-	1,2,3,4,5,6,7,8,9,1,1,2,2,3,3,4,4,5,5,6,6,7,7,8,8,9,9
maceoff_water_723	6,1,1	0.0,0.0,0.0	0,0,0	2,1,1	1/2,1/3	2/1/3	-	-	1,1,1
maceoff_water_724	6,6,6,6,6,6,1,1,1,1,1,1,1,1,1,1,1,1	0.0,0.0,0.0,0.0,0.0,0.0,0.0,0.0,0.0,0.0,0.0,0.0,0.0,0.0,0.0,0.0,0.0,0.0	0,0,0,0,0,0,0,0,0,0,0,0,0,0,0,0,0,0	2,2,2,2,2,2,1,1,1,1,1,1,1,1,1,1,1,1	1/7,1/8,2/9,2/10,3/11,3/12,4/13,4/14,5/15,5/16,6/17,6/18	7/1/8,9/2/10,11/3/12,13/4/14,15/5/16,17/6/18	-	-	1,2,3,4,5,6,1,1,2,2,3,3,4,4,5,5,6,6
maceoff_water_725	6,6,6,6,1,1,1,1,1,1,1,1	0.0,0.0,0.0,0.0,0.0,0.0,0.0,0.0,0.0,0.0,0.0,0.0	0,0,0,0,0,0,0,0,0,0,0,0	2,2,2,2,1,1,1,1,1,1,1,1	1/5,1/6,2/7,2/8,3/9,3/10,4/11,4/12	5/1/6,7/2/8,9/3/10,11/4/12	-	-	1,2,3,4,1,1,2,2,3,3,4,4
maceoff_water_726	6,6,6,6,6,1,1,1,1,1,1,1,1,1,1	0.0,0.0,0.0,0.0,0.0,0.0,0.0,0.0,0.0,0.0,0.0,0.0,0.0,0.0,0.0	0,0,0,0,0,0,0,0,0,0,0,0,0,0,0	2,2,2,2,2,1,1,1,1,1,1,1,1,1,1	1/6,1/7,2/8,2/9,3/10,3/11,4/12,4/13,5/14,5/15	6/1/7,8/2/9,10/3/11,12/4/13,14/5/15	-	-	1,2,3,4,5,1,1,2,2,3,3,4,4,5,5
maceoff_water_727	6,6,6,6,6,1,1,1,1,1,1,1,1,1,1	0.0,0.0,0.0,0.0,0.0,0.0,0.0,0.0,0.0,0.0,0.0,0.0,0.0,0.0,0.0	0,0,0,0,0,0,0,0,0,0,0,0,0,0,0	2,2,2,2,2,1,1,1,1,1,1,1,1,1,1	1/6,1/7,2/8,2/9,3/10,3/11,4/12,4/13,5/14,5/15	6/1/7,8/2/9,10/3/11,12/4/13,14/5/15	-	-	1,2,3,4,5,1,1,2,2,3,3,4,4,5,5
maceoff_water_728	6,6,6,6,6,6,6,6,1,1,1,1,1,1,1,1,1,1,1,1,1,1,1,1	0.0,0.0,0.0,0.0,0.0,0.0,0.0,0.0,0.0,0.0,0.0,0.0,0.0,0.0,0.0,0.0,0.0,0.0,0.0,0.0,0.0,0.0,0.0,0.0	0,0,0,0,0,0,0,0,0,0,0,0,0,0,0,0,0,0,0,0,0,0,0,0	2,2,2,2,2,2,2,2,1,1,1,1,1,1,1,1,1,1,1,1,1,1,1,1	1/9,1/10,2/11,2/12,3/13,3/14,4/15,4/16,5/17,5/18,6/19,6/20,7/21,7/22,8/23,8/24	9/1/10,11/2/12,13/3/14,15/4/16,17/5/18,19/6/20,21/7/22,23/8/24	-	-	1,2,3,4,5,6,7,8,1,1,2,2,3,3,4,4,5,5,6,6,7,7,8,8
maceoff_water_729	6,6,6,6,6,1,1,1,1,1,1,1,1,1,1	0.0,0.0,0.0,0.0,0.0,0.0,0.0,0.0,0.0,0.0,0.0,0.0,0.0,0.0,0.0	0,0,0,0,0,0,0,0,0,0,0,0,0,0,0	2,2,2,2,2,1,1,1,1,1,1,1,1,1,1	1/6,1/7,2/8,2/9,3/10,3/11,4/12,4/13,5/14,5/15	6/1/7,8/2/9,10/3/11,12/4/13,14/5/15	-	-	1,2,3,4,5,1,1,2,2,3,3,4,4,5,5
maceoff_water_730	6,1,1	0.0,0.0,0.0	0,0,0	2,1,1	1/2,1/3	2/1/3	-	-	1,1,1
maceoff_water_731	6,6,1,1,1,1	0.0,0.0,0.0,0.0,0.0,0.0	0,0,0,0,0,0	2,2,1,1,1,1	1/3,1/4,2/5,2/6	3/1/4,5/2/6	-	-	1,2,1,1,2,2
maceoff_water_732	6,6,6,6,6,6,6,6,6,6,1,1,1,1,1,1,1,1,1,1,1,1,1,1,1,1,1,1,1,1	0.0,0.0,0.0,0.0,0.0,0.0,0.0,0.0,0.0,0.0,0.0,0.0,0.0,0.0,0.0,0.0,0.0,0.0,0.0,0.0,0.0,0.0,0.0,0.0,0.0,0.0,0.0,0.0,0.0,0.0	0,0,0,0,0,0,0,0,0,0,0,0,0,0,0,0,0,0,0,0,0,0,0,0,0,0,0,0,0,0	2,2,2,2,2,2,2,2,2,2,1,1,1,1,1,1,1,1,1,1,1,1,1,1,1,1,1,1,1,1	1/11,1/12,2/13,2/14,3/15,3/16,4/17,4/18,5/19,5/20,6/21,6/22,7/23,7/24,8/25,8/26,9/27,9/28,10/29,10/30	11/1/12,13/2/14,15/3/16,17/4/18,19/5/20,21/6/22,23/7/24,25/8/26,27/9/28,29/10/30	-	-	1,2,3,4,5,6,7,8,9,10,1,1,2,2,3,3,4,4,5,5,6,6,7,7,8,8,9,9,10,10
maceoff_water_733	6,6,6,6,1,1,1,1,1,1,1,1	0.0,0.0,0.0,0.0,0.0,0.0,0.0,0.0,0.0,0.0,0.0,0.0	0,0,0,0,0,0,0,0,0,0,0,0	2,2,2,2,1,1,1,1,1,1,1,1	1/5,1/6,2/7,2/8,3/9,3/10,4/11,4/12	5/1/6,7/2/8,9/3/10,11/4/12	-	-	1,2,3,4,1,1,2,2,3,3,4,4
maceoff_water_734	6,6,6,6,6,6,6,6,6,6,6,6,1,1,1,1,1,1,1,1,1,1,1,1,1,1,1,1,1,1,1,1,1,1,1,1	0.0,0.0,0.0,0.0,0.0,0.0,0.0,0.0,0.0,0.0,0.0,0.0,0.0,0.0,0.0,0.0,0.0,0.0,0.0,0.0,0.0,0.0,0.0,0.0,0.0,0.0,0.0,0.0,0.0,0.0,0.0,0.0,0.0,0.0,0.0,0.0	0,0,0,0,0,0,0,0,0,0,0,0,0,0,0,0,0,0,0,0,0,0,0,0,0,0,0,0,0,0,0,0,0,0,0,0	2,2,2,2,2,2,2,2,2,2,2,2,1,1,1,1,1,1,1,1,1,1,1,1,1,1,1,1,1,1,1,1,1,1,1,1	1/13,1/14,2/15,2/16,3/17,3/18,4/19,4/20,5/21,5/22,6/23,6/24,7/25,7/26,8/27,8/28,9/29,9/30,10/31,10/32,11/33,11/34,12/35,12/36	13/1/14,15/2/16,17/3/18,19/4/20,21/5/22,23/6/24,25/7/26,27/8/28,29/9/30,31/10/32,33/11/34,35/12/36	-	-	1,2,3,4,5,6,7,8,9,10,11,12,1,1,2,2,3,3,4,4,5,5,6,6,7,7,8,8,9,9,10,10,11,11,12,12
maceoff_water_735	6,1,1	0.0,0.0,0.0	0,0,0	2,1,1	1/2,1/3	2/1/3	-	-	1,1,1
maceoff_water_736	6,6,6,1,1,1,1,1,1	0.0,0.0,0.0,0.0,0.0,0.0,0.0,0.0,0.0	0,0,0,0,0,0,0,0,0	2,2,2,1,1,1,1,1,1	1/4,1/5,2/6,2/7,3/8,3/9	4/1/5,6/2/7,8/3/9	-	-	1,2,3,1,1,2,2,3,3
maceoff_water_737	6,6,6,6,6,6,6,6,6,1,1,1,1,1,1,1,1,1,1,1,1,1,1,1,1,1,1	0.0,0.0,0.0,0.0,0.0,0.0,0.0,0.0,0.0,0.0,0.0,0.0,0.0,0.0,0.0,0.0,0.0,0.0,0.0,0.0,0.0,0.0,0.0,0.0,0.0,0.0,0.0	0,0,0,0,0,0,0,0,0,0,0,0,0,0,0,0,0,0,0,0,0,0,0,0,0,0,0	2,2,2,2,2,2,2,2,2,1,1,1,1,1,1,1,1,1,1,1,1,1,1,1,1,1,1	1/10,1/11,2/12,2/13,3/14,3/15,4/16,4/17,5/18,5/19,6/20,6/21,7/22,7/23,8/24,8/25,9/26,9/27	10/1/11,12/2/13,14/3/15,16/4/17,18/5/19,20/6/21,22/7/23,24/8/25,26/9/27	-	-	1,2,3,4,5,6,7,8,9,1,1,2,2,3,3,4,4,5,5,6,6,7,7,8,8,9,9
maceoff_water_738	6,6,6,6,6,6,6,6,6,6,6,1,1,1,1,1,1,1,1,1,1,1,1,1,1,1,1,1,1,1,1,1,1	0.0,0.0,0.0,0.0,0.0,0.0,0.0,0.0,0.0,0.0,0.0,0.0,0.0,0.0,0.0,0.0,0.0,0.0,0.0,0.0,0.0,0.0,0.0,0.0,0.0,0.0,0.0,0.0,0.0,0.0,0.0,0.0,0.0	0,0,0,0,0,0,0,0,0,0,0,0,0,0,0,0,0,0,0,0,0,0,0,0,0,0,0,0,0,0,0,0,0	2,2,2,2,2,2,2,2,2,2,2,1,1,1,1,1,1,1,1,1,1,1,1,1,1,1,1,1,1,1,1,1,1	1/12,1/13,2/14,2/15,3/16,3/17,4/18,4/19,5/20,5/21,6/22,6/23,7/24,7/25,8/26,8/27,9/28,9/29,10/30,10/31,11/32,11/33	12/1/13,14/2/15,16/3/17,18/4/19,20/5/21,22/6/23,24/7/25,26/8/27,28/9/29,30/10/31,32/11/33	-	-	1,2,3,4,5,6,7,8,9,10,11,1,1,2,2,3,3,4,4,5,5,6,6,7,7,8,8,9,9,10,10,11,11
maceoff_water_739	6,6,6,6,6,6,6,6,6,6,6,1,1,1,1,1,1,1,1,1,1,1,1,1,1,1,1,1,1,1,1,1,1	0.0,0.0,0.0,0.0,0.0,0.0,0.0,0.0,0.0,0.0,0.0,0.0,0.0,0.0,0.0,0.0,0.0,0.0,0.0,0.0,0.0,0.0,0.0,0.0,0.0,0.0,0.0,0.0,0.0,0.0,0.0,0.0,0.0	0,0,0,0,0,0,0,0,0,0,0,0,0,0,0,0,0,0,0,0,0,0,0,0,0,0,0,0,0,0,0,0,0	2,2,2,2,2,2,2,2,2,2,2,1,1,1,1,1,1,1,1,1,1,1,1,1,1,1,1,1,1,1,1,1,1	1/12,1/13,2/14,2/15,3/16,3/17,4/18,4/19,5/20,5/21,6/22,6/23,7/24,7/25,8/26,8/27,9/28,9/29,10/30,10/31,11/32,11/33	12/1/13,14/2/15,16/3/17,18/4/19,20/5/21,22/6/23,24/7/25,26/8/27,28/9/29,30/10/31,32/11/33	-	-	1,2,3,4,5,6,7,8,9,10,11,1,1,2,2,3,3,4,4,5,5,6,6,7,7,8,8,9,9,10,10,11,11
maceoff_water_740	6,6,6,6,6,1,1,1,1,1,1,1,1,1,1	0.0,0.0,0.0,0.0,0.0,0.0,0.0,0.0,0.0,0.0,0.0,0.0,0.0,0.0,0.0	0,0,0,0,0,0,0,0,0,0,0,0,0,0,0	2,2,2,2,2,1,1,1,1,1,1,1,1,1,1	1/6,1/7,2/8,2/9,3/10,3/11,4/12,4/13,5/14,5/15	6/1/7,8/2/9,10/3/11,12/4/13,14/5/15	-	-	1,2,3,4,5,1,1,2,2,3,3,4,4,5,5
maceoff_water_741	6,6,1,1,1,1	0.0,0.0,0.0,0.0,0.0,0.0	0,0,0,0,0,0	2,2,1,1,1,1	1/3,1/4,2/5,2/6	3/1/4,5/2/6	-	-	1,2,1,1,2,2
maceoff_water_742	6,6,6,6,1,1,1,1,1,1,1,1	0.0,0.0,0.0,0.0,0.0,0.0,0.0,0.0,0.0,0.0,0.0,0.0	0,0,0,0,0,0,0,0,0,0,0,0	2,2,2,2,1,1,1,1,1,1,1,1	1/5,1/6,2/7,2/8,3/9,3/10,4/11,4/12	5/1/6,7/2/8,9/3/10,11/4/12	-	-	1,2,3,4,1,1,2,2,3,3,4,4
maceoff_water_743	6,6,6,6,6,6,6,6,6,6,1,1,1,1,1,1,1,1,1,1,1,1,1,1,1,1,1,1,1,1	0.0,0.0,0.0,0.0,0.0,0.0,0.0,0.0,0.0,0.0,0.0,0.0,0.0,0.0,0.0,0.0,0.0,0.0,0.0,0.0,0.0,0.0,0.0,0.0,0.0,0.0,0.0,0.0,0.0,0.0	0,0,0,0,0,0,0,0,0,0,0,0,0,0,0,0,0,0,0,0,0,0,0,0,0,0,0,0,0,0	2,2,2,2,2,2,2,2,2,2,1,1,1,1,1,1,1,1,1,1,1,1,1,1,1,1,1,1,1,1	1/11,1/12,2/13,2/14,3/15,3/16,4/17,4/18,5/19,5/20,6/21,6/22,7/23,7/24,8/25,8/26,9/27,9/28,10/29,10/30	11/1/12,13/2/14,15/3/16,17/4/18,19/5/20,21/6/22,23/7/24,25/8/26,27/9/28,29/10/30	-	-	1,2,3,4,5,6,7,8,9,10,1,1,2,2,3,3,4,4,5,5,6,6,7,7,8,8,9,9,10,10
maceoff_water_744	6,6,6,1,1,1,1,1,1	0.0,0.0,0.0,0.0,0.0,0.0,0.0,0.0,0.0	0,0,0,0,0,0,0,0,0	2,2,2,1,1,1,1,1,1	1/4,1/5,2/6,2/7,3/8,3/9	4/1/5,6/2/7,8/3/9	-	-	1,2,3,1,1,2,2,3,3
maceoff_water_745	6,6,6,6,6,1,1,1,1,1,1,1,1,1,1	0.0,0.0,0.0,0.0,0.0,0.0,0.0,0.0,0.0,0.0,0.0,0.0,0.0,0.0,0.0	0,0,0,0,0,0,0,0,0,0,0,0,0,0,0	2,2,2,2,2,1,1,1,1,1,1,1,1,1,1	1/6,1/7,2/8,2/9,3/10,3/11,4/12,4/13,5/14,5/15	6/1/7,8/2/9,10/3/11,12/4/13,14/5/15	-	-	1,2,3,4,5,1,1,2,2,3,3,4,4,5,5
maceoff_water_746	6,6,6,6,6,6,6,6,6,6,6,6,1,1,1,1,1,1,1,1,1,1,1,1,1,1,1,1,1,1,1,1,1,1,1,1	0.0,0.0,0.0,0.0,0.0,0.0,0.0,0.0,0.0,0.0,0.0,0.0,0.0,0.0,0.0,0.0,0.0,0.0,0.0,0.0,0.0,0.0,0.0,0.0,0.0,0.0,0.0,0.0,0.0,0.0,0.0,0.0,0.0,0.0,0.0,0.0	0,0,0,0,0,0,0,0,0,0,0,0,0,0,0,0,0,0,0,0,0,0,0,0,0,0,0,0,0,0,0,0,0,0,0,0	2,2,2,2,2,2,2,2,2,2,2,2,1,1,1,1,1,1,1,1,1,1,1,1,1,1,1,1,1,1,1,1,1,1,1,1	1/13,1/14,2/15,2/16,3/17,3/18,4/19,4/20,5/21,5/22,6/23,6/24,7/25,7/26,8/27,8/28,9/29,9/30,10/31,10/32,11/33,11/34,12/35,12/36	13/1/14,15/2/16,17/3/18,19/4/20,21/5/22,23/6/24,25/7/26,27/8/28,29/9/30,31/10/32,33/11/34,35/12/36	-	-	1,2,3,4,5,6,7,8,9,10,11,12,1,1,2,2,3,3,4,4,5,5,6,6,7,7,8,8,9,9,10,10,11,11,12,12
maceoff_water_747	6,1,1	0.0,0.0,0.0	0,0,0	2,1,1	1/2,1/3	2/1/3	-	-	1,1,1
maceoff_water_748	6,6,6,6,6,6,6,6,1,1,1,1,1,1,1,1,1,1,1,1,1,1,1,1	0.0,0.0,0.0,0.0,0.0,0.0,0.0,0.0,0.0,0.0,0.0,0.0,0.0,0.0,0.0,0.0,0.0,0.0,0.0,0.0,0.0,0.0,0.0,0.0	0,0,0,0,0,0,0,0,0,0,0,0,0,0,0,0,0,0,0,0,0,0,0,0	2,2,2,2,2,2,2,2,1,1,1,1,1,1,1,1,1,1,1,1,1,1,1,1	1/9,1/10,2/11,2/12,3/13,3/14,4/15,4/16,5/17,5/18,6/19,6/20,7/21,7/22,8/23,8/24	9/1/10,11/2/12,13/3/14,15/4/16,17/5/18,19/6/20,21/7/22,23/8/24	-	-	1,2,3,4,5,6,7,8,1,1,2,2,3,3,4,4,5,5,6,6,7,7,8,8
maceoff_water_749	6,6,6,6,6,6,6,6,6,1,1,1,1,1,1,1,1,1,1,1,1,1,1,1,1,1,1	0.0,0.0,0.0,0.0,0.0,0.0,0.0,0.0,0.0,0.0,0.0,0.0,0.0,0.0,0.0,0.0,0.0,0.0,0.0,0.0,0.0,0.0,0.0,0.0,0.0,0.0,0.0	0,0,0,0,0,0,0,0,0,0,0,0,0,0,0,0,0,0,0,0,0,0,0,0,0,0,0	2,2,2,2,2,2,2,2,2,1,1,1,1,1,1,1,1,1,1,1,1,1,1,1,1,1,1	1/10,1/11,2/12,2/13,3/14,3/15,4/16,4/17,5/18,5/19,6/20,6/21,7/22,7/23,8/24,8/25,9/26,9/27	10/1/11,12/2/13,14/3/15,16/4/17,18/5/19,20/6/21,22/7/23,24/8/25,26/9/27	-	-	1,2,3,4,5,6,7,8,9,1,1,2,2,3,3,4,4,5,5,6,6,7,7,8,8,9,9
maceoff_water_750	6,6,6,6,6,6,6,6,6,6,1,1,1,1,1,1,1,1,1,1,1,1,1,1,1,1,1,1,1,1	0.0,0.0,0.0,0.0,0.0,0.0,0.0,0.0,0.0,0.0,0.0,0.0,0.0,0.0,0.0,0.0,0.0,0.0,0.0,0.0,0.0,0.0,0.0,0.0,0.0,0.0,0.0,0.0,0.0,0.0	0,0,0,0,0,0,0,0,0,0,0,0,0,0,0,0,0,0,0,0,0,0,0,0,0,0,0,0,0,0	2,2,2,2,2,2,2,2,2,2,1,1,1,1,1,1,1,1,1,1,1,1,1,1,1,1,1,1,1,1	1/11,1/12,2/13,2/14,3/15,3/16,4/17,4/18,5/19,5/20,6/21,6/22,7/23,7/24,8/25,8/26,9/27,9/28,10/29,10/30	11/1/12,13/2/14,15/3/16,17/4/18,19/5/20,21/6/22,23/7/24,25/8/26,27/9/28,29/10/30	-	-	1,2,3,4,5,6,7,8,9,10,1,1,2,2,3,3,4,4,5,5,6,6,7,7,8,8,9,9,10,10
maceoff_water_751	6,6,6,1,1,1,1,1,1	0.0,0.0,0.0,0.0,0.0,0.0,0.0,0.0,0.0	0,0,0,0,0,0,0,0,0	2,2,2,1,1,1,1,1,1	1/4,1/5,2/6,2/7,3/8,3/9	4/1/5,6/2/7,8/3/9	-	-	1,2,3,1,1,2,2,3,3
maceoff_water_752	6,6,1,1,1,1	0.0,0.0,0.0,0.0,0.0,0.0	0,0,0,0,0,0	2,2,1,1,1,1	1/3,1/4,2/5,2/6	3/1/4,5/2/6	-	-	1,2,1,1,2,2
maceoff_water_753	6,6,1,1,1,1	0.0,0.0,0.0,0.0,0.0,0.0	0,0,0,0,0,0	2,2,1,1,1,1	1/3,1/4,2/5,2/6	3/1/4,5/2/6	-	-	1,2,1,1,2,2
maceoff_water_754	6,6,6,6,6,6,6,6,1,1,1,1,1,1,1,1,1,1,1,1,1,1,1,1	0.0,0.0,0.0,0.0,0.0,0.0,0.0,0.0,0.0,0.0,0.0,0.0,0.0,0.0,0.0,0.0,0.0,0.0,0.0,0.0,0.0,0.0,0.0,0.0	0,0,0,0,0,0,0,0,0,0,0,0,0,0,0,0,0,0,0,0,0,0,0,0	2,2,2,2,2,2,2,2,1,1,1,1,1,1,1,1,1,1,1,1,1,1,1,1	1/9,1/10,2/11,2/12,3/13,3/14,4/15,4/16,5/17,5/18,6/19,6/20,7/21,7/22,8/23,8/24	9/1/10,11/2/12,13/3/14,15/4/16,17/5/18,19/6/20,21/7/22,23/8/24	-	-	1,2,3,4,5,6,7,8,1,1,2,2,3,3,4,4,5,5,6,6,7,7,8,8
maceoff_water_755	6,6,6,6,6,6,1,1,1,1,1,1,1,1,1,1,1,1	0.0,0.0,0.0,0.0,0.0,0.0,0.0,0.0,0.0,0.0,0.0,0.0,0.0,0.0,0.0,0.0,0.0,0.0	0,0,0,0,0,0,0,0,0,0,0,0,0,0,0,0,0,0	2,2,2,2,2,2,1,1,1,1,1,1,1,1,1,1,1,1	1/7,1/8,2/9,2/10,3/11,3/12,4/13,4/14,5/15,5/16,6/17,6/18	7/1/8,9/2/10,11/3/12,13/4/14,15/5/16,17/6/18	-	-	1,2,3,4,5,6,1,1,2,2,3,3,4,4,5,5,6,6
maceoff_water_756	6,1,1	0.0,0.0,0.0	0,0,0	2,1,1	1/2,1/3	2/1/3	-	-	1,1,1
maceoff_water_757	6,6,6,6,6,6,1,1,1,1,1,1,1,1,1,1,1,1	0.0,0.0,0.0,0.0,0.0,0.0,0.0,0.0,0.0,0.0,0.0,0.0,0.0,0.0,0.0,0.0,0.0,0.0	0,0,0,0,0,0,0,0,0,0,0,0,0,0,0,0,0,0	2,2,2,2,2,2,1,1,1,1,1,1,1,1,1,1,1,1	1/7,1/8,2/9,2/10,3/11,3/12,4/13,4/14,5/15,5/16,6/17,6/18	7/1/8,9/2/10,11/3/12,13/4/14,15/5/16,17/6/18	-	-	1,2,3,4,5,6,1,1,2,2,3,3,4,4,5,5,6,6
maceoff_water_758	6,6,6,6,6,1,1,1,1,1,1,1,1,1,1	0.0,0.0,0.0,0.0,0.0,0.0,0.0,0.0,0.0,0.0,0.0,0.0,0.0,0.0,0.0	0,0,0,0,0,0,0,0,0,0,0,0,0,0,0	2,2,2,2,2,1,1,1,1,1,1,1,1,1,1	1/6,1/7,2/8,2/9,3/10,3/11,4/12,4/13,5/14,5/15	6/1/7,8/2/9,10/3/11,12/4/13,14/5/15	-	-	1,2,3,4,5,1,1,2,2,3,3,4,4,5,5
maceoff_water_759	6,6,6,6,6,6,6,6,6,6,6,6,1,1,1,1,1,1,1,1,1,1,1,1,1,1,1,1,1,1,1,1,1,1,1,1	0.0,0.0,0.0,0.0,0.0,0.0,0.0,0.0,0.0,0.0,0.0,0.0,0.0,0.0,0.0,0.0,0.0,0.0,0.0,0.0,0.0,0.0,0.0,0.0,0.0,0.0,0.0,0.0,0.0,0.0,0.0,0.0,0.0,0.0,0.0,0.0	0,0,0,0,0,0,0,0,0,0,0,0,0,0,0,0,0,0,0,0,0,0,0,0,0,0,0,0,0,0,0,0,0,0,0,0	2,2,2,2,2,2,2,2,2,2,2,2,1,1,1,1,1,1,1,1,1,1,1,1,1,1,1,1,1,1,1,1,1,1,1,1	1/13,1/14,2/15,2/16,3/17,3/18,4/19,4/20,5/21,5/22,6/23,6/24,7/25,7/26,8/27,8/28,9/29,9/30,10/31,10/32,11/33,11/34,12/35,12/36	13/1/14,15/2/16,17/3/18,19/4/20,21/5/22,23/6/24,25/7/26,27/8/28,29/9/30,31/10/32,33/11/34,35/12/36	-	-	1,2,3,4,5,6,7,8,9,10,11,12,1,1,2,2,3,3,4,4,5,5,6,6,7,7,8,8,9,9,10,10,11,11,12,12
maceoff_water_760	6,6,6,6,6,6,6,6,6,6,6,6,1,1,1,1,1,1,1,1,1,1,1,1,1,1,1,1,1,1,1,1,1,1,1,1	0.0,0.0,0.0,0.0,0.0,0.0,0.0,0.0,0.0,0.0,0.0,0.0,0.0,0.0,0.0,0.0,0.0,0.0,0.0,0.0,0.0,0.0,0.0,0.0,0.0,0.0,0.0,0.0,0.0,0.0,0.0,0.0,0.0,0.0,0.0,0.0	0,0,0,0,0,0,0,0,0,0,0,0,0,0,0,0,0,0,0,0,0,0,0,0,0,0,0,0,0,0,0,0,0,0,0,0	2,2,2,2,2,2,2,2,2,2,2,2,1,1,1,1,1,1,1,1,1,1,1,1,1,1,1,1,1,1,1,1,1,1,1,1	1/13,1/14,2/15,2/16,3/17,3/18,4/19,4/20,5/21,5/22,6/23,6/24,7/25,7/26,8/27,8/28,9/29,9/30,10/31,10/32,11/33,11/34,12/35,12/36	13/1/14,15/2/16,17/3/18,19/4/20,21/5/22,23/6/24,25/7/26,27/8/28,29/9/30,31/10/32,33/11/34,35/12/36	-	-	1,2,3,4,5,6,7,8,9,10,11,12,1,1,2,2,3,3,4,4,5,5,6,6,7,7,8,8,9,9,10,10,11,11,12,12
maceoff_water_761	6,6,6,6,1,1,1,1,1,1,1,1	0.0,0.0,0.0,0.0,0.0,0.0,0.0,0.0,0.0,0.0,0.0,0.0	0,0,0,0,0,0,0,0,0,0,0,0	2,2,2,2,1,1,1,1,1,1,1,1	1/5,1/6,2/7,2/8,3/9,3/10,4/11,4/12	5/1/6,7/2/8,9/3/10,11/4/12	-	-	1,2,3,4,1,1,2,2,3,3,4,4
maceoff_water_762	6,6,6,6,6,6,1,1,1,1,1,1,1,1,1,1,1,1	0.0,0.0,0.0,0.0,0.0,0.0,0.0,0.0,0.0,0.0,0.0,0.0,0.0,0.0,0.0,0.0,0.0,0.0	0,0,0,0,0,0,0,0,0,0,0,0,0,0,0,0,0,0	2,2,2,2,2,2,1,1,1,1,1,1,1,1,1,1,1,1	1/7,1/8,2/9,2/10,3/11,3/12,4/13,4/14,5/15,5/16,6/17,6/18	7/1/8,9/2/10,11/3/12,13/4/14,15/5/16,17/6/18	-	-	1,2,3,4,5,6,1,1,2,2,3,3,4,4,5,5,6,6
maceoff_water_763	6,6,1,1,1,1	0.0,0.0,0.0,0.0,0.0,0.0	0,0,0,0,0,0	2,2,1,1,1,1	1/3,1/4,2/5,2/6	3/1/4,5/2/6	-	-	1,2,1,1,2,2
maceoff_water_764	6,6,6,6,6,1,1,1,1,1,1,1,1,1,1	0.0,0.0,0.0,0.0,0.0,0.0,0.0,0.0,0.0,0.0,0.0,0.0,0.0,0.0,0.0	0,0,0,0,0,0,0,0,0,0,0,0,0,0,0	2,2,2,2,2,1,1,1,1,1,1,1,1,1,1	1/6,1/7,2/8,2/9,3/10,3/11,4/12,4/13,5/14,5/15	6/1/7,8/2/9,10/3/11,12/4/13,14/5/15	-	-	1,2,3,4,5,1,1,2,2,3,3,4,4,5,5
maceoff_water_765	6,6,6,6,6,6,1,1,1,1,1,1,1,1,1,1,1,1	0.0,0.0,0.0,0.0,0.0,0.0,0.0,0.0,0.0,0.0,0.0,0.0,0.0,0.0,0.0,0.0,0.0,0.0	0,0,0,0,0,0,0,0,0,0,0,0,0,0,0,0,0,0	2,2,2,2,2,2,1,1,1,1,1,1,1,1,1,1,1,1	1/7,1/8,2/9,2/10,3/11,3/12,4/13,4/14,5/15,5/16,6/17,6/18	7/1/8,9/2/10,11/3/12,13/4/14,15/5/16,17/6/18	-	-	1,2,3,4,5,6,1,1,2,2,3,3,4,4,5,5,6,6
maceoff_water_766	6,6,6,6,6,6,6,6,1,1,1,1,1,1,1,1,1,1,1,1,1,1,1,1	0.0,0.0,0.0,0.0,0.0,0.0,0.0,0.0,0.0,0.0,0.0,0.0,0.0,0.0,0.0,0.0,0.0,0.0,0.0,0.0,0.0,0.0,0.0,0.0	0,0,0,0,0,0,0,0,0,0,0,0,0,0,0,0,0,0,0,0,0,0,0,0	2,2,2,2,2,2,2,2,1,1,1,1,1,1,1,1,1,1,1,1,1,1,1,1	1/9,1/10,2/11,2/12,3/13,3/14,4/15,4/16,5/17,5/18,6/19,6/20,7/21,7/22,8/23,8/24	9/1/10,11/2/12,13/3/14,15/4/16,17/5/18,19/6/20,21/7/22,23/8/24	-	-	1,2,3,4,5,6,7,8,1,1,2,2,3,3,4,4,5,5,6,6,7,7,8,8
maceoff_water_767	6,6,6,6,1,1,1,1,1,1,1,1	0.0,0.0,0.0,0.0,0.0,0.0,0.0,0.0,0.0,0.0,0.0,0.0	0,0,0,0,0,0,0,0,0,0,0,0	2,2,2,2,1,1,1,1,1,1,1,1	1/5,1/6,2/7,2/8,3/9,3/10,4/11,4/12	5/1/6,7/2/8,9/3/10,11/4/12	-	-	1,2,3,4,1,1,2,2,3,3,4,4
maceoff_water_768	6,6,6,6,6,6,6,6,6,6,6,1,1,1,1,1,1,1,1,1,1,1,1,1,1,1,1,1,1,1,1,1,1	0.0,0.0,0.0,0.0,0.0,0.0,0.0,0.0,0.0,0.0,0.0,0.0,0.0,0.0,0.0,0.0,0.0,0.0,0.0,0.0,0.0,0.0,0.0,0.0,0.0,0.0,0.0,0.0,0.0,0.0,0.0,0.0,0.0	0,0,0,0,0,0,0,0,0,0,0,0,0,0,0,0,0,0,0,0,0,0,0,0,0,0,0,0,0,0,0,0,0	2,2,2,2,2,2,2,2,2,2,2,1,1,1,1,1,1,1,1,1,1,1,1,1,1,1,1,1,1,1,1,1,1	1/12,1/13,2/14,2/15,3/16,3/17,4/18,4/19,5/20,5/21,6/22,6/23,7/24,7/25,8/26,8/27,9/28,9/29,10/30,10/31,11/32,11/33	12/1/13,14/2/15,16/3/17,18/4/19,20/5/21,22/6/23,24/7/25,26/8/27,28/9/29,30/10/31,32/11/33	-	-	1,2,3,4,5,6,7,8,9,10,11,1,1,2,2,3,3,4,4,5,5,6,6,7,7,8,8,9,9,10,10,11,11
maceoff_water_769	6,6,6,6,6,6,6,6,6,6,6,1,1,1,1,1,1,1,1,1,1,1,1,1,1,1,1,1,1,1,1,1,1	0.0,0.0,0.0,0.0,0.0,0.0,0.0,0.0,0.0,0.0,0.0,0.0,0.0,0.0,0.0,0.0,0.0,0.0,0.0,0.0,0.0,0.0,0.0,0.0,0.0,0.0,0.0,0.0,0.0,0.0,0.0,0.0,0.0	0,0,0,0,0,0,0,0,0,0,0,0,0,0,0,0,0,0,0,0,0,0,0,0,0,0,0,0,0,0,0,0,0	2,2,2,2,2,2,2,2,2,2,2,1,1,1,1,1,1,1,1,1,1,1,1,1,1,1,1,1,1,1,1,1,1	1/12,1/13,2/14,2/15,3/16,3/17,4/18,4/19,5/20,5/21,6/22,6/23,7/24,7/25,8/26,8/27,9/28,9/29,10/30,10/31,11/32,11/33	12/1/13,14/2/15,16/3/17,18/4/19,20/5/21,22/6/23,24/7/25,26/8/27,28/9/29,30/10/31,32/11/33	-	-	1,2,3,4,5,6,7,8,9,10,11,1,1,2,2,3,3,4,4,5,5,6,6,7,7,8,8,9,9,10,10,11,11
maceoff_water_770	6,6,6,6,6,6,6,6,6,6,6,1,1,1,1,1,1,1,1,1,1,1,1,1,1,1,1,1,1,1,1,1,1	0.0,0.0,0.0,0.0,0.0,0.0,0.0,0.0,0.0,0.0,0.0,0.0,0.0,0.0,0.0,0.0,0.0,0.0,0.0,0.0,0.0,0.0,0.0,0.0,0.0,0.0,0.0,0.0,0.0,0.0,0.0,0.0,0.0	0,0,0,0,0,0,0,0,0,0,0,0,0,0,0,0,0,0,0,0,0,0,0,0,0,0,0,0,0,0,0,0,0	2,2,2,2,2,2,2,2,2,2,2,1,1,1,1,1,1,1,1,1,1,1,1,1,1,1,1,1,1,1,1,1,1	1/12,1/13,2/14,2/15,3/16,3/17,4/18,4/19,5/20,5/21,6/22,6/23,7/24,7/25,8/26,8/27,9/28,9/29,10/30,10/31,11/32,11/33	12/1/13,14/2/15,16/3/17,18/4/19,20/5/21,22/6/23,24/7/25,26/8/27,28/9/29,30/10/31,32/11/33	-	-	1,2,3,4,5,6,7,8,9,10,11,1,1,2,2,3,3,4,4,5,5,6,6,7,7,8,8,9,9,10,10,11,11
maceoff_water_771	6,6,6,6,6,6,6,6,6,6,1,1,1,1,1,1,1,1,1,1,1,1,1,1,1,1,1,1,1,1	0.0,0.0,0.0,0.0,0.0,0.0,0.0,0.0,0.0,0.0,0.0,0.0,0.0,0.0,0.0,0.0,0.0,0.0,0.0,0.0,0.0,0.0,0.0,0.0,0.0,0.0,0.0,0.0,0.0,0.0	0,0,0,0,0,0,0,0,0,0,0,0,0,0,0,0,0,0,0,0,0,0,0,0,0,0,0,0,0,0	2,2,2,2,2,2,2,2,2,2,1,1,1,1,1,1,1,1,1,1,1,1,1,1,1,1,1,1,1,1	1/11,1/12,2/13,2/14,3/15,3/16,4/17,4/18,5/19,5/20,6/21,6/22,7/23,7/24,8/25,8/26,9/27,9/28,10/29,10/30	11/1/12,13/2/14,15/3/16,17/4/18,19/5/20,21/6/22,23/7/24,25/8/26,27/9/28,29/10/30	-	-	1,2,3,4,5,6,7,8,9,10,1,1,2,2,3,3,4,4,5,5,6,6,7,7,8,8,9,9,10,10
maceoff_water_772	6,6,6,6,6,1,1,1,1,1,1,1,1,1,1	0.0,0.0,0.0,0.0,0.0,0.0,0.0,0.0,0.0,0.0,0.0,0.0,0.0,0.0,0.0	0,0,0,0,0,0,0,0,0,0,0,0,0,0,0	2,2,2,2,2,1,1,1,1,1,1,1,1,1,1	1/6,1/7,2/8,2/9,3/10,3/11,4/12,4/13,5/14,5/15	6/1/7,8/2/9,10/3/11,12/4/13,14/5/15	-	-	1,2,3,4,5,1,1,2,2,3,3,4,4,5,5
maceoff_water_773	6,6,6,6,1,1,1,1,1,1,1,1	0.0,0.0,0.0,0.0,0.0,0.0,0.0,0.0,0.0,0.0,0.0,0.0	0,0,0,0,0,0,0,0,0,0,0,0	2,2,2,2,1,1,1,1,1,1,1,1	1/5,1/6,2/7,2/8,3/9,3/10,4/11,4/12	5/1/6,7/2/8,9/3/10,11/4/12	-	-	1,2,3,4,1,1,2,2,3,3,4,4
maceoff_water_774	6,6,6,6,6,1,1,1,1,1,1,1,1,1,1	0.0,0.0,0.0,0.0,0.0,0.0,0.0,0.0,0.0,0.0,0.0,0.0,0.0,0.0,0.0	0,0,0,0,0,0,0,0,0,0,0,0,0,0,0	2,2,2,2,2,1,1,1,1,1,1,1,1,1,1	1/6,1/7,2/8,2/9,3/10,3/11,4/12,4/13,5/14,5/15	6/1/7,8/2/9,10/3/11,12/4/13,14/5/15	-	-	1,2,3,4,5,1,1,2,2,3,3,4,4,5,5
maceoff_water_775	6,6,1,1,1,1	0.0,0.0,0.0,0.0,0.0,0.0	0,0,0,0,0,0	2,2,1,1,1,1	1/3,1/4,2/5,2/6	3/1/4,5/2/6	-	-	1,2,1,1,2,2
maceoff_water_776	6,1,1	0.0,0.0,0.0	0,0,0	2,1,1	1/2,1/3	2/1/3	-	-	1,1,1
maceoff_water_777	6,6,6,6,6,6,6,1,1,1,1,1,1,1,1,1,1,1,1,1,1	0.0,0.0,0.0,0.0,0.0,0.0,0.0,0.0,0.0,0.0,0.0,0.0,0.0,0.0,0.0,0.0,0.0,0.0,0.0,0.0,0.0	0,0,0,0,0,0,0,0,0,0,0,0,0,0,0,0,0,0,0,0,0	2,2,2,2,2,2,2,1,1,1,1,1,1,1,1,1,1,1,1,1,1	1/8,1/9,2/10,2/11,3/12,3/13,4/14,4/15,5/16,5/17,6/18,6/19,7/20,7/21	8/1/9,10/2/11,12/3/13,14/4/15,16/5/17,18/6/19,20/7/21	-	-	1,2,3,4,5,6,7,1,1,2,2,3,3,4,4,5,5,6,6,7,7
maceoff_water_778	6,1,1	0.0,0.0,0.0	0,0,0	2,1,1	1/2,1/3	2/1/3	-	-	1,1,1
maceoff_water_779	6,6,6,6,6,6,6,6,6,6,1,1,1,1,1,1,1,1,1,1,1,1,1,1,1,1,1,1,1,1	0.0,0.0,0.0,0.0,0.0,0.0,0.0,0.0,0.0,0.0,0.0,0.0,0.0,0.0,0.0,0.0,0.0,0.0,0.0,0.0,0.0,0.0,0.0,0.0,0.0,0.0,0.0,0.0,0.0,0.0	0,0,0,0,0,0,0,0,0,0,0,0,0,0,0,0,0,0,0,0,0,0,0,0,0,0,0,0,0,0	2,2,2,2,2,2,2,2,2,2,1,1,1,1,1,1,1,1,1,1,1,1,1,1,1,1,1,1,1,1	1/11,1/12,2/13,2/14,3/15,3/16,4/17,4/18,5/19,5/20,6/21,6/22,7/23,7/24,8/25,8/26,9/27,9/28,10/29,10/30	11/1/12,13/2/14,15/3/16,17/4/18,19/5/20,21/6/22,23/7/24,25/8/26,27/9/28,29/10/30	-	-	1,2,3,4,5,6,7,8,9,10,1,1,2,2,3,3,4,4,5,5,6,6,7,7,8,8,9,9,10,10
maceoff_water_780	6,6,6,1,1,1,1,1,1	0.0,0.0,0.0,0.0,0.0,0.0,0.0,0.0,0.0	0,0,0,0,0,0,0,0,0	2,2,2,1,1,1,1,1,1	1/4,1/5,2/6,2/7,3/8,3/9	4/1/5,6/2/7,8/3/9	-	-	1,2,3,1,1,2,2,3,3
maceoff_water_781	6,6,6,6,6,6,6,6,6,6,1,1,1,1,1,1,1,1,1,1,1,1,1,1,1,1,1,1,1,1	0.0,0.0,0.0,0.0,0.0,0.0,0.0,0.0,0.0,0.0,0.0,0.0,0.0,0.0,0.0,0.0,0.0,0.0,0.0,0.0,0.0,0.0,0.0,0.0,0.0,0.0,0.0,0.0,0.0,0.0	0,0,0,0,0,0,0,0,0,0,0,0,0,0,0,0,0,0,0,0,0,0,0,0,0,0,0,0,0,0	2,2,2,2,2,2,2,2,2,2,1,1,1,1,1,1,1,1,1,1,1,1,1,1,1,1,1,1,1,1	1/11,1/12,2/13,2/14,3/15,3/16,4/17,4/18,5/19,5/20,6/21,6/22,7/23,7/24,8/25,8/26,9/27,9/28,10/29,10/30	11/1/12,13/2/14,15/3/16,17/4/18,19/5/20,21/6/22,23/7/24,25/8/26,27/9/28,29/10/30	-	-	1,2,3,4,5,6,7,8,9,10,1,1,2,2,3,3,4,4,5,5,6,6,7,7,8,8,9,9,10,10
maceoff_water_782	6,6,6,6,6,6,6,6,6,6,6,1,1,1,1,1,1,1,1,1,1,1,1,1,1,1,1,1,1,1,1,1,1	0.0,0.0,0.0,0.0,0.0,0.0,0.0,0.0,0.0,0.0,0.0,0.0,0.0,0.0,0.0,0.0,0.0,0.0,0.0,0.0,0.0,0.0,0.0,0.0,0.0,0.0,0.0,0.0,0.0,0.0,0.0,0.0,0.0	0,0,0,0,0,0,0,0,0,0,0,0,0,0,0,0,0,0,0,0,0,0,0,0,0,0,0,0,0,0,0,0,0	2,2,2,2,2,2,2,2,2,2,2,1,1,1,1,1,1,1,1,1,1,1,1,1,1,1,1,1,1,1,1,1,1	1/12,1/13,2/14,2/15,3/16,3/17,4/18,4/19,5/20,5/21,6/22,6/23,7/24,7/25,8/26,8/27,9/28,9/29,10/30,10/31,11/32,11/33	12/1/13,14/2/15,16/3/17,18/4/19,20/5/21,22/6/23,24/7/25,26/8/27,28/9/29,30/10/31,32/11/33	-	-	1,2,3,4,5,6,7,8,9,10,11,1,1,2,2,3,3,4,4,5,5,6,6,7,7,8,8,9,9,10,10,11,11
maceoff_water_783	6,6,6,6,6,6,6,6,6,6,6,1,1,1,1,1,1,1,1,1,1,1,1,1,1,1,1,1,1,1,1,1,1	0.0,0.0,0.0,0.0,0.0,0.0,0.0,0.0,0.0,0.0,0.0,0.0,0.0,0.0,0.0,0.0,0.0,0.0,0.0,0.0,0.0,0.0,0.0,0.0,0.0,0.0,0.0,0.0,0.0,0.0,0.0,0.0,0.0	0,0,0,0,0,0,0,0,0,0,0,0,0,0,0,0,0,0,0,0,0,0,0,0,0,0,0,0,0,0,0,0,0	2,2,2,2,2,2,2,2,2,2,2,1,1,1,1,1,1,1,1,1,1,1,1,1,1,1,1,1,1,1,1,1,1	1/12,1/13,2/14,2/15,3/16,3/17,4/18,4/19,5/20,5/21,6/22,6/23,7/24,7/25,8/26,8/27,9/28,9/29,10/30,10/31,11/32,11/33	12/1/13,14/2/15,16/3/17,18/4/19,20/5/21,22/6/23,24/7/25,26/8/27,28/9/29,30/10/31,32/11/33	-	-	1,2,3,4,5,6,7,8,9,10,11,1,1,2,2,3,3,4,4,5,5,6,6,7,7,8,8,9,9,10,10,11,11
maceoff_water_784	6,6,6,6,6,6,6,1,1,1,1,1,1,1,1,1,1,1,1,1,1	0.0,0.0,0.0,0.0,0.0,0.0,0.0,0.0,0.0,0.0,0.0,0.0,0.0,0.0,0.0,0.0,0.0,0.0,0.0,0.0,0.0	0,0,0,0,0,0,0,0,0,0,0,0,0,0,0,0,0,0,0,0,0	2,2,2,2,2,2,2,1,1,1,1,1,1,1,1,1,1,1,1,1,1	1/8,1/9,2/10,2/11,3/12,3/13,4/14,4/15,5/16,5/17,6/18,6/19,7/20,7/21	8/1/9,10/2/11,12/3/13,14/4/15,16/5/17,18/6/19,20/7/21	-	-	1,2,3,4,5,6,7,1,1,2,2,3,3,4,4,5,5,6,6,7,7
maceoff_water_785	6,6,6,6,1,1,1,1,1,1,1,1	0.0,0.0,0.0,0.0,0.0,0.0,0.0,0.0,0.0,0.0,0.0,0.0	0,0,0,0,0,0,0,0,0,0,0,0	2,2,2,2,1,1,1,1,1,1,1,1	1/5,1/6,2/7,2/8,3/9,3/10,4/11,4/12	5/1/6,7/2/8,9/3/10,11/4/12	-	-	1,2,3,4,1,1,2,2,3,3,4,4
maceoff_water_786	6,6,6,6,6,6,6,6,6,6,6,6,6,6,6,6,6,6,6,6,6,6,6,6,6,1,1,1,1,1,1,1,1,1,1,1,1,1,1,1,1,1,1,1,1,1,1,1,1,1,1,1,1,1,1,1,1,1,1,1,1,1,1,1,1,1,1,1,1,1,1,1,1,1,1	0.0,0.0,0.0,0.0,0.0,0.0,0.0,0.0,0.0,0.0,0.0,0.0,0.0,0.0,0.0,0.0,0.0,0.0,0.0,0.0,0.0,0.0,0.0,0.0,0.0,0.0,0.0,0.0,0.0,0.0,0.0,0.0,0.0,0.0,0.0,0.0,0.0,0.0,0.0,0.0,0.0,0.0,0.0,0.0,0.0,0.0,0.0,0.0,0.0,0.0,0.0,0.0,0.0,0.0,0.0,0.0,0.0,0.0,0.0,0.0,0.0,0.0,0.0,0.0,0.0,0.0,0.0,0.0,0.0,0.0,0.0,0.0,0.0,0.0,0.0	0,0,0,0,0,0,0,0,0,0,0,0,0,0,0,0,0,0,0,0,0,0,0,0,0,0,0,0,0,0,0,0,0,0,0,0,0,0,0,0,0,0,0,0,0,0,0,0,0,0,0,0,0,0,0,0,0,0,0,0,0,0,0,0,0,0,0,0,0,0,0,0,0,0,0	2,2,2,2,2,2,2,2,2,2,2,2,2,2,2,2,2,2,2,2,2,2,2,2,2,1,1,1,1,1,1,1,1,1,1,1,1,1,1,1,1,1,1,1,1,1,1,1,1,1,1,1,1,1,1,1,1,1,1,1,1,1,1,1,1,1,1,1,1,1,1,1,1,1,1	1/26,1/27,2/28,2/29,3/30,3/31,4/32,4/33,5/34,5/35,6/36,6/37,7/38,7/39,8/40,8/41,9/42,9/43,10/44,10/45,11/46,11/47,12/48,12/49,13/50,13/51,14/52,14/53,15/54,15/55,16/56,16/57,17/58,17/59,18/60,18/61,19/62,19/63,20/64,20/65,21/66,21/67,22/68,22/69,23/70,23/71,24/72,24/73,25/74,25/75	26/1/27,28/2/29,30/3/31,32/4/33,34/5/35,36/6/37,38/7/39,40/8/41,42/9/43,44/10/45,46/11/47,48/12/49,50/13/51,52/14/53,54/15/55,56/16/57,58/17/59,60/18/61,62/19/63,64/20/65,66/21/67,68/22/69,70/23/71,72/24/73,74/25/75	-	-	1,2,3,4,5,6,7,8,9,10,11,12,13,14,15,16,17,18,19,20,21,22,23,24,25,1,1,2,2,3,3,4,4,5,5,6,6,7,7,8,8,9,9,10,10,11,11,12,12,13,13,14,14,15,15,16,16,17,17,18,18,19,19,20,20,21,21,22,22,23,23,24,24,25,25
maceoff_water_787	6,6,6,6,6,6,6,1,1,1,1,1,1,1,1,1,1,1,1,1,1	0.0,0.0,0.0,0.0,0.0,0.0,0.0,0.0,0.0,0.0,0.0,0.0,0.0,0.0,0.0,0.0,0.0,0.0,0.0,0.0,0.0	0,0,0,0,0,0,0,0,0,0,0,0,0,0,0,0,0,0,0,0,0	2,2,2,2,2,2,2,1,1,1,1,1,1,1,1,1,1,1,1,1,1	1/8,1/9,2/10,2/11,3/12,3/13,4/14,4/15,5/16,5/17,6/18,6/19,7/20,7/21	8/1/9,10/2/11,12/3/13,14/4/15,16/5/17,18/6/19,20/7/21	-	-	1,2,3,4,5,6,7,1,1,2,2,3,3,4,4,5,5,6,6,7,7
maceoff_water_788	6,1,1	0.0,0.0,0.0	0,0,0	2,1,1	1/2,1/3	2/1/3	-	-	1,1,1
maceoff_water_789	6,6,6,6,6,6,1,1,1,1,1,1,1,1,1,1,1,1	0.0,0.0,0.0,0.0,0.0,0.0,0.0,0.0,0.0,0.0,0.0,0.0,0.0,0.0,0.0,0.0,0.0,0.0	0,0,0,0,0,0,0,0,0,0,0,0,0,0,0,0,0,0	2,2,2,2,2,2,1,1,1,1,1,1,1,1,1,1,1,1	1/7,1/8,2/9,2/10,3/11,3/12,4/13,4/14,5/15,5/16,6/17,6/18	7/1/8,9/2/10,11/3/12,13/4/14,15/5/16,17/6/18	-	-	1,2,3,4,5,6,1,1,2,2,3,3,4,4,5,5,6,6
maceoff_water_790	6,6,6,6,6,6,1,1,1,1,1,1,1,1,1,1,1,1	0.0,0.0,0.0,0.0,0.0,0.0,0.0,0.0,0.0,0.0,0.0,0.0,0.0,0.0,0.0,0.0,0.0,0.0	0,0,0,0,0,0,0,0,0,0,0,0,0,0,0,0,0,0	2,2,2,2,2,2,1,1,1,1,1,1,1,1,1,1,1,1	1/7,1/8,2/9,2/10,3/11,3/12,4/13,4/14,5/15,5/16,6/17,6/18	7/1/8,9/2/10,11/3/12,13/4/14,15/5/16,17/6/18	-	-	1,2,3,4,5,6,1,1,2,2,3,3,4,4,5,5,6,6
maceoff_water_791	6,6,6,6,6,6,6,6,6,6,6,6,1,1,1,1,1,1,1,1,1,1,1,1,1,1,1,1,1,1,1,1,1,1,1,1	0.0,0.0,0.0,0.0,0.0,0.0,0.0,0.0,0.0,0.0,0.0,0.0,0.0,0.0,0.0,0.0,0.0,0.0,0.0,0.0,0.0,0.0,0.0,0.0,0.0,0.0,0.0,0.0,0.0,0.0,0.0,0.0,0.0,0.0,0.0,0.0	0,0,0,0,0,0,0,0,0,0,0,0,0,0,0,0,0,0,0,0,0,0,0,0,0,0,0,0,0,0,0,0,0,0,0,0	2,2,2,2,2,2,2,2,2,2,2,2,1,1,1,1,1,1,1,1,1,1,1,1,1,1,1,1,1,1,1,1,1,1,1,1	1/13,1/14,2/15,2/16,3/17,3/18,4/19,4/20,5/21,5/22,6/23,6/24,7/25,7/26,8/27,8/28,9/29,9/30,10/31,10/32,11/33,11/34,12/35,12/36	13/1/14,15/2/16,17/3/18,19/4/20,21/5/22,23/6/24,25/7/26,27/8/28,29/9/30,31/10/32,33/11/34,35/12/36	-	-	1,2,3,4,5,6,7,8,9,10,11,12,1,1,2,2,3,3,4,4,5,5,6,6,7,7,8,8,9,9,10,10,11,11,12,12
maceoff_water_792	6,6,6,6,6,6,6,6,6,6,1,1,1,1,1,1,1,1,1,1,1,1,1,1,1,1,1,1,1,1	0.0,0.0,0.0,0.0,0.0,0.0,0.0,0.0,0.0,0.0,0.0,0.0,0.0,0.0,0.0,0.0,0.0,0.0,0.0,0.0,0.0,0.0,0.0,0.0,0.0,0.0,0.0,0.0,0.0,0.0	0,0,0,0,0,0,0,0,0,0,0,0,0,0,0,0,0,0,0,0,0,0,0,0,0,0,0,0,0,0	2,2,2,2,2,2,2,2,2,2,1,1,1,1,1,1,1,1,1,1,1,1,1,1,1,1,1,1,1,1	1/11,1/12,2/13,2/14,3/15,3/16,4/17,4/18,5/19,5/20,6/21,6/22,7/23,7/24,8/25,8/26,9/27,9/28,10/29,10/30	11/1/12,13/2/14,15/3/16,17/4/18,19/5/20,21/6/22,23/7/24,25/8/26,27/9/28,29/10/30	-	-	1,2,3,4,5,6,7,8,9,10,1,1,2,2,3,3,4,4,5,5,6,6,7,7,8,8,9,9,10,10
maceoff_water_793	6,6,6,6,6,6,1,1,1,1,1,1,1,1,1,1,1,1	0.0,0.0,0.0,0.0,0.0,0.0,0.0,0.0,0.0,0.0,0.0,0.0,0.0,0.0,0.0,0.0,0.0,0.0	0,0,0,0,0,0,0,0,0,0,0,0,0,0,0,0,0,0	2,2,2,2,2,2,1,1,1,1,1,1,1,1,1,1,1,1	1/7,1/8,2/9,2/10,3/11,3/12,4/13,4/14,5/15,5/16,6/17,6/18	7/1/8,9/2/10,11/3/12,13/4/14,15/5/16,17/6/18	-	-	1,2,3,4,5,6,1,1,2,2,3,3,4,4,5,5,6,6
maceoff_water_794	6,6,6,6,6,6,6,6,1,1,1,1,1,1,1,1,1,1,1,1,1,1,1,1	0.0,0.0,0.0,0.0,0.0,0.0,0.0,0.0,0.0,0.0,0.0,0.0,0.0,0.0,0.0,0.0,0.0,0.0,0.0,0.0,0.0,0.0,0.0,0.0	0,0,0,0,0,0,0,0,0,0,0,0,0,0,0,0,0,0,0,0,0,0,0,0	2,2,2,2,2,2,2,2,1,1,1,1,1,1,1,1,1,1,1,1,1,1,1,1	1/9,1/10,2/11,2/12,3/13,3/14,4/15,4/16,5/17,5/18,6/19,6/20,7/21,7/22,8/23,8/24	9/1/10,11/2/12,13/3/14,15/4/16,17/5/18,19/6/20,21/7/22,23/8/24	-	-	1,2,3,4,5,6,7,8,1,1,2,2,3,3,4,4,5,5,6,6,7,7,8,8
maceoff_water_795	6,6,6,1,1,1,1,1,1	0.0,0.0,0.0,0.0,0.0,0.0,0.0,0.0,0.0	0,0,0,0,0,0,0,0,0	2,2,2,1,1,1,1,1,1	1/4,1/5,2/6,2/7,3/8,3/9	4/1/5,6/2/7,8/3/9	-	-	1,2,3,1,1,2,2,3,3
maceoff_water_796	6,6,6,1,1,1,1,1,1	0.0,0.0,0.0,0.0,0.0,0.0,0.0,0.0,0.0	0,0,0,0,0,0,0,0,0	2,2,2,1,1,1,1,1,1	1/4,1/5,2/6,2/7,3/8,3/9	4/1/5,6/2/7,8/3/9	-	-	1,2,3,1,1,2,2,3,3
maceoff_water_797	6,6,6,6,6,6,6,6,1,1,1,1,1,1,1,1,1,1,1,1,1,1,1,1	0.0,0.0,0.0,0.0,0.0,0.0,0.0,0.0,0.0,0.0,0.0,0.0,0.0,0.0,0.0,0.0,0.0,0.0,0.0,0.0,0.0,0.0,0.0,0.0	0,0,0,0,0,0,0,0,0,0,0,0,0,0,0,0,0,0,0,0,0,0,0,0	2,2,2,2,2,2,2,2,1,1,1,1,1,1,1,1,1,1,1,1,1,1,1,1	1/9,1/10,2/11,2/12,3/13,3/14,4/15,4/16,5/17,5/18,6/19,6/20,7/21,7/22,8/23,8/24	9/1/10,11/2/12,13/3/14,15/4/16,17/5/18,19/6/20,21/7/22,23/8/24	-	-	1,2,3,4,5,6,7,8,1,1,2,2,3,3,4,4,5,5,6,6,7,7,8,8
maceoff_water_798	6,6,6,6,1,1,1,1,1,1,1,1	0.0,0.0,0.0,0.0,0.0,0.0,0.0,0.0,0.0,0.0,0.0,0.0	0,0,0,0,0,0,0,0,0,0,0,0	2,2,2,2,1,1,1,1,1,1,1,1	1/5,1/6,2/7,2/8,3/9,3/10,4/11,4/12	5/1/6,7/2/8,9/3/10,11/4/12	-	-	1,2,3,4,1,1,2,2,3,3,4,4
maceoff_water_799	6,6,6,6,6,6,6,1,1,1,1,1,1,1,1,1,1,1,1,1,1	0.0,0.0,0.0,0.0,0.0,0.0,0.0,0.0,0.0,0.0,0.0,0.0,0.0,0.0,0.0,0.0,0.0,0.0,0.0,0.0,0.0	0,0,0,0,0,0,0,0,0,0,0,0,0,0,0,0,0,0,0,0,0	2,2,2,2,2,2,2,1,1,1,1,1,1,1,1,1,1,1,1,1,1	1/8,1/9,2/10,2/11,3/12,3/13,4/14,4/15,5/16,5/17,6/18,6/19,7/20,7/21	8/1/9,10/2/11,12/3/13,14/4/15,16/5/17,18/6/19,20/7/21	-	-	1,2,3,4,5,6,7,1,1,2,2,3,3,4,4,5,5,6,6,7,7
maceoff_water_800	6,6,6,6,6,6,6,6,6,6,6,1,1,1,1,1,1,1,1,1,1,1,1,1,1,1,1,1,1,1,1,1,1	0.0,0.0,0.0,0.0,0.0,0.0,0.0,0.0,0.0,0.0,0.0,0.0,0.0,0.0,0.0,0.0,0.0,0.0,0.0,0.0,0.0,0.0,0.0,0.0,0.0,0.0,0.0,0.0,0.0,0.0,0.0,0.0,0.0	0,0,0,0,0,0,0,0,0,0,0,0,0,0,0,0,0,0,0,0,0,0,0,0,0,0,0,0,0,0,0,0,0	2,2,2,2,2,2,2,2,2,2,2,1,1,1,1,1,1,1,1,1,1,1,1,1,1,1,1,1,1,1,1,1,1	1/12,1/13,2/14,2/15,3/16,3/17,4/18,4/19,5/20,5/21,6/22,6/23,7/24,7/25,8/26,8/27,9/28,9/29,10/30,10/31,11/32,11/33	12/1/13,14/2/15,16/3/17,18/4/19,20/5/21,22/6/23,24/7/25,26/8/27,28/9/29,30/10/31,32/11/33	-	-	1,2,3,4,5,6,7,8,9,10,11,1,1,2,2,3,3,4,4,5,5,6,6,7,7,8,8,9,9,10,10,11,11
maceoff_water_801	6,6,1,1,1,1	0.0,0.0,0.0,0.0,0.0,0.0	0,0,0,0,0,0	2,2,1,1,1,1	1/3,1/4,2/5,2/6	3/1/4,5/2/6	-	-	1,2,1,1,2,2
maceoff_water_802	6,6,6,6,6,6,1,1,1,1,1,1,1,1,1,1,1,1	0.0,0.0,0.0,0.0,0.0,0.0,0.0,0.0,0.0,0.0,0.0,0.0,0.0,0.0,0.0,0.0,0.0,0.0	0,0,0,0,0,0,0,0,0,0,0,0,0,0,0,0,0,0	2,2,2,2,2,2,1,1,1,1,1,1,1,1,1,1,1,1	1/7,1/8,2/9,2/10,3/11,3/12,4/13,4/14,5/15,5/16,6/17,6/18	7/1/8,9/2/10,11/3/12,13/4/14,15/5/16,17/6/18	-	-	1,2,3,4,5,6,1,1,2,2,3,3,4,4,5,5,6,6
maceoff_water_803	6,6,6,6,6,6,6,6,6,1,1,1,1,1,1,1,1,1,1,1,1,1,1,1,1,1,1	0.0,0.0,0.0,0.0,0.0,0.0,0.0,0.0,0.0,0.0,0.0,0.0,0.0,0.0,0.0,0.0,0.0,0.0,0.0,0.0,0.0,0.0,0.0,0.0,0.0,0.0,0.0	0,0,0,0,0,0,0,0,0,0,0,0,0,0,0,0,0,0,0,0,0,0,0,0,0,0,0	2,2,2,2,2,2,2,2,2,1,1,1,1,1,1,1,1,1,1,1,1,1,1,1,1,1,1	1/10,1/11,2/12,2/13,3/14,3/15,4/16,4/17,5/18,5/19,6/20,6/21,7/22,7/23,8/24,8/25,9/26,9/27	10/1/11,12/2/13,14/3/15,16/4/17,18/5/19,20/6/21,22/7/23,24/8/25,26/9/27	-	-	1,2,3,4,5,6,7,8,9,1,1,2,2,3,3,4,4,5,5,6,6,7,7,8,8,9,9
maceoff_water_804	6,6,6,6,6,6,6,6,6,6,6,1,1,1,1,1,1,1,1,1,1,1,1,1,1,1,1,1,1,1,1,1,1	0.0,0.0,0.0,0.0,0.0,0.0,0.0,0.0,0.0,0.0,0.0,0.0,0.0,0.0,0.0,0.0,0.0,0.0,0.0,0.0,0.0,0.0,0.0,0.0,0.0,0.0,0.0,0.0,0.0,0.0,0.0,0.0,0.0	0,0,0,0,0,0,0,0,0,0,0,0,0,0,0,0,0,0,0,0,0,0,0,0,0,0,0,0,0,0,0,0,0	2,2,2,2,2,2,2,2,2,2,2,1,1,1,1,1,1,1,1,1,1,1,1,1,1,1,1,1,1,1,1,1,1	1/12,1/13,2/14,2/15,3/16,3/17,4/18,4/19,5/20,5/21,6/22,6/23,7/24,7/25,8/26,8/27,9/28,9/29,10/30,10/31,11/32,11/33	12/1/13,14/2/15,16/3/17,18/4/19,20/5/21,22/6/23,24/7/25,26/8/27,28/9/29,30/10/31,32/11/33	-	-	1,2,3,4,5,6,7,8,9,10,11,1,1,2,2,3,3,4,4,5,5,6,6,7,7,8,8,9,9,10,10,11,11
maceoff_water_805	6,6,6,6,6,6,6,6,1,1,1,1,1,1,1,1,1,1,1,1,1,1,1,1	0.0,0.0,0.0,0.0,0.0,0.0,0.0,0.0,0.0,0.0,0.0,0.0,0.0,0.0,0.0,0.0,0.0,0.0,0.0,0.0,0.0,0.0,0.0,0.0	0,0,0,0,0,0,0,0,0,0,0,0,0,0,0,0,0,0,0,0,0,0,0,0	2,2,2,2,2,2,2,2,1,1,1,1,1,1,1,1,1,1,1,1,1,1,1,1	1/9,1/10,2/11,2/12,3/13,3/14,4/15,4/16,5/17,5/18,6/19,6/20,7/21,7/22,8/23,8/24	9/1/10,11/2/12,13/3/14,15/4/16,17/5/18,19/6/20,21/7/22,23/8/24	-	-	1,2,3,4,5,6,7,8,1,1,2,2,3,3,4,4,5,5,6,6,7,7,8,8
maceoff_water_806	6,6,1,1,1,1	0.0,0.0,0.0,0.0,0.0,0.0	0,0,0,0,0,0	2,2,1,1,1,1	1/3,1/4,2/5,2/6	3/1/4,5/2/6	-	-	1,2,1,1,2,2
maceoff_water_807	6,6,6,6,6,6,6,6,6,1,1,1,1,1,1,1,1,1,1,1,1,1,1,1,1,1,1	0.0,0.0,0.0,0.0,0.0,0.0,0.0,0.0,0.0,0.0,0.0,0.0,0.0,0.0,0.0,0.0,0.0,0.0,0.0,0.0,0.0,0.0,0.0,0.0,0.0,0.0,0.0	0,0,0,0,0,0,0,0,0,0,0,0,0,0,0,0,0,0,0,0,0,0,0,0,0,0,0	2,2,2,2,2,2,2,2,2,1,1,1,1,1,1,1,1,1,1,1,1,1,1,1,1,1,1	1/10,1/11,2/12,2/13,3/14,3/15,4/16,4/17,5/18,5/19,6/20,6/21,7/22,7/23,8/24,8/25,9/26,9/27	10/1/11,12/2/13,14/3/15,16/4/17,18/5/19,20/6/21,22/7/23,24/8/25,26/9/27	-	-	1,2,3,4,5,6,7,8,9,1,1,2,2,3,3,4,4,5,5,6,6,7,7,8,8,9,9
maceoff_water_808	6,6,6,6,6,6,1,1,1,1,1,1,1,1,1,1,1,1	0.0,0.0,0.0,0.0,0.0,0.0,0.0,0.0,0.0,0.0,0.0,0.0,0.0,0.0,0.0,0.0,0.0,0.0	0,0,0,0,0,0,0,0,0,0,0,0,0,0,0,0,0,0	2,2,2,2,2,2,1,1,1,1,1,1,1,1,1,1,1,1	1/7,1/8,2/9,2/10,3/11,3/12,4/13,4/14,5/15,5/16,6/17,6/18	7/1/8,9/2/10,11/3/12,13/4/14,15/5/16,17/6/18	-	-	1,2,3,4,5,6,1,1,2,2,3,3,4,4,5,5,6,6
maceoff_water_809	6,6,1,1,1,1	0.0,0.0,0.0,0.0,0.0,0.0	0,0,0,0,0,0	2,2,1,1,1,1	1/3,1/4,2/5,2/6	3/1/4,5/2/6	-	-	1,2,1,1,2,2
maceoff_water_810	6,6,6,6,6,6,6,1,1,1,1,1,1,1,1,1,1,1,1,1,1	0.0,0.0,0.0,0.0,0.0,0.0,0.0,0.0,0.0,0.0,0.0,0.0,0.0,0.0,0.0,0.0,0.0,0.0,0.0,0.0,0.0	0,0,0,0,0,0,0,0,0,0,0,0,0,0,0,0,0,0,0,0,0	2,2,2,2,2,2,2,1,1,1,1,1,1,1,1,1,1,1,1,1,1	1/8,1/9,2/10,2/11,3/12,3/13,4/14,4/15,5/16,5/17,6/18,6/19,7/20,7/21	8/1/9,10/2/11,12/3/13,14/4/15,16/5/17,18/6/19,20/7/21	-	-	1,2,3,4,5,6,7,1,1,2,2,3,3,4,4,5,5,6,6,7,7
maceoff_water_811	6,6,6,1,1,1,1,1,1	0.0,0.0,0.0,0.0,0.0,0.0,0.0,0.0,0.0	0,0,0,0,0,0,0,0,0	2,2,2,1,1,1,1,1,1	1/4,1/5,2/6,2/7,3/8,3/9	4/1/5,6/2/7,8/3/9	-	-	1,2,3,1,1,2,2,3,3
maceoff_water_812	6,6,6,6,6,6,6,6,6,6,6,6,1,1,1,1,1,1,1,1,1,1,1,1,1,1,1,1,1,1,1,1,1,1,1,1	0.0,0.0,0.0,0.0,0.0,0.0,0.0,0.0,0.0,0.0,0.0,0.0,0.0,0.0,0.0,0.0,0.0,0.0,0.0,0.0,0.0,0.0,0.0,0.0,0.0,0.0,0.0,0.0,0.0,0.0,0.0,0.0,0.0,0.0,0.0,0.0	0,0,0,0,0,0,0,0,0,0,0,0,0,0,0,0,0,0,0,0,0,0,0,0,0,0,0,0,0,0,0,0,0,0,0,0	2,2,2,2,2,2,2,2,2,2,2,2,1,1,1,1,1,1,1,1,1,1,1,1,1,1,1,1,1,1,1,1,1,1,1,1	1/13,1/14,2/15,2/16,3/17,3/18,4/19,4/20,5/21,5/22,6/23,6/24,7/25,7/26,8/27,8/28,9/29,9/30,10/31,10/32,11/33,11/34,12/35,12/36	13/1/14,15/2/16,17/3/18,19/4/20,21/5/22,23/6/24,25/7/26,27/8/28,29/9/30,31/10/32,33/11/34,35/12/36	-	-	1,2,3,4,5,6,7,8,9,10,11,12,1,1,2,2,3,3,4,4,5,5,6,6,7,7,8,8,9,9,10,10,11,11,12,12
maceoff_water_813	6,6,6,6,1,1,1,1,1,1,1,1	0.0,0.0,0.0,0.0,0.0,0.0,0.0,0.0,0.0,0.0,0.0,0.0	0,0,0,0,0,0,0,0,0,0,0,0	2,2,2,2,1,1,1,1,1,1,1,1	1/5,1/6,2/7,2/8,3/9,3/10,4/11,4/12	5/1/6,7/2/8,9/3/10,11/4/12	-	-	1,2,3,4,1,1,2,2,3,3,4,4
maceoff_water_814	6,6,6,6,6,1,1,1,1,1,1,1,1,1,1	0.0,0.0,0.0,0.0,0.0,0.0,0.0,0.0,0.0,0.0,0.0,0.0,0.0,0.0,0.0	0,0,0,0,0,0,0,0,0,0,0,0,0,0,0	2,2,2,2,2,1,1,1,1,1,1,1,1,1,1	1/6,1/7,2/8,2/9,3/10,3/11,4/12,4/13,5/14,5/15	6/1/7,8/2/9,10/3/11,12/4/13,14/5/15	-	-	1,2,3,4,5,1,1,2,2,3,3,4,4,5,5
maceoff_water_815	6,1,1	0.0,0.0,0.0	0,0,0	2,1,1	1/2,1/3	2/1/3	-	-	1,1,1
maceoff_water_816	6,6,6,6,6,6,6,6,6,1,1,1,1,1,1,1,1,1,1,1,1,1,1,1,1,1,1	0.0,0.0,0.0,0.0,0.0,0.0,0.0,0.0,0.0,0.0,0.0,0.0,0.0,0.0,0.0,0.0,0.0,0.0,0.0,0.0,0.0,0.0,0.0,0.0,0.0,0.0,0.0	0,0,0,0,0,0,0,0,0,0,0,0,0,0,0,0,0,0,0,0,0,0,0,0,0,0,0	2,2,2,2,2,2,2,2,2,1,1,1,1,1,1,1,1,1,1,1,1,1,1,1,1,1,1	1/10,1/11,2/12,2/13,3/14,3/15,4/16,4/17,5/18,5/19,6/20,6/21,7/22,7/23,8/24,8/25,9/26,9/27	10/1/11,12/2/13,14/3/15,16/4/17,18/5/19,20/6/21,22/7/23,24/8/25,26/9/27	-	-	1,2,3,4,5,6,7,8,9,1,1,2,2,3,3,4,4,5,5,6,6,7,7,8,8,9,9
maceoff_water_817	6,6,1,1,1,1	0.0,0.0,0.0,0.0,0.0,0.0	0,0,0,0,0,0	2,2,1,1,1,1	1/3,1/4,2/5,2/6	3/1/4,5/2/6	-	-	1,2,1,1,2,2
maceoff_water_818	6,6,6,6,1,1,1,1,1,1,1,1	0.0,0.0,0.0,0.0,0.0,0.0,0.0,0.0,0.0,0.0,0.0,0.0	0,0,0,0,0,0,0,0,0,0,0,0	2,2,2,2,1,1,1,1,1,1,1,1	1/5,1/6,2/7,2/8,3/9,3/10,4/11,4/12	5/1/6,7/2/8,9/3/10,11/4/12	-	-	1,2,3,4,1,1,2,2,3,3,4,4
maceoff_water_819	6,6,1,1,1,1	0.0,0.0,0.0,0.0,0.0,0.0	0,0,0,0,0,0	2,2,1,1,1,1	1/3,1/4,2/5,2/6	3/1/4,5/2/6	-	-	1,2,1,1,2,2
maceoff_water_820	6,6,6,6,1,1,1,1,1,1,1,1	0.0,0.0,0.0,0.0,0.0,0.0,0.0,0.0,0.0,0.0,0.0,0.0	0,0,0,0,0,0,0,0,0,0,0,0	2,2,2,2,1,1,1,1,1,1,1,1	1/5,1/6,2/7,2/8,3/9,3/10,4/11,4/12	5/1/6,7/2/8,9/3/10,11/4/12	-	-	1,2,3,4,1,1,2,2,3,3,4,4
maceoff_water_821	6,6,6,1,1,1,1,1,1	0.0,0.0,0.0,0.0,0.0,0.0,0.0,0.0,0.0	0,0,0,0,0,0,0,0,0	2,2,2,1,1,1,1,1,1	1/4,1/5,2/6,2/7,3/8,3/9	4/1/5,6/2/7,8/3/9	-	-	1,2,3,1,1,2,2,3,3
maceoff_water_822	6,1,1	0.0,0.0,0.0	0,0,0	2,1,1	1/2,1/3	2/1/3	-	-	1,1,1
maceoff_water_823	6,6,6,1,1,1,1,1,1	0.0,0.0,0.0,0.0,0.0,0.0,0.0,0.0,0.0	0,0,0,0,0,0,0,0,0	2,2,2,1,1,1,1,1,1	1/4,1/5,2/6,2/7,3/8,3/9	4/1/5,6/2/7,8/3/9	-	-	1,2,3,1,1,2,2,3,3
maceoff_water_824	6,6,6,6,6,6,6,1,1,1,1,1,1,1,1,1,1,1,1,1,1	0.0,0.0,0.0,0.0,0.0,0.0,0.0,0.0,0.0,0.0,0.0,0.0,0.0,0.0,0.0,0.0,0.0,0.0,0.0,0.0,0.0	0,0,0,0,0,0,0,0,0,0,0,0,0,0,0,0,0,0,0,0,0	2,2,2,2,2,2,2,1,1,1,1,1,1,1,1,1,1,1,1,1,1	1/8,1/9,2/10,2/11,3/12,3/13,4/14,4/15,5/16,5/17,6/18,6/19,7/20,7/21	8/1/9,10/2/11,12/3/13,14/4/15,16/5/17,18/6/19,20/7/21	-	-	1,2,3,4,5,6,7,1,1,2,2,3,3,4,4,5,5,6,6,7,7
maceoff_water_825	6,6,6,6,6,6,6,6,6,6,6,6,1,1,1,1,1,1,1,1,1,1,1,1,1,1,1,1,1,1,1,1,1,1,1,1	0.0,0.0,0.0,0.0,0.0,0.0,0.0,0.0,0.0,0.0,0.0,0.0,0.0,0.0,0.0,0.0,0.0,0.0,0.0,0.0,0.0,0.0,0.0,0.0,0.0,0.0,0.0,0.0,0.0,0.0,0.0,0.0,0.0,0.0,0.0,0.0	0,0,0,0,0,0,0,0,0,0,0,0,0,0,0,0,0,0,0,0,0,0,0,0,0,0,0,0,0,0,0,0,0,0,0,0	2,2,2,2,2,2,2,2,2,2,2,2,1,1,1,1,1,1,1,1,1,1,1,1,1,1,1,1,1,1,1,1,1,1,1,1	1/13,1/14,2/15,2/16,3/17,3/18,4/19,4/20,5/21,5/22,6/23,6/24,7/25,7/26,8/27,8/28,9/29,9/30,10/31,10/32,11/33,11/34,12/35,12/36	13/1/14,15/2/16,17/3/18,19/4/20,21/5/22,23/6/24,25/7/26,27/8/28,29/9/30,31/10/32,33/11/34,35/12/36	-	-	1,2,3,4,5,6,7,8,9,10,11,12,1,1,2,2,3,3,4,4,5,5,6,6,7,7,8,8,9,9,10,10,11,11,12,12
maceoff_water_826	6,6,6,6,6,6,1,1,1,1,1,1,1,1,1,1,1,1	0.0,0.0,0.0,0.0,0.0,0.0,0.0,0.0,0.0,0.0,0.0,0.0,0.0,0.0,0.0,0.0,0.0,0.0	0,0,0,0,0,0,0,0,0,0,0,0,0,0,0,0,0,0	2,2,2,2,2,2,1,1,1,1,1,1,1,1,1,1,1,1	1/7,1/8,2/9,2/10,3/11,3/12,4/13,4/14,5/15,5/16,6/17,6/18	7/1/8,9/2/10,11/3/12,13/4/14,15/5/16,17/6/18	-	-	1,2,3,4,5,6,1,1,2,2,3,3,4,4,5,5,6,6
maceoff_water_827	6,6,6,6,6,6,6,6,6,1,1,1,1,1,1,1,1,1,1,1,1,1,1,1,1,1,1	0.0,0.0,0.0,0.0,0.0,0.0,0.0,0.0,0.0,0.0,0.0,0.0,0.0,0.0,0.0,0.0,0.0,0.0,0.0,0.0,0.0,0.0,0.0,0.0,0.0,0.0,0.0	0,0,0,0,0,0,0,0,0,0,0,0,0,0,0,0,0,0,0,0,0,0,0,0,0,0,0	2,2,2,2,2,2,2,2,2,1,1,1,1,1,1,1,1,1,1,1,1,1,1,1,1,1,1	1/10,1/11,2/12,2/13,3/14,3/15,4/16,4/17,5/18,5/19,6/20,6/21,7/22,7/23,8/24,8/25,9/26,9/27	10/1/11,12/2/13,14/3/15,16/4/17,18/5/19,20/6/21,22/7/23,24/8/25,26/9/27	-	-	1,2,3,4,5,6,7,8,9,1,1,2,2,3,3,4,4,5,5,6,6,7,7,8,8,9,9
maceoff_water_828	6,6,1,1,1,1	0.0,0.0,0.0,0.0,0.0,0.0	0,0,0,0,0,0	2,2,1,1,1,1	1/3,1/4,2/5,2/6	3/1/4,5/2/6	-	-	1,2,1,1,2,2
maceoff_water_829	6,6,6,6,6,6,1,1,1,1,1,1,1,1,1,1,1,1	0.0,0.0,0.0,0.0,0.0,0.0,0.0,0.0,0.0,0.0,0.0,0.0,0.0,0.0,0.0,0.0,0.0,0.0	0,0,0,0,0,0,0,0,0,0,0,0,0,0,0,0,0,0	2,2,2,2,2,2,1,1,1,1,1,1,1,1,1,1,1,1	1/7,1/8,2/9,2/10,3/11,3/12,4/13,4/14,5/15,5/16,6/17,6/18	7/1/8,9/2/10,11/3/12,13/4/14,15/5/16,17/6/18	-	-	1,2,3,4,5,6,1,1,2,2,3,3,4,4,5,5,6,6
maceoff_water_830	6,6,6,6,6,6,6,6,6,1,1,1,1,1,1,1,1,1,1,1,1,1,1,1,1,1,1	0.0,0.0,0.0,0.0,0.0,0.0,0.0,0.0,0.0,0.0,0.0,0.0,0.0,0.0,0.0,0.0,0.0,0.0,0.0,0.0,0.0,0.0,0.0,0.0,0.0,0.0,0.0	0,0,0,0,0,0,0,0,0,0,0,0,0,0,0,0,0,0,0,0,0,0,0,0,0,0,0	2,2,2,2,2,2,2,2,2,1,1,1,1,1,1,1,1,1,1,1,1,1,1,1,1,1,1	1/10,1/11,2/12,2/13,3/14,3/15,4/16,4/17,5/18,5/19,6/20,6/21,7/22,7/23,8/24,8/25,9/26,9/27	10/1/11,12/2/13,14/3/15,16/4/17,18/5/19,20/6/21,22/7/23,24/8/25,26/9/27	-	-	1,2,3,4,5,6,7,8,9,1,1,2,2,3,3,4,4,5,5,6,6,7,7,8,8,9,9
maceoff_water_831	6,6,6,6,6,6,6,6,6,6,6,1,1,1,1,1,1,1,1,1,1,1,1,1,1,1,1,1,1,1,1,1,1	0.0,0.0,0.0,0.0,0.0,0.0,0.0,0.0,0.0,0.0,0.0,0.0,0.0,0.0,0.0,0.0,0.0,0.0,0.0,0.0,0.0,0.0,0.0,0.0,0.0,0.0,0.0,0.0,0.0,0.0,0.0,0.0,0.0	0,0,0,0,0,0,0,0,0,0,0,0,0,0,0,0,0,0,0,0,0,0,0,0,0,0,0,0,0,0,0,0,0	2,2,2,2,2,2,2,2,2,2,2,1,1,1,1,1,1,1,1,1,1,1,1,1,1,1,1,1,1,1,1,1,1	1/12,1/13,2/14,2/15,3/16,3/17,4/18,4/19,5/20,5/21,6/22,6/23,7/24,7/25,8/26,8/27,9/28,9/29,10/30,10/31,11/32,11/33	12/1/13,14/2/15,16/3/17,18/4/19,20/5/21,22/6/23,24/7/25,26/8/27,28/9/29,30/10/31,32/11/33	-	-	1,2,3,4,5,6,7,8,9,10,11,1,1,2,2,3,3,4,4,5,5,6,6,7,7,8,8,9,9,10,10,11,11
maceoff_water_832	6,6,1,1,1,1	0.0,0.0,0.0,0.0,0.0,0.0	0,0,0,0,0,0	2,2,1,1,1,1	1/3,1/4,2/5,2/6	3/1/4,5/2/6	-	-	1,2,1,1,2,2
maceoff_water_833	6,6,6,6,6,6,6,6,6,6,6,1,1,1,1,1,1,1,1,1,1,1,1,1,1,1,1,1,1,1,1,1,1	0.0,0.0,0.0,0.0,0.0,0.0,0.0,0.0,0.0,0.0,0.0,0.0,0.0,0.0,0.0,0.0,0.0,0.0,0.0,0.0,0.0,0.0,0.0,0.0,0.0,0.0,0.0,0.0,0.0,0.0,0.0,0.0,0.0	0,0,0,0,0,0,0,0,0,0,0,0,0,0,0,0,0,0,0,0,0,0,0,0,0,0,0,0,0,0,0,0,0	2,2,2,2,2,2,2,2,2,2,2,1,1,1,1,1,1,1,1,1,1,1,1,1,1,1,1,1,1,1,1,1,1	1/12,1/13,2/14,2/15,3/16,3/17,4/18,4/19,5/20,5/21,6/22,6/23,7/24,7/25,8/26,8/27,9/28,9/29,10/30,10/31,11/32,11/33	12/1/13,14/2/15,16/3/17,18/4/19,20/5/21,22/6/23,24/7/25,26/8/27,28/9/29,30/10/31,32/11/33	-	-	1,2,3,4,5,6,7,8,9,10,11,1,1,2,2,3,3,4,4,5,5,6,6,7,7,8,8,9,9,10,10,11,11
maceoff_water_834	6,6,6,6,6,6,6,1,1,1,1,1,1,1,1,1,1,1,1,1,1	0.0,0.0,0.0,0.0,0.0,0.0,0.0,0.0,0.0,0.0,0.0,0.0,0.0,0.0,0.0,0.0,0.0,0.0,0.0,0.0,0.0	0,0,0,0,0,0,0,0,0,0,0,0,0,0,0,0,0,0,0,0,0	2,2,2,2,2,2,2,1,1,1,1,1,1,1,1,1,1,1,1,1,1	1/8,1/9,2/10,2/11,3/12,3/13,4/14,4/15,5/16,5/17,6/18,6/19,7/20,7/21	8/1/9,10/2/11,12/3/13,14/4/15,16/5/17,18/6/19,20/7/21	-	-	1,2,3,4,5,6,7,1,1,2,2,3,3,4,4,5,5,6,6,7,7
maceoff_water_835	6,6,6,6,6,6,6,6,6,6,6,1,1,1,1,1,1,1,1,1,1,1,1,1,1,1,1,1,1,1,1,1,1	0.0,0.0,0.0,0.0,0.0,0.0,0.0,0.0,0.0,0.0,0.0,0.0,0.0,0.0,0.0,0.0,0.0,0.0,0.0,0.0,0.0,0.0,0.0,0.0,0.0,0.0,0.0,0.0,0.0,0.0,0.0,0.0,0.0	0,0,0,0,0,0,0,0,0,0,0,0,0,0,0,0,0,0,0,0,0,0,0,0,0,0,0,0,0,0,0,0,0	2,2,2,2,2,2,2,2,2,2,2,1,1,1,1,1,1,1,1,1,1,1,1,1,1,1,1,1,1,1,1,1,1	1/12,1/13,2/14,2/15,3/16,3/17,4/18,4/19,5/20,5/21,6/22,6/23,7/24,7/25,8/26,8/27,9/28,9/29,10/30,10/31,11/32,11/33	12/1/13,14/2/15,16/3/17,18/4/19,20/5/21,22/6/23,24/7/25,26/8/27,28/9/29,30/10/31,32/11/33	-	-	1,2,3,4,5,6,7,8,9,10,11,1,1,2,2,3,3,4,4,5,5,6,6,7,7,8,8,9,9,10,10,11,11
maceoff_water_836	6,6,6,6,1,1,1,1,1,1,1,1	0.0,0.0,0.0,0.0,0.0,0.0,0.0,0.0,0.0,0.0,0.0,0.0	0,0,0,0,0,0,0,0,0,0,0,0	2,2,2,2,1,1,1,1,1,1,1,1	1/5,1/6,2/7,2/8,3/9,3/10,4/11,4/12	5/1/6,7/2/8,9/3/10,11/4/12	-	-	1,2,3,4,1,1,2,2,3,3,4,4
maceoff_water_837	6,6,6,1,1,1,1,1,1	0.0,0.0,0.0,0.0,0.0,0.0,0.0,0.0,0.0	0,0,0,0,0,0,0,0,0	2,2,2,1,1,1,1,1,1	1/4,1/5,2/6,2/7,3/8,3/9	4/1/5,6/2/7,8/3/9	-	-	1,2,3,1,1,2,2,3,3
maceoff_water_838	6,6,6,6,6,6,1,1,1,1,1,1,1,1,1,1,1,1	0.0,0.0,0.0,0.0,0.0,0.0,0.0,0.0,0.0,0.0,0.0,0.0,0.0,0.0,0.0,0.0,0.0,0.0	0,0,0,0,0,0,0,0,0,0,0,0,0,0,0,0,0,0	2,2,2,2,2,2,1,1,1,1,1,1,1,1,1,1,1,1	1/7,1/8,2/9,2/10,3/11,3/12,4/13,4/14,5/15,5/16,6/17,6/18	7/1/8,9/2/10,11/3/12,13/4/14,15/5/16,17/6/18	-	-	1,2,3,4,5,6,1,1,2,2,3,3,4,4,5,5,6,6
maceoff_water_839	6,6,1,1,1,1	0.0,0.0,0.0,0.0,0.0,0.0	0,0,0,0,0,0	2,2,1,1,1,1	1/3,1/4,2/5,2/6	3/1/4,5/2/6	-	-	1,2,1,1,2,2
maceoff_water_840	6,6,1,1,1,1	0.0,0.0,0.0,0.0,0.0,0.0	0,0,0,0,0,0	2,2,1,1,1,1	1/3,1/4,2/5,2/6	3/1/4,5/2/6	-	-	1,2,1,1,2,2
maceoff_water_841	6,6,6,6,6,6,6,6,6,6,6,6,6,6,6,6,6,6,6,6,6,6,6,6,6,6,6,6,6,6,6,6,6,6,6,6,6,6,6,6,6,6,6,6,6,6,6,6,6,6,1,1,1,1,1,1,1,1,1,1,1,1,1,1,1,1,1,1,1,1,1,1,1,1,1,1,1,1,1,1,1,1,1,1,1,1,1,1,1,1,1,1,1,1,1,1,1,1,1,1,1,1,1,1,1,1,1,1,1,1,1,1,1,1,1,1,1,1,1,1,1,1,1,1,1,1,1,1,1,1,1,1,1,1,1,1,1,1,1,1,1,1,1,1,1,1,1,1,1,1	0.0,0.0,0.0,0.0,0.0,0.0,0.0,0.0,0.0,0.0,0.0,0.0,0.0,0.0,0.0,0.0,0.0,0.0,0.0,0.0,0.0,0.0,0.0,0.0,0.0,0.0,0.0,0.0,0.0,0.0,0.0,0.0,0.0,0.0,0.0,0.0,0.0,0.0,0.0,0.0,0.0,0.0,0.0,0.0,0.0,0.0,0.0,0.0,0.0,0.0,0.0,0.0,0.0,0.0,0.0,0.0,0.0,0.0,0.0,0.0,0.0,0.0,0.0,0.0,0.0,0.0,0.0,0.0,0.0,0.0,0.0,0.0,0.0,0.0,0.0,0.0,0.0,0.0,0.0,0.0,0.0,0.0,0.0,0.0,0.0,0.0,0.0,0.0,0.0,0.0,0.0,0.0,0.0,0.0,0.0,0.0,0.0,0.0,0.0,0.0,0.0,0.0,0.0,0.0,0.0,0.0,0.0,0.0,0.0,0.0,0.0,0.0,0.0,0.0,0.0,0.0,0.0,0.0,0.0,0.0,0.0,0.0,0.0,0.0,0.0,0.0,0.0,0.0,0.0,0.0,0.0,0.0,0.0,0.0,0.0,0.0,0.0,0.0,0.0,0.0,0.0,0.0,0.0,0.0,0.0,0.0,0.0,0.0,0.0,0.0	0,0,0,0,0,0,0,0,0,0,0,0,0,0,0,0,0,0,0,0,0,0,0,0,0,0,0,0,0,0,0,0,0,0,0,0,0,0,0,0,0,0,0,0,0,0,0,0,0,0,0,0,0,0,0,0,0,0,0,0,0,0,0,0,0,0,0,0,0,0,0,0,0,0,0,0,0,0,0,0,0,0,0,0,0,0,0,0,0,0,0,0,0,0,0,0,0,0,0,0,0,0,0,0,0,0,0,0,0,0,0,0,0,0,0,0,0,0,0,0,0,0,0,0,0,0,0,0,0,0,0,0,0,0,0,0,0,0,0,0,0,0,0,0,0,0,0,0,0,0	2,2,2,2,2,2,2,2,2,2,2,2,2,2,2,2,2,2,2,2,2,2,2,2,2,2,2,2,2,2,2,2,2,2,2,2,2,2,2,2,2,2,2,2,2,2,2,2,2,2,1,1,1,1,1,1,1,1,1,1,1,1,1,1,1,1,1,1,1,1,1,1,1,1,1,1,1,1,1,1,1,1,1,1,1,1,1,1,1,1,1,1,1,1,1,1,1,1,1,1,1,1,1,1,1,1,1,1,1,1,1,1,1,1,1,1,1,1,1,1,1,1,1,1,1,1,1,1,1,1,1,1,1,1,1,1,1,1,1,1,1,1,1,1,1,1,1,1,1,1	1/51,1/52,2/53,2/54,3/55,3/56,4/57,4/58,5/59,5/60,6/61,6/62,7/63,7/64,8/65,8/66,9/67,9/68,10/69,10/70,11/71,11/72,12/73,12/74,13/75,13/76,14/77,14/78,15/79,15/80,16/81,16/82,17/83,17/84,18/85,18/86,19/87,19/88,20/89,20/90,21/91,21/92,22/93,22/94,23/95,23/96,24/97,24/98,25/99,25/100,26/101,26/102,27/103,27/104,28/105,28/106,29/107,29/108,30/109,30/110,31/111,31/112,32/113,32/114,33/115,33/116,34/117,34/118,35/119,35/120,36/121,36/122,37/123,37/124,38/125,38/126,39/127,39/128,40/129,40/130,41/131,41/132,42/133,42/134,43/135,43/136,44/137,44/138,45/139,45/140,46/141,46/142,47/143,47/144,48/145,48/146,49/147,49/148,50/149,50/150	51/1/52,53/2/54,55/3/56,57/4/58,59/5/60,61/6/62,63/7/64,65/8/66,67/9/68,69/10/70,71/11/72,73/12/74,75/13/76,77/14/78,79/15/80,81/16/82,83/17/84,85/18/86,87/19/88,89/20/90,91/21/92,93/22/94,95/23/96,97/24/98,99/25/100,101/26/102,103/27/104,105/28/106,107/29/108,109/30/110,111/31/112,113/32/114,115/33/116,117/34/118,119/35/120,121/36/122,123/37/124,125/38/126,127/39/128,129/40/130,131/41/132,133/42/134,135/43/136,137/44/138,139/45/140,141/46/142,143/47/144,145/48/146,147/49/148,149/50/150	-	-	1,2,3,4,5,6,7,8,9,10,11,12,13,14,15,16,17,18,19,20,21,22,23,24,25,26,27,28,29,30,31,32,33,34,35,36,37,38,39,40,41,42,43,44,45,46,47,48,49,50,1,1,2,2,3,3,4,4,5,5,6,6,7,7,8,8,9,9,10,10,11,11,12,12,13,13,14,14,15,15,16,16,17,17,18,18,19,19,20,20,21,21,22,22,23,23,24,24,25,25,26,26,27,27,28,28,29,29,30,30,31,31,32,32,33,33,34,34,35,35,36,36,37,37,38,38,39,39,40,40,41,41,42,42,43,43,44,44,45,45,46,46,47,47,48,48,49,49,50,50
maceoff_water_842	6,6,6,6,1,1,1,1,1,1,1,1	0.0,0.0,0.0,0.0,0.0,0.0,0.0,0.0,0.0,0.0,0.0,0.0	0,0,0,0,0,0,0,0,0,0,0,0	2,2,2,2,1,1,1,1,1,1,1,1	1/5,1/6,2/7,2/8,3/9,3/10,4/11,4/12	5/1/6,7/2/8,9/3/10,11/4/12	-	-	1,2,3,4,1,1,2,2,3,3,4,4
maceoff_water_843	6,6,6,6,6,6,6,6,6,6,6,6,1,1,1,1,1,1,1,1,1,1,1,1,1,1,1,1,1,1,1,1,1,1,1,1	0.0,0.0,0.0,0.0,0.0,0.0,0.0,0.0,0.0,0.0,0.0,0.0,0.0,0.0,0.0,0.0,0.0,0.0,0.0,0.0,0.0,0.0,0.0,0.0,0.0,0.0,0.0,0.0,0.0,0.0,0.0,0.0,0.0,0.0,0.0,0.0	0,0,0,0,0,0,0,0,0,0,0,0,0,0,0,0,0,0,0,0,0,0,0,0,0,0,0,0,0,0,0,0,0,0,0,0	2,2,2,2,2,2,2,2,2,2,2,2,1,1,1,1,1,1,1,1,1,1,1,1,1,1,1,1,1,1,1,1,1,1,1,1	1/13,1/14,2/15,2/16,3/17,3/18,4/19,4/20,5/21,5/22,6/23,6/24,7/25,7/26,8/27,8/28,9/29,9/30,10/31,10/32,11/33,11/34,12/35,12/36	13/1/14,15/2/16,17/3/18,19/4/20,21/5/22,23/6/24,25/7/26,27/8/28,29/9/30,31/10/32,33/11/34,35/12/36	-	-	1,2,3,4,5,6,7,8,9,10,11,12,1,1,2,2,3,3,4,4,5,5,6,6,7,7,8,8,9,9,10,10,11,11,12,12
maceoff_water_844	6,1,1	0.0,0.0,0.0	0,0,0	2,1,1	1/2,1/3	2/1/3	-	-	1,1,1
maceoff_water_845	6,6,6,6,6,1,1,1,1,1,1,1,1,1,1	0.0,0.0,0.0,0.0,0.0,0.0,0.0,0.0,0.0,0.0,0.0,0.0,0.0,0.0,0.0	0,0,0,0,0,0,0,0,0,0,0,0,0,0,0	2,2,2,2,2,1,1,1,1,1,1,1,1,1,1	1/6,1/7,2/8,2/9,3/10,3/11,4/12,4/13,5/14,5/15	6/1/7,8/2/9,10/3/11,12/4/13,14/5/15	-	-	1,2,3,4,5,1,1,2,2,3,3,4,4,5,5
maceoff_water_846	6,6,6,6,6,6,6,6,1,1,1,1,1,1,1,1,1,1,1,1,1,1,1,1	0.0,0.0,0.0,0.0,0.0,0.0,0.0,0.0,0.0,0.0,0.0,0.0,0.0,0.0,0.0,0.0,0.0,0.0,0.0,0.0,0.0,0.0,0.0,0.0	0,0,0,0,0,0,0,0,0,0,0,0,0,0,0,0,0,0,0,0,0,0,0,0	2,2,2,2,2,2,2,2,1,1,1,1,1,1,1,1,1,1,1,1,1,1,1,1	1/9,1/10,2/11,2/12,3/13,3/14,4/15,4/16,5/17,5/18,6/19,6/20,7/21,7/22,8/23,8/24	9/1/10,11/2/12,13/3/14,15/4/16,17/5/18,19/6/20,21/7/22,23/8/24	-	-	1,2,3,4,5,6,7,8,1,1,2,2,3,3,4,4,5,5,6,6,7,7,8,8
maceoff_water_847	6,1,1	0.0,0.0,0.0	0,0,0	2,1,1	1/2,1/3	2/1/3	-	-	1,1,1
maceoff_water_848	6,1,1	0.0,0.0,0.0	0,0,0	2,1,1	1/2,1/3	2/1/3	-	-	1,1,1
maceoff_water_849	6,6,6,6,6,6,6,1,1,1,1,1,1,1,1,1,1,1,1,1,1	0.0,0.0,0.0,0.0,0.0,0.0,0.0,0.0,0.0,0.0,0.0,0.0,0.0,0.0,0.0,0.0,0.0,0.0,0.0,0.0,0.0	0,0,0,0,0,0,0,0,0,0,0,0,0,0,0,0,0,0,0,0,0	2,2,2,2,2,2,2,1,1,1,1,1,1,1,1,1,1,1,1,1,1	1/8,1/9,2/10,2/11,3/12,3/13,4/14,4/15,5/16,5/17,6/18,6/19,7/20,7/21	8/1/9,10/2/11,12/3/13,14/4/15,16/5/17,18/6/19,20/7/21	-	-	1,2,3,4,5,6,7,1,1,2,2,3,3,4,4,5,5,6,6,7,7
maceoff_water_850	6,6,6,6,6,6,1,1,1,1,1,1,1,1,1,1,1,1	0.0,0.0,0.0,0.0,0.0,0.0,0.0,0.0,0.0,0.0,0.0,0.0,0.0,0.0,0.0,0.0,0.0,0.0	0,0,0,0,0,0,0,0,0,0,0,0,0,0,0,0,0,0	2,2,2,2,2,2,1,1,1,1,1,1,1,1,1,1,1,1	1/7,1/8,2/9,2/10,3/11,3/12,4/13,4/14,5/15,5/16,6/17,6/18	7/1/8,9/2/10,11/3/12,13/4/14,15/5/16,17/6/18	-	-	1,2,3,4,5,6,1,1,2,2,3,3,4,4,5,5,6,6
maceoff_water_851	6,6,6,6,6,6,6,6,1,1,1,1,1,1,1,1,1,1,1,1,1,1,1,1	0.0,0.0,0.0,0.0,0.0,0.0,0.0,0.0,0.0,0.0,0.0,0.0,0.0,0.0,0.0,0.0,0.0,0.0,0.0,0.0,0.0,0.0,0.0,0.0	0,0,0,0,0,0,0,0,0,0,0,0,0,0,0,0,0,0,0,0,0,0,0,0	2,2,2,2,2,2,2,2,1,1,1,1,1,1,1,1,1,1,1,1,1,1,1,1	1/9,1/10,2/11,2/12,3/13,3/14,4/15,4/16,5/17,5/18,6/19,6/20,7/21,7/22,8/23,8/24	9/1/10,11/2/12,13/3/14,15/4/16,17/5/18,19/6/20,21/7/22,23/8/24	-	-	1,2,3,4,5,6,7,8,1,1,2,2,3,3,4,4,5,5,6,6,7,7,8,8
maceoff_water_852	6,6,6,6,6,6,1,1,1,1,1,1,1,1,1,1,1,1	0.0,0.0,0.0,0.0,0.0,0.0,0.0,0.0,0.0,0.0,0.0,0.0,0.0,0.0,0.0,0.0,0.0,0.0	0,0,0,0,0,0,0,0,0,0,0,0,0,0,0,0,0,0	2,2,2,2,2,2,1,1,1,1,1,1,1,1,1,1,1,1	1/7,1/8,2/9,2/10,3/11,3/12,4/13,4/14,5/15,5/16,6/17,6/18	7/1/8,9/2/10,11/3/12,13/4/14,15/5/16,17/6/18	-	-	1,2,3,4,5,6,1,1,2,2,3,3,4,4,5,5,6,6
maceoff_water_853	6,6,6,6,6,6,6,6,6,6,6,1,1,1,1,1,1,1,1,1,1,1,1,1,1,1,1,1,1,1,1,1,1	0.0,0.0,0.0,0.0,0.0,0.0,0.0,0.0,0.0,0.0,0.0,0.0,0.0,0.0,0.0,0.0,0.0,0.0,0.0,0.0,0.0,0.0,0.0,0.0,0.0,0.0,0.0,0.0,0.0,0.0,0.0,0.0,0.0	0,0,0,0,0,0,0,0,0,0,0,0,0,0,0,0,0,0,0,0,0,0,0,0,0,0,0,0,0,0,0,0,0	2,2,2,2,2,2,2,2,2,2,2,1,1,1,1,1,1,1,1,1,1,1,1,1,1,1,1,1,1,1,1,1,1	1/12,1/13,2/14,2/15,3/16,3/17,4/18,4/19,5/20,5/21,6/22,6/23,7/24,7/25,8/26,8/27,9/28,9/29,10/30,10/31,11/32,11/33	12/1/13,14/2/15,16/3/17,18/4/19,20/5/21,22/6/23,24/7/25,26/8/27,28/9/29,30/10/31,32/11/33	-	-	1,2,3,4,5,6,7,8,9,10,11,1,1,2,2,3,3,4,4,5,5,6,6,7,7,8,8,9,9,10,10,11,11
maceoff_water_854	6,6,6,6,1,1,1,1,1,1,1,1	0.0,0.0,0.0,0.0,0.0,0.0,0.0,0.0,0.0,0.0,0.0,0.0	0,0,0,0,0,0,0,0,0,0,0,0	2,2,2,2,1,1,1,1,1,1,1,1	1/5,1/6,2/7,2/8,3/9,3/10,4/11,4/12	5/1/6,7/2/8,9/3/10,11/4/12	-	-	1,2,3,4,1,1,2,2,3,3,4,4
maceoff_water_855	6,6,6,1,1,1,1,1,1	0.0,0.0,0.0,0.0,0.0,0.0,0.0,0.0,0.0	0,0,0,0,0,0,0,0,0	2,2,2,1,1,1,1,1,1	1/4,1/5,2/6,2/7,3/8,3/9	4/1/5,6/2/7,8/3/9	-	-	1,2,3,1,1,2,2,3,3
maceoff_water_856	6,6,6,6,6,1,1,1,1,1,1,1,1,1,1	0.0,0.0,0.0,0.0,0.0,0.0,0.0,0.0,0.0,0.0,0.0,0.0,0.0,0.0,0.0	0,0,0,0,0,0,0,0,0,0,0,0,0,0,0	2,2,2,2,2,1,1,1,1,1,1,1,1,1,1	1/6,1/7,2/8,2/9,3/10,3/11,4/12,4/13,5/14,5/15	6/1/7,8/2/9,10/3/11,12/4/13,14/5/15	-	-	1,2,3,4,5,1,1,2,2,3,3,4,4,5,5
maceoff_water_857	6,6,6,6,1,1,1,1,1,1,1,1	0.0,0.0,0.0,0.0,0.0,0.0,0.0,0.0,0.0,0.0,0.0,0.0	0,0,0,0,0,0,0,0,0,0,0,0	2,2,2,2,1,1,1,1,1,1,1,1	1/5,1/6,2/7,2/8,3/9,3/10,4/11,4/12	5/1/6,7/2/8,9/3/10,11/4/12	-	-	1,2,3,4,1,1,2,2,3,3,4,4
maceoff_water_858	6,6,6,6,6,6,6,6,6,6,6,1,1,1,1,1,1,1,1,1,1,1,1,1,1,1,1,1,1,1,1,1,1	0.0,0.0,0.0,0.0,0.0,0.0,0.0,0.0,0.0,0.0,0.0,0.0,0.0,0.0,0.0,0.0,0.0,0.0,0.0,0.0,0.0,0.0,0.0,0.0,0.0,0.0,0.0,0.0,0.0,0.0,0.0,0.0,0.0	0,0,0,0,0,0,0,0,0,0,0,0,0,0,0,0,0,0,0,0,0,0,0,0,0,0,0,0,0,0,0,0,0	2,2,2,2,2,2,2,2,2,2,2,1,1,1,1,1,1,1,1,1,1,1,1,1,1,1,1,1,1,1,1,1,1	1/12,1/13,2/14,2/15,3/16,3/17,4/18,4/19,5/20,5/21,6/22,6/23,7/24,7/25,8/26,8/27,9/28,9/29,10/30,10/31,11/32,11/33	12/1/13,14/2/15,16/3/17,18/4/19,20/5/21,22/6/23,24/7/25,26/8/27,28/9/29,30/10/31,32/11/33	-	-	1,2,3,4,5,6,7,8,9,10,11,1,1,2,2,3,3,4,4,5,5,6,6,7,7,8,8,9,9,10,10,11,11
maceoff_water_859	6,6,6,6,6,6,1,1,1,1,1,1,1,1,1,1,1,1	0.0,0.0,0.0,0.0,0.0,0.0,0.0,0.0,0.0,0.0,0.0,0.0,0.0,0.0,0.0,0.0,0.0,0.0	0,0,0,0,0,0,0,0,0,0,0,0,0,0,0,0,0,0	2,2,2,2,2,2,1,1,1,1,1,1,1,1,1,1,1,1	1/7,1/8,2/9,2/10,3/11,3/12,4/13,4/14,5/15,5/16,6/17,6/18	7/1/8,9/2/10,11/3/12,13/4/14,15/5/16,17/6/18	-	-	1,2,3,4,5,6,1,1,2,2,3,3,4,4,5,5,6,6
maceoff_water_860	6,6,1,1,1,1	0.0,0.0,0.0,0.0,0.0,0.0	0,0,0,0,0,0	2,2,1,1,1,1	1/3,1/4,2/5,2/6	3/1/4,5/2/6	-	-	1,2,1,1,2,2
maceoff_water_861	6,6,6,6,6,6,6,6,6,1,1,1,1,1,1,1,1,1,1,1,1,1,1,1,1,1,1	0.0,0.0,0.0,0.0,0.0,0.0,0.0,0.0,0.0,0.0,0.0,0.0,0.0,0.0,0.0,0.0,0.0,0.0,0.0,0.0,0.0,0.0,0.0,0.0,0.0,0.0,0.0	0,0,0,0,0,0,0,0,0,0,0,0,0,0,0,0,0,0,0,0,0,0,0,0,0,0,0	2,2,2,2,2,2,2,2,2,1,1,1,1,1,1,1,1,1,1,1,1,1,1,1,1,1,1	1/10,1/11,2/12,2/13,3/14,3/15,4/16,4/17,5/18,5/19,6/20,6/21,7/22,7/23,8/24,8/25,9/26,9/27	10/1/11,12/2/13,14/3/15,16/4/17,18/5/19,20/6/21,22/7/23,24/8/25,26/9/27	-	-	1,2,3,4,5,6,7,8,9,1,1,2,2,3,3,4,4,5,5,6,6,7,7,8,8,9,9
maceoff_water_862	6,1,1	0.0,0.0,0.0	0,0,0	2,1,1	1/2,1/3	2/1/3	-	-	1,1,1
maceoff_water_863	6,6,6,6,6,6,6,6,6,6,6,6,6,6,6,6,6,6,6,6,6,6,6,6,6,1,1,1,1,1,1,1,1,1,1,1,1,1,1,1,1,1,1,1,1,1,1,1,1,1,1,1,1,1,1,1,1,1,1,1,1,1,1,1,1,1,1,1,1,1,1,1,1,1,1	0.0,0.0,0.0,0.0,0.0,0.0,0.0,0.0,0.0,0.0,0.0,0.0,0.0,0.0,0.0,0.0,0.0,0.0,0.0,0.0,0.0,0.0,0.0,0.0,0.0,0.0,0.0,0.0,0.0,0.0,0.0,0.0,0.0,0.0,0.0,0.0,0.0,0.0,0.0,0.0,0.0,0.0,0.0,0.0,0.0,0.0,0.0,0.0,0.0,0.0,0.0,0.0,0.0,0.0,0.0,0.0,0.0,0.0,0.0,0.0,0.0,0.0,0.0,0.0,0.0,0.0,0.0,0.0,0.0,0.0,0.0,0.0,0.0,0.0,0.0	0,0,0,0,0,0,0,0,0,0,0,0,0,0,0,0,0,0,0,0,0,0,0,0,0,0,0,0,0,0,0,0,0,0,0,0,0,0,0,0,0,0,0,0,0,0,0,0,0,0,0,0,0,0,0,0,0,0,0,0,0,0,0,0,0,0,0,0,0,0,0,0,0,0,0	2,2,2,2,2,2,2,2,2,2,2,2,2,2,2,2,2,2,2,2,2,2,2,2,2,1,1,1,1,1,1,1,1,1,1,1,1,1,1,1,1,1,1,1,1,1,1,1,1,1,1,1,1,1,1,1,1,1,1,1,1,1,1,1,1,1,1,1,1,1,1,1,1,1,1	1/26,1/27,2/28,2/29,3/30,3/31,4/32,4/33,5/34,5/35,6/36,6/37,7/38,7/39,8/40,8/41,9/42,9/43,10/44,10/45,11/46,11/47,12/48,12/49,13/50,13/51,14/52,14/53,15/54,15/55,16/56,16/57,17/58,17/59,18/60,18/61,19/62,19/63,20/64,20/65,21/66,21/67,22/68,22/69,23/70,23/71,24/72,24/73,25/74,25/75	26/1/27,28/2/29,30/3/31,32/4/33,34/5/35,36/6/37,38/7/39,40/8/41,42/9/43,44/10/45,46/11/47,48/12/49,50/13/51,52/14/53,54/15/55,56/16/57,58/17/59,60/18/61,62/19/63,64/20/65,66/21/67,68/22/69,70/23/71,72/24/73,74/25/75	-	-	1,2,3,4,5,6,7,8,9,10,11,12,13,14,15,16,17,18,19,20,21,22,23,24,25,1,1,2,2,3,3,4,4,5,5,6,6,7,7,8,8,9,9,10,10,11,11,12,12,13,13,14,14,15,15,16,16,17,17,18,18,19,19,20,20,21,21,22,22,23,23,24,24,25,25
maceoff_water_864	6,6,1,1,1,1	0.0,0.0,0.0,0.0,0.0,0.0	0,0,0,0,0,0	2,2,1,1,1,1	1/3,1/4,2/5,2/6	3/1/4,5/2/6	-	-	1,2,1,1,2,2
maceoff_water_865	6,6,6,6,6,6,1,1,1,1,1,1,1,1,1,1,1,1	0.0,0.0,0.0,0.0,0.0,0.0,0.0,0.0,0.0,0.0,0.0,0.0,0.0,0.0,0.0,0.0,0.0,0.0	0,0,0,0,0,0,0,0,0,0,0,0,0,0,0,0,0,0	2,2,2,2,2,2,1,1,1,1,1,1,1,1,1,1,1,1	1/7,1/8,2/9,2/10,3/11,3/12,4/13,4/14,5/15,5/16,6/17,6/18	7/1/8,9/2/10,11/3/12,13/4/14,15/5/16,17/6/18	-	-	1,2,3,4,5,6,1,1,2,2,3,3,4,4,5,5,6,6
maceoff_water_866	6,6,6,1,1,1,1,1,1	0.0,0.0,0.0,0.0,0.0,0.0,0.0,0.0,0.0	0,0,0,0,0,0,0,0,0	2,2,2,1,1,1,1,1,1	1/4,1/5,2/6,2/7,3/8,3/9	4/1/5,6/2/7,8/3/9	-	-	1,2,3,1,1,2,2,3,3
maceoff_water_867	6,6,6,6,1,1,1,1,1,1,1,1	0.0,0.0,0.0,0.0,0.0,0.0,0.0,0.0,0.0,0.0,0.0,0.0	0,0,0,0,0,0,0,0,0,0,0,0	2,2,2,2,1,1,1,1,1,1,1,1	1/5,1/6,2/7,2/8,3/9,3/10,4/11,4/12	5/1/6,7/2/8,9/3/10,11/4/12	-	-	1,2,3,4,1,1,2,2,3,3,4,4
maceoff_water_868	6,1,1	0.0,0.0,0.0	0,0,0	2,1,1	1/2,1/3	2/1/3	-	-	1,1,1
maceoff_water_869	6,6,6,6,6,6,6,6,6,6,1,1,1,1,1,1,1,1,1,1,1,1,1,1,1,1,1,1,1,1	0.0,0.0,0.0,0.0,0.0,0.0,0.0,0.0,0.0,0.0,0.0,0.0,0.0,0.0,0.0,0.0,0.0,0.0,0.0,0.0,0.0,0.0,0.0,0.0,0.0,0.0,0.0,0.0,0.0,0.0	0,0,0,0,0,0,0,0,0,0,0,0,0,0,0,0,0,0,0,0,0,0,0,0,0,0,0,0,0,0	2,2,2,2,2,2,2,2,2,2,1,1,1,1,1,1,1,1,1,1,1,1,1,1,1,1,1,1,1,1	1/11,1/12,2/13,2/14,3/15,3/16,4/17,4/18,5/19,5/20,6/21,6/22,7/23,7/24,8/25,8/26,9/27,9/28,10/29,10/30	11/1/12,13/2/14,15/3/16,17/4/18,19/5/20,21/6/22,23/7/24,25/8/26,27/9/28,29/10/30	-	-	1,2,3,4,5,6,7,8,9,10,1,1,2,2,3,3,4,4,5,5,6,6,7,7,8,8,9,9,10,10
maceoff_water_870	6,6,6,6,6,6,6,6,6,1,1,1,1,1,1,1,1,1,1,1,1,1,1,1,1,1,1	0.0,0.0,0.0,0.0,0.0,0.0,0.0,0.0,0.0,0.0,0.0,0.0,0.0,0.0,0.0,0.0,0.0,0.0,0.0,0.0,0.0,0.0,0.0,0.0,0.0,0.0,0.0	0,0,0,0,0,0,0,0,0,0,0,0,0,0,0,0,0,0,0,0,0,0,0,0,0,0,0	2,2,2,2,2,2,2,2,2,1,1,1,1,1,1,1,1,1,1,1,1,1,1,1,1,1,1	1/10,1/11,2/12,2/13,3/14,3/15,4/16,4/17,5/18,5/19,6/20,6/21,7/22,7/23,8/24,8/25,9/26,9/27	10/1/11,12/2/13,14/3/15,16/4/17,18/5/19,20/6/21,22/7/23,24/8/25,26/9/27	-	-	1,2,3,4,5,6,7,8,9,1,1,2,2,3,3,4,4,5,5,6,6,7,7,8,8,9,9
maceoff_water_871	6,6,1,1,1,1	0.0,0.0,0.0,0.0,0.0,0.0	0,0,0,0,0,0	2,2,1,1,1,1	1/3,1/4,2/5,2/6	3/1/4,5/2/6	-	-	1,2,1,1,2,2
maceoff_water_872	6,6,6,6,6,1,1,1,1,1,1,1,1,1,1	0.0,0.0,0.0,0.0,0.0,0.0,0.0,0.0,0.0,0.0,0.0,0.0,0.0,0.0,0.0	0,0,0,0,0,0,0,0,0,0,0,0,0,0,0	2,2,2,2,2,1,1,1,1,1,1,1,1,1,1	1/6,1/7,2/8,2/9,3/10,3/11,4/12,4/13,5/14,5/15	6/1/7,8/2/9,10/3/11,12/4/13,14/5/15	-	-	1,2,3,4,5,1,1,2,2,3,3,4,4,5,5
maceoff_water_873	6,6,6,6,6,1,1,1,1,1,1,1,1,1,1	0.0,0.0,0.0,0.0,0.0,0.0,0.0,0.0,0.0,0.0,0.0,0.0,0.0,0.0,0.0	0,0,0,0,0,0,0,0,0,0,0,0,0,0,0	2,2,2,2,2,1,1,1,1,1,1,1,1,1,1	1/6,1/7,2/8,2/9,3/10,3/11,4/12,4/13,5/14,5/15	6/1/7,8/2/9,10/3/11,12/4/13,14/5/15	-	-	1,2,3,4,5,1,1,2,2,3,3,4,4,5,5
maceoff_water_874	6,6,6,6,6,6,6,6,6,1,1,1,1,1,1,1,1,1,1,1,1,1,1,1,1,1,1	0.0,0.0,0.0,0.0,0.0,0.0,0.0,0.0,0.0,0.0,0.0,0.0,0.0,0.0,0.0,0.0,0.0,0.0,0.0,0.0,0.0,0.0,0.0,0.0,0.0,0.0,0.0	0,0,0,0,0,0,0,0,0,0,0,0,0,0,0,0,0,0,0,0,0,0,0,0,0,0,0	2,2,2,2,2,2,2,2,2,1,1,1,1,1,1,1,1,1,1,1,1,1,1,1,1,1,1	1/10,1/11,2/12,2/13,3/14,3/15,4/16,4/17,5/18,5/19,6/20,6/21,7/22,7/23,8/24,8/25,9/26,9/27	10/1/11,12/2/13,14/3/15,16/4/17,18/5/19,20/6/21,22/7/23,24/8/25,26/9/27	-	-	1,2,3,4,5,6,7,8,9,1,1,2,2,3,3,4,4,5,5,6,6,7,7,8,8,9,9
maceoff_water_875	6,6,6,1,1,1,1,1,1	0.0,0.0,0.0,0.0,0.0,0.0,0.0,0.0,0.0	0,0,0,0,0,0,0,0,0	2,2,2,1,1,1,1,1,1	1/4,1/5,2/6,2/7,3/8,3/9	4/1/5,6/2/7,8/3/9	-	-	1,2,3,1,1,2,2,3,3
maceoff_water_876	6,6,6,6,6,6,6,6,6,1,1,1,1,1,1,1,1,1,1,1,1,1,1,1,1,1,1	0.0,0.0,0.0,0.0,0.0,0.0,0.0,0.0,0.0,0.0,0.0,0.0,0.0,0.0,0.0,0.0,0.0,0.0,0.0,0.0,0.0,0.0,0.0,0.0,0.0,0.0,0.0	0,0,0,0,0,0,0,0,0,0,0,0,0,0,0,0,0,0,0,0,0,0,0,0,0,0,0	2,2,2,2,2,2,2,2,2,1,1,1,1,1,1,1,1,1,1,1,1,1,1,1,1,1,1	1/10,1/11,2/12,2/13,3/14,3/15,4/16,4/17,5/18,5/19,6/20,6/21,7/22,7/23,8/24,8/25,9/26,9/27	10/1/11,12/2/13,14/3/15,16/4/17,18/5/19,20/6/21,22/7/23,24/8/25,26/9/27	-	-	1,2,3,4,5,6,7,8,9,1,1,2,2,3,3,4,4,5,5,6,6,7,7,8,8,9,9
maceoff_water_877	6,6,6,6,6,6,6,1,1,1,1,1,1,1,1,1,1,1,1,1,1	0.0,0.0,0.0,0.0,0.0,0.0,0.0,0.0,0.0,0.0,0.0,0.0,0.0,0.0,0.0,0.0,0.0,0.0,0.0,0.0,0.0	0,0,0,0,0,0,0,0,0,0,0,0,0,0,0,0,0,0,0,0,0	2,2,2,2,2,2,2,1,1,1,1,1,1,1,1,1,1,1,1,1,1	1/8,1/9,2/10,2/11,3/12,3/13,4/14,4/15,5/16,5/17,6/18,6/19,7/20,7/21	8/1/9,10/2/11,12/3/13,14/4/15,16/5/17,18/6/19,20/7/21	-	-	1,2,3,4,5,6,7,1,1,2,2,3,3,4,4,5,5,6,6,7,7
maceoff_water_878	6,6,6,6,6,6,6,6,6,6,6,6,6,6,6,6,6,6,6,6,6,6,6,6,6,1,1,1,1,1,1,1,1,1,1,1,1,1,1,1,1,1,1,1,1,1,1,1,1,1,1,1,1,1,1,1,1,1,1,1,1,1,1,1,1,1,1,1,1,1,1,1,1,1,1	0.0,0.0,0.0,0.0,0.0,0.0,0.0,0.0,0.0,0.0,0.0,0.0,0.0,0.0,0.0,0.0,0.0,0.0,0.0,0.0,0.0,0.0,0.0,0.0,0.0,0.0,0.0,0.0,0.0,0.0,0.0,0.0,0.0,0.0,0.0,0.0,0.0,0.0,0.0,0.0,0.0,0.0,0.0,0.0,0.0,0.0,0.0,0.0,0.0,0.0,0.0,0.0,0.0,0.0,0.0,0.0,0.0,0.0,0.0,0.0,0.0,0.0,0.0,0.0,0.0,0.0,0.0,0.0,0.0,0.0,0.0,0.0,0.0,0.0,0.0	0,0,0,0,0,0,0,0,0,0,0,0,0,0,0,0,0,0,0,0,0,0,0,0,0,0,0,0,0,0,0,0,0,0,0,0,0,0,0,0,0,0,0,0,0,0,0,0,0,0,0,0,0,0,0,0,0,0,0,0,0,0,0,0,0,0,0,0,0,0,0,0,0,0,0	2,2,2,2,2,2,2,2,2,2,2,2,2,2,2,2,2,2,2,2,2,2,2,2,2,1,1,1,1,1,1,1,1,1,1,1,1,1,1,1,1,1,1,1,1,1,1,1,1,1,1,1,1,1,1,1,1,1,1,1,1,1,1,1,1,1,1,1,1,1,1,1,1,1,1	1/26,1/27,2/28,2/29,3/30,3/31,4/32,4/33,5/34,5/35,6/36,6/37,7/38,7/39,8/40,8/41,9/42,9/43,10/44,10/45,11/46,11/47,12/48,12/49,13/50,13/51,14/52,14/53,15/54,15/55,16/56,16/57,17/58,17/59,18/60,18/61,19/62,19/63,20/64,20/65,21/66,21/67,22/68,22/69,23/70,23/71,24/72,24/73,25/74,25/75	26/1/27,28/2/29,30/3/31,32/4/33,34/5/35,36/6/37,38/7/39,40/8/41,42/9/43,44/10/45,46/11/47,48/12/49,50/13/51,52/14/53,54/15/55,56/16/57,58/17/59,60/18/61,62/19/63,64/20/65,66/21/67,68/22/69,70/23/71,72/24/73,74/25/75	-	-	1,2,3,4,5,6,7,8,9,10,11,12,13,14,15,16,17,18,19,20,21,22,23,24,25,1,1,2,2,3,3,4,4,5,5,6,6,7,7,8,8,9,9,10,10,11,11,12,12,13,13,14,14,15,15,16,16,17,17,18,18,19,19,20,20,21,21,22,22,23,23,24,24,25,25
maceoff_water_879	6,6,1,1,1,1	0.0,0.0,0.0,0.0,0.0,0.0	0,0,0,0,0,0	2,2,1,1,1,1	1/3,1/4,2/5,2/6	3/1/4,5/2/6	-	-	1,2,1,1,2,2
maceoff_water_880	6,6,6,1,1,1,1,1,1	0.0,0.0,0.0,0.0,0.0,0.0,0.0,0.0,0.0	0,0,0,0,0,0,0,0,0	2,2,2,1,1,1,1,1,1	1/4,1/5,2/6,2/7,3/8,3/9	4/1/5,6/2/7,8/3/9	-	-	1,2,3,1,1,2,2,3,3
maceoff_water_881	6,6,6,6,6,6,6,1,1,1,1,1,1,1,1,1,1,1,1,1,1	0.0,0.0,0.0,0.0,0.0,0.0,0.0,0.0,0.0,0.0,0.0,0.0,0.0,0.0,0.0,0.0,0.0,0.0,0.0,0.0,0.0	0,0,0,0,0,0,0,0,0,0,0,0,0,0,0,0,0,0,0,0,0	2,2,2,2,2,2,2,1,1,1,1,1,1,1,1,1,1,1,1,1,1	1/8,1/9,2/10,2/11,3/12,3/13,4/14,4/15,5/16,5/17,6/18,6/19,7/20,7/21	8/1/9,10/2/11,12/3/13,14/4/15,16/5/17,18/6/19,20/7/21	-	-	1,2,3,4,5,6,7,1,1,2,2,3,3,4,4,5,5,6,6,7,7
maceoff_water_882	6,6,6,6,6,6,6,6,6,1,1,1,1,1,1,1,1,1,1,1,1,1,1,1,1,1,1	0.0,0.0,0.0,0.0,0.0,0.0,0.0,0.0,0.0,0.0,0.0,0.0,0.0,0.0,0.0,0.0,0.0,0.0,0.0,0.0,0.0,0.0,0.0,0.0,0.0,0.0,0.0	0,0,0,0,0,0,0,0,0,0,0,0,0,0,0,0,0,0,0,0,0,0,0,0,0,0,0	2,2,2,2,2,2,2,2,2,1,1,1,1,1,1,1,1,1,1,1,1,1,1,1,1,1,1	1/10,1/11,2/12,2/13,3/14,3/15,4/16,4/17,5/18,5/19,6/20,6/21,7/22,7/23,8/24,8/25,9/26,9/27	10/1/11,12/2/13,14/3/15,16/4/17,18/5/19,20/6/21,22/7/23,24/8/25,26/9/27	-	-	1,2,3,4,5,6,7,8,9,1,1,2,2,3,3,4,4,5,5,6,6,7,7,8,8,9,9
maceoff_water_883	6,6,6,6,6,1,1,1,1,1,1,1,1,1,1	0.0,0.0,0.0,0.0,0.0,0.0,0.0,0.0,0.0,0.0,0.0,0.0,0.0,0.0,0.0	0,0,0,0,0,0,0,0,0,0,0,0,0,0,0	2,2,2,2,2,1,1,1,1,1,1,1,1,1,1	1/6,1/7,2/8,2/9,3/10,3/11,4/12,4/13,5/14,5/15	6/1/7,8/2/9,10/3/11,12/4/13,14/5/15	-	-	1,2,3,4,5,1,1,2,2,3,3,4,4,5,5
maceoff_water_884	6,6,6,6,6,6,6,6,1,1,1,1,1,1,1,1,1,1,1,1,1,1,1,1	0.0,0.0,0.0,0.0,0.0,0.0,0.0,0.0,0.0,0.0,0.0,0.0,0.0,0.0,0.0,0.0,0.0,0.0,0.0,0.0,0.0,0.0,0.0,0.0	0,0,0,0,0,0,0,0,0,0,0,0,0,0,0,0,0,0,0,0,0,0,0,0	2,2,2,2,2,2,2,2,1,1,1,1,1,1,1,1,1,1,1,1,1,1,1,1	1/9,1/10,2/11,2/12,3/13,3/14,4/15,4/16,5/17,5/18,6/19,6/20,7/21,7/22,8/23,8/24	9/1/10,11/2/12,13/3/14,15/4/16,17/5/18,19/6/20,21/7/22,23/8/24	-	-	1,2,3,4,5,6,7,8,1,1,2,2,3,3,4,4,5,5,6,6,7,7,8,8
maceoff_water_885	6,6,6,6,1,1,1,1,1,1,1,1	0.0,0.0,0.0,0.0,0.0,0.0,0.0,0.0,0.0,0.0,0.0,0.0	0,0,0,0,0,0,0,0,0,0,0,0	2,2,2,2,1,1,1,1,1,1,1,1	1/5,1/6,2/7,2/8,3/9,3/10,4/11,4/12	5/1/6,7/2/8,9/3/10,11/4/12	-	-	1,2,3,4,1,1,2,2,3,3,4,4
maceoff_water_886	6,6,6,6,6,6,6,1,1,1,1,1,1,1,1,1,1,1,1,1,1	0.0,0.0,0.0,0.0,0.0,0.0,0.0,0.0,0.0,0.0,0.0,0.0,0.0,0.0,0.0,0.0,0.0,0.0,0.0,0.0,0.0	0,0,0,0,0,0,0,0,0,0,0,0,0,0,0,0,0,0,0,0,0	2,2,2,2,2,2,2,1,1,1,1,1,1,1,1,1,1,1,1,1,1	1/8,1/9,2/10,2/11,3/12,3/13,4/14,4/15,5/16,5/17,6/18,6/19,7/20,7/21	8/1/9,10/2/11,12/3/13,14/4/15,16/5/17,18/6/19,20/7/21	-	-	1,2,3,4,5,6,7,1,1,2,2,3,3,4,4,5,5,6,6,7,7
maceoff_water_887	6,6,6,6,6,6,6,6,6,1,1,1,1,1,1,1,1,1,1,1,1,1,1,1,1,1,1	0.0,0.0,0.0,0.0,0.0,0.0,0.0,0.0,0.0,0.0,0.0,0.0,0.0,0.0,0.0,0.0,0.0,0.0,0.0,0.0,0.0,0.0,0.0,0.0,0.0,0.0,0.0	0,0,0,0,0,0,0,0,0,0,0,0,0,0,0,0,0,0,0,0,0,0,0,0,0,0,0	2,2,2,2,2,2,2,2,2,1,1,1,1,1,1,1,1,1,1,1,1,1,1,1,1,1,1	1/10,1/11,2/12,2/13,3/14,3/15,4/16,4/17,5/18,5/19,6/20,6/21,7/22,7/23,8/24,8/25,9/26,9/27	10/1/11,12/2/13,14/3/15,16/4/17,18/5/19,20/6/21,22/7/23,24/8/25,26/9/27	-	-	1,2,3,4,5,6,7,8,9,1,1,2,2,3,3,4,4,5,5,6,6,7,7,8,8,9,9
maceoff_water_888	6,6,6,6,6,6,6,6,6,6,6,1,1,1,1,1,1,1,1,1,1,1,1,1,1,1,1,1,1,1,1,1,1	0.0,0.0,0.0,0.0,0.0,0.0,0.0,0.0,0.0,0.0,0.0,0.0,0.0,0.0,0.0,0.0,0.0,0.0,0.0,0.0,0.0,0.0,0.0,0.0,0.0,0.0,0.0,0.0,0.0,0.0,0.0,0.0,0.0	0,0,0,0,0,0,0,0,0,0,0,0,0,0,0,0,0,0,0,0,0,0,0,0,0,0,0,0,0,0,0,0,0	2,2,2,2,2,2,2,2,2,2,2,1,1,1,1,1,1,1,1,1,1,1,1,1,1,1,1,1,1,1,1,1,1	1/12,1/13,2/14,2/15,3/16,3/17,4/18,4/19,5/20,5/21,6/22,6/23,7/24,7/25,8/26,8/27,9/28,9/29,10/30,10/31,11/32,11/33	12/1/13,14/2/15,16/3/17,18/4/19,20/5/21,22/6/23,24/7/25,26/8/27,28/9/29,30/10/31,32/11/33	-	-	1,2,3,4,5,6,7,8,9,10,11,1,1,2,2,3,3,4,4,5,5,6,6,7,7,8,8,9,9,10,10,11,11
maceoff_water_889	6,6,6,6,6,6,6,6,6,1,1,1,1,1,1,1,1,1,1,1,1,1,1,1,1,1,1	0.0,0.0,0.0,0.0,0.0,0.0,0.0,0.0,0.0,0.0,0.0,0.0,0.0,0.0,0.0,0.0,0.0,0.0,0.0,0.0,0.0,0.0,0.0,0.0,0.0,0.0,0.0	0,0,0,0,0,0,0,0,0,0,0,0,0,0,0,0,0,0,0,0,0,0,0,0,0,0,0	2,2,2,2,2,2,2,2,2,1,1,1,1,1,1,1,1,1,1,1,1,1,1,1,1,1,1	1/10,1/11,2/12,2/13,3/14,3/15,4/16,4/17,5/18,5/19,6/20,6/21,7/22,7/23,8/24,8/25,9/26,9/27	10/1/11,12/2/13,14/3/15,16/4/17,18/5/19,20/6/21,22/7/23,24/8/25,26/9/27	-	-	1,2,3,4,5,6,7,8,9,1,1,2,2,3,3,4,4,5,5,6,6,7,7,8,8,9,9
maceoff_water_890	6,6,1,1,1,1	0.0,0.0,0.0,0.0,0.0,0.0	0,0,0,0,0,0	2,2,1,1,1,1	1/3,1/4,2/5,2/6	3/1/4,5/2/6	-	-	1,2,1,1,2,2
maceoff_water_891	6,6,6,6,6,6,6,6,6,6,1,1,1,1,1,1,1,1,1,1,1,1,1,1,1,1,1,1,1,1	0.0,0.0,0.0,0.0,0.0,0.0,0.0,0.0,0.0,0.0,0.0,0.0,0.0,0.0,0.0,0.0,0.0,0.0,0.0,0.0,0.0,0.0,0.0,0.0,0.0,0.0,0.0,0.0,0.0,0.0	0,0,0,0,0,0,0,0,0,0,0,0,0,0,0,0,0,0,0,0,0,0,0,0,0,0,0,0,0,0	2,2,2,2,2,2,2,2,2,2,1,1,1,1,1,1,1,1,1,1,1,1,1,1,1,1,1,1,1,1	1/11,1/12,2/13,2/14,3/15,3/16,4/17,4/18,5/19,5/20,6/21,6/22,7/23,7/24,8/25,8/26,9/27,9/28,10/29,10/30	11/1/12,13/2/14,15/3/16,17/4/18,19/5/20,21/6/22,23/7/24,25/8/26,27/9/28,29/10/30	-	-	1,2,3,4,5,6,7,8,9,10,1,1,2,2,3,3,4,4,5,5,6,6,7,7,8,8,9,9,10,10
maceoff_water_892	6,6,6,6,1,1,1,1,1,1,1,1	0.0,0.0,0.0,0.0,0.0,0.0,0.0,0.0,0.0,0.0,0.0,0.0	0,0,0,0,0,0,0,0,0,0,0,0	2,2,2,2,1,1,1,1,1,1,1,1	1/5,1/6,2/7,2/8,3/9,3/10,4/11,4/12	5/1/6,7/2/8,9/3/10,11/4/12	-	-	1,2,3,4,1,1,2,2,3,3,4,4
maceoff_water_893	6,6,6,6,6,6,6,6,6,1,1,1,1,1,1,1,1,1,1,1,1,1,1,1,1,1,1	0.0,0.0,0.0,0.0,0.0,0.0,0.0,0.0,0.0,0.0,0.0,0.0,0.0,0.0,0.0,0.0,0.0,0.0,0.0,0.0,0.0,0.0,0.0,0.0,0.0,0.0,0.0	0,0,0,0,0,0,0,0,0,0,0,0,0,0,0,0,0,0,0,0,0,0,0,0,0,0,0	2,2,2,2,2,2,2,2,2,1,1,1,1,1,1,1,1,1,1,1,1,1,1,1,1,1,1	1/10,1/11,2/12,2/13,3/14,3/15,4/16,4/17,5/18,5/19,6/20,6/21,7/22,7/23,8/24,8/25,9/26,9/27	10/1/11,12/2/13,14/3/15,16/4/17,18/5/19,20/6/21,22/7/23,24/8/25,26/9/27	-	-	1,2,3,4,5,6,7,8,9,1,1,2,2,3,3,4,4,5,5,6,6,7,7,8,8,9,9
maceoff_water_894	6,6,6,6,6,6,1,1,1,1,1,1,1,1,1,1,1,1	0.0,0.0,0.0,0.0,0.0,0.0,0.0,0.0,0.0,0.0,0.0,0.0,0.0,0.0,0.0,0.0,0.0,0.0	0,0,0,0,0,0,0,0,0,0,0,0,0,0,0,0,0,0	2,2,2,2,2,2,1,1,1,1,1,1,1,1,1,1,1,1	1/7,1/8,2/9,2/10,3/11,3/12,4/13,4/14,5/15,5/16,6/17,6/18	7/1/8,9/2/10,11/3/12,13/4/14,15/5/16,17/6/18	-	-	1,2,3,4,5,6,1,1,2,2,3,3,4,4,5,5,6,6
maceoff_water_895	6,6,6,6,6,6,6,6,1,1,1,1,1,1,1,1,1,1,1,1,1,1,1,1	0.0,0.0,0.0,0.0,0.0,0.0,0.0,0.0,0.0,0.0,0.0,0.0,0.0,0.0,0.0,0.0,0.0,0.0,0.0,0.0,0.0,0.0,0.0,0.0	0,0,0,0,0,0,0,0,0,0,0,0,0,0,0,0,0,0,0,0,0,0,0,0	2,2,2,2,2,2,2,2,1,1,1,1,1,1,1,1,1,1,1,1,1,1,1,1	1/9,1/10,2/11,2/12,3/13,3/14,4/15,4/16,5/17,5/18,6/19,6/20,7/21,7/22,8/23,8/24	9/1/10,11/2/12,13/3/14,15/4/16,17/5/18,19/6/20,21/7/22,23/8/24	-	-	1,2,3,4,5,6,7,8,1,1,2,2,3,3,4,4,5,5,6,6,7,7,8,8
maceoff_water_896	6,6,6,6,6,1,1,1,1,1,1,1,1,1,1	0.0,0.0,0.0,0.0,0.0,0.0,0.0,0.0,0.0,0.0,0.0,0.0,0.0,0.0,0.0	0,0,0,0,0,0,0,0,0,0,0,0,0,0,0	2,2,2,2,2,1,1,1,1,1,1,1,1,1,1	1/6,1/7,2/8,2/9,3/10,3/11,4/12,4/13,5/14,5/15	6/1/7,8/2/9,10/3/11,12/4/13,14/5/15	-	-	1,2,3,4,5,1,1,2,2,3,3,4,4,5,5
maceoff_water_897	6,6,6,6,6,6,6,6,6,6,1,1,1,1,1,1,1,1,1,1,1,1,1,1,1,1,1,1,1,1	0.0,0.0,0.0,0.0,0.0,0.0,0.0,0.0,0.0,0.0,0.0,0.0,0.0,0.0,0.0,0.0,0.0,0.0,0.0,0.0,0.0,0.0,0.0,0.0,0.0,0.0,0.0,0.0,0.0,0.0	0,0,0,0,0,0,0,0,0,0,0,0,0,0,0,0,0,0,0,0,0,0,0,0,0,0,0,0,0,0	2,2,2,2,2,2,2,2,2,2,1,1,1,1,1,1,1,1,1,1,1,1,1,1,1,1,1,1,1,1	1/11,1/12,2/13,2/14,3/15,3/16,4/17,4/18,5/19,5/20,6/21,6/22,7/23,7/24,8/25,8/26,9/27,9/28,10/29,10/30	11/1/12,13/2/14,15/3/16,17/4/18,19/5/20,21/6/22,23/7/24,25/8/26,27/9/28,29/10/30	-	-	1,2,3,4,5,6,7,8,9,10,1,1,2,2,3,3,4,4,5,5,6,6,7,7,8,8,9,9,10,10
maceoff_water_898	6,6,6,1,1,1,1,1,1	0.0,0.0,0.0,0.0,0.0,0.0,0.0,0.0,0.0	0,0,0,0,0,0,0,0,0	2,2,2,1,1,1,1,1,1	1/4,1/5,2/6,2/7,3/8,3/9	4/1/5,6/2/7,8/3/9	-	-	1,2,3,1,1,2,2,3,3
maceoff_water_899	6,1,1	0.0,0.0,0.0	0,0,0	2,1,1	1/2,1/3	2/1/3	-	-	1,1,1
maceoff_water_900	6,1,1	0.0,0.0,0.0	0,0,0	2,1,1	1/2,1/3	2/1/3	-	-	1,1,1
maceoff_water_901	6,6,6,6,6,6,6,1,1,1,1,1,1,1,1,1,1,1,1,1,1	0.0,0.0,0.0,0.0,0.0,0.0,0.0,0.0,0.0,0.0,0.0,0.0,0.0,0.0,0.0,0.0,0.0,0.0,0.0,0.0,0.0	0,0,0,0,0,0,0,0,0,0,0,0,0,0,0,0,0,0,0,0,0	2,2,2,2,2,2,2,1,1,1,1,1,1,1,1,1,1,1,1,1,1	1/8,1/9,2/10,2/11,3/12,3/13,4/14,4/15,5/16,5/17,6/18,6/19,7/20,7/21	8/1/9,10/2/11,12/3/13,14/4/15,16/5/17,18/6/19,20/7/21	-	-	1,2,3,4,5,6,7,1,1,2,2,3,3,4,4,5,5,6,6,7,7
maceoff_water_902	6,6,1,1,1,1	0.0,0.0,0.0,0.0,0.0,0.0	0,0,0,0,0,0	2,2,1,1,1,1	1/3,1/4,2/5,2/6	3/1/4,5/2/6	-	-	1,2,1,1,2,2
maceoff_water_903	6,6,6,1,1,1,1,1,1	0.0,0.0,0.0,0.0,0.0,0.0,0.0,0.0,0.0	0,0,0,0,0,0,0,0,0	2,2,2,1,1,1,1,1,1	1/4,1/5,2/6,2/7,3/8,3/9	4/1/5,6/2/7,8/3/9	-	-	1,2,3,1,1,2,2,3,3
maceoff_water_904	6,6,1,1,1,1	0.0,0.0,0.0,0.0,0.0,0.0	0,0,0,0,0,0	2,2,1,1,1,1	1/3,1/4,2/5,2/6	3/1/4,5/2/6	-	-	1,2,1,1,2,2
maceoff_water_905	6,6,6,6,6,6,6,1,1,1,1,1,1,1,1,1,1,1,1,1,1	0.0,0.0,0.0,0.0,0.0,0.0,0.0,0.0,0.0,0.0,0.0,0.0,0.0,0.0,0.0,0.0,0.0,0.0,0.0,0.0,0.0	0,0,0,0,0,0,0,0,0,0,0,0,0,0,0,0,0,0,0,0,0	2,2,2,2,2,2,2,1,1,1,1,1,1,1,1,1,1,1,1,1,1	1/8,1/9,2/10,2/11,3/12,3/13,4/14,4/15,5/16,5/17,6/18,6/19,7/20,7/21	8/1/9,10/2/11,12/3/13,14/4/15,16/5/17,18/6/19,20/7/21	-	-	1,2,3,4,5,6,7,1,1,2,2,3,3,4,4,5,5,6,6,7,7
maceoff_water_906	6,1,1	0.0,0.0,0.0	0,0,0	2,1,1	1/2,1/3	2/1/3	-	-	1,1,1
maceoff_water_907	6,6,6,6,6,1,1,1,1,1,1,1,1,1,1	0.0,0.0,0.0,0.0,0.0,0.0,0.0,0.0,0.0,0.0,0.0,0.0,0.0,0.0,0.0	0,0,0,0,0,0,0,0,0,0,0,0,0,0,0	2,2,2,2,2,1,1,1,1,1,1,1,1,1,1	1/6,1/7,2/8,2/9,3/10,3/11,4/12,4/13,5/14,5/15	6/1/7,8/2/9,10/3/11,12/4/13,14/5/15	-	-	1,2,3,4,5,1,1,2,2,3,3,4,4,5,5
maceoff_water_908	6,6,6,6,6,6,6,1,1,1,1,1,1,1,1,1,1,1,1,1,1	0.0,0.0,0.0,0.0,0.0,0.0,0.0,0.0,0.0,0.0,0.0,0.0,0.0,0.0,0.0,0.0,0.0,0.0,0.0,0.0,0.0	0,0,0,0,0,0,0,0,0,0,0,0,0,0,0,0,0,0,0,0,0	2,2,2,2,2,2,2,1,1,1,1,1,1,1,1,1,1,1,1,1,1	1/8,1/9,2/10,2/11,3/12,3/13,4/14,4/15,5/16,5/17,6/18,6/19,7/20,7/21	8/1/9,10/2/11,12/3/13,14/4/15,16/5/17,18/6/19,20/7/21	-	-	1,2,3,4,5,6,7,1,1,2,2,3,3,4,4,5,5,6,6,7,7
maceoff_water_909	6,6,1,1,1,1	0.0,0.0,0.0,0.0,0.0,0.0	0,0,0,0,0,0	2,2,1,1,1,1	1/3,1/4,2/5,2/6	3/1/4,5/2/6	-	-	1,2,1,1,2,2
maceoff_water_910	6,6,6,6,6,6,6,1,1,1,1,1,1,1,1,1,1,1,1,1,1	0.0,0.0,0.0,0.0,0.0,0.0,0.0,0.0,0.0,0.0,0.0,0.0,0.0,0.0,0.0,0.0,0.0,0.0,0.0,0.0,0.0	0,0,0,0,0,0,0,0,0,0,0,0,0,0,0,0,0,0,0,0,0	2,2,2,2,2,2,2,1,1,1,1,1,1,1,1,1,1,1,1,1,1	1/8,1/9,2/10,2/11,3/12,3/13,4/14,4/15,5/16,5/17,6/18,6/19,7/20,7/21	8/1/9,10/2/11,12/3/13,14/4/15,16/5/17,18/6/19,20/7/21	-	-	1,2,3,4,5,6,7,1,1,2,2,3,3,4,4,5,5,6,6,7,7
maceoff_water_911	6,6,6,6,6,6,6,6,6,6,6,6,6,6,6,6,6,6,6,6,6,6,6,6,6,1,1,1,1,1,1,1,1,1,1,1,1,1,1,1,1,1,1,1,1,1,1,1,1,1,1,1,1,1,1,1,1,1,1,1,1,1,1,1,1,1,1,1,1,1,1,1,1,1,1	0.0,0.0,0.0,0.0,0.0,0.0,0.0,0.0,0.0,0.0,0.0,0.0,0.0,0.0,0.0,0.0,0.0,0.0,0.0,0.0,0.0,0.0,0.0,0.0,0.0,0.0,0.0,0.0,0.0,0.0,0.0,0.0,0.0,0.0,0.0,0.0,0.0,0.0,0.0,0.0,0.0,0.0,0.0,0.0,0.0,0.0,0.0,0.0,0.0,0.0,0.0,0.0,0.0,0.0,0.0,0.0,0.0,0.0,0.0,0.0,0.0,0.0,0.0,0.0,0.0,0.0,0.0,0.0,0.0,0.0,0.0,0.0,0.0,0.0,0.0	0,0,0,0,0,0,0,0,0,0,0,0,0,0,0,0,0,0,0,0,0,0,0,0,0,0,0,0,0,0,0,0,0,0,0,0,0,0,0,0,0,0,0,0,0,0,0,0,0,0,0,0,0,0,0,0,0,0,0,0,0,0,0,0,0,0,0,0,0,0,0,0,0,0,0	2,2,2,2,2,2,2,2,2,2,2,2,2,2,2,2,2,2,2,2,2,2,2,2,2,1,1,1,1,1,1,1,1,1,1,1,1,1,1,1,1,1,1,1,1,1,1,1,1,1,1,1,1,1,1,1,1,1,1,1,1,1,1,1,1,1,1,1,1,1,1,1,1,1,1	1/26,1/27,2/28,2/29,3/30,3/31,4/32,4/33,5/34,5/35,6/36,6/37,7/38,7/39,8/40,8/41,9/42,9/43,10/44,10/45,11/46,11/47,12/48,12/49,13/50,13/51,14/52,14/53,15/54,15/55,16/56,16/57,17/58,17/59,18/60,18/61,19/62,19/63,20/64,20/65,21/66,21/67,22/68,22/69,23/70,23/71,24/72,24/73,25/74,25/75	26/1/27,28/2/29,30/3/31,32/4/33,34/5/35,36/6/37,38/7/39,40/8/41,42/9/43,44/10/45,46/11/47,48/12/49,50/13/51,52/14/53,54/15/55,56/16/57,58/17/59,60/18/61,62/19/63,64/20/65,66/21/67,68/22/69,70/23/71,72/24/73,74/25/75	-	-	1,2,3,4,5,6,7,8,9,10,11,12,13,14,15,16,17,18,19,20,21,22,23,24,25,1,1,2,2,3,3,4,4,5,5,6,6,7,7,8,8,9,9,10,10,11,11,12,12,13,13,14,14,15,15,16,16,17,17,18,18,19,19,20,20,21,21,22,22,23,23,24,24,25,25
maceoff_water_912	6,6,6,6,6,6,6,6,6,1,1,1,1,1,1,1,1,1,1,1,1,1,1,1,1,1,1	0.0,0.0,0.0,0.0,0.0,0.0,0.0,0.0,0.0,0.0,0.0,0.0,0.0,0.0,0.0,0.0,0.0,0.0,0.0,0.0,0.0,0.0,0.0,0.0,0.0,0.0,0.0	0,0,0,0,0,0,0,0,0,0,0,0,0,0,0,0,0,0,0,0,0,0,0,0,0,0,0	2,2,2,2,2,2,2,2,2,1,1,1,1,1,1,1,1,1,1,1,1,1,1,1,1,1,1	1/10,1/11,2/12,2/13,3/14,3/15,4/16,4/17,5/18,5/19,6/20,6/21,7/22,7/23,8/24,8/25,9/26,9/27	10/1/11,12/2/13,14/3/15,16/4/17,18/5/19,20/6/21,22/7/23,24/8/25,26/9/27	-	-	1,2,3,4,5,6,7,8,9,1,1,2,2,3,3,4,4,5,5,6,6,7,7,8,8,9,9
maceoff_water_913	6,6,6,6,6,1,1,1,1,1,1,1,1,1,1	0.0,0.0,0.0,0.0,0.0,0.0,0.0,0.0,0.0,0.0,0.0,0.0,0.0,0.0,0.0	0,0,0,0,0,0,0,0,0,0,0,0,0,0,0	2,2,2,2,2,1,1,1,1,1,1,1,1,1,1	1/6,1/7,2/8,2/9,3/10,3/11,4/12,4/13,5/14,5/15	6/1/7,8/2/9,10/3/11,12/4/13,14/5/15	-	-	1,2,3,4,5,1,1,2,2,3,3,4,4,5,5
maceoff_water_914	6,6,6,6,6,6,6,6,6,6,6,6,1,1,1,1,1,1,1,1,1,1,1,1,1,1,1,1,1,1,1,1,1,1,1,1	0.0,0.0,0.0,0.0,0.0,0.0,0.0,0.0,0.0,0.0,0.0,0.0,0.0,0.0,0.0,0.0,0.0,0.0,0.0,0.0,0.0,0.0,0.0,0.0,0.0,0.0,0.0,0.0,0.0,0.0,0.0,0.0,0.0,0.0,0.0,0.0	0,0,0,0,0,0,0,0,0,0,0,0,0,0,0,0,0,0,0,0,0,0,0,0,0,0,0,0,0,0,0,0,0,0,0,0	2,2,2,2,2,2,2,2,2,2,2,2,1,1,1,1,1,1,1,1,1,1,1,1,1,1,1,1,1,1,1,1,1,1,1,1	1/13,1/14,2/15,2/16,3/17,3/18,4/19,4/20,5/21,5/22,6/23,6/24,7/25,7/26,8/27,8/28,9/29,9/30,10/31,10/32,11/33,11/34,12/35,12/36	13/1/14,15/2/16,17/3/18,19/4/20,21/5/22,23/6/24,25/7/26,27/8/28,29/9/30,31/10/32,33/11/34,35/12/36	-	-	1,2,3,4,5,6,7,8,9,10,11,12,1,1,2,2,3,3,4,4,5,5,6,6,7,7,8,8,9,9,10,10,11,11,12,12
maceoff_water_915	6,1,1	0.0,0.0,0.0	0,0,0	2,1,1	1/2,1/3	2/1/3	-	-	1,1,1
maceoff_water_916	6,6,1,1,1,1	0.0,0.0,0.0,0.0,0.0,0.0	0,0,0,0,0,0	2,2,1,1,1,1	1/3,1/4,2/5,2/6	3/1/4,5/2/6	-	-	1,2,1,1,2,2
maceoff_water_917	6,6,6,6,6,6,6,6,1,1,1,1,1,1,1,1,1,1,1,1,1,1,1,1	0.0,0.0,0.0,0.0,0.0,0.0,0.0,0.0,0.0,0.0,0.0,0.0,0.0,0.0,0.0,0.0,0.0,0.0,0.0,0.0,0.0,0.0,0.0,0.0	0,0,0,0,0,0,0,0,0,0,0,0,0,0,0,0,0,0,0,0,0,0,0,0	2,2,2,2,2,2,2,2,1,1,1,1,1,1,1,1,1,1,1,1,1,1,1,1	1/9,1/10,2/11,2/12,3/13,3/14,4/15,4/16,5/17,5/18,6/19,6/20,7/21,7/22,8/23,8/24	9/1/10,11/2/12,13/3/14,15/4/16,17/5/18,19/6/20,21/7/22,23/8/24	-	-	1,2,3,4,5,6,7,8,1,1,2,2,3,3,4,4,5,5,6,6,7,7,8,8
maceoff_water_918	6,1,1	0.0,0.0,0.0	0,0,0	2,1,1	1/2,1/3	2/1/3	-	-	1,1,1
maceoff_water_919	6,6,6,6,6,6,6,1,1,1,1,1,1,1,1,1,1,1,1,1,1	0.0,0.0,0.0,0.0,0.0,0.0,0.0,0.0,0.0,0.0,0.0,0.0,0.0,0.0,0.0,0.0,0.0,0.0,0.0,0.0,0.0	0,0,0,0,0,0,0,0,0,0,0,0,0,0,0,0,0,0,0,0,0	2,2,2,2,2,2,2,1,1,1,1,1,1,1,1,1,1,1,1,1,1	1/8,1/9,2/10,2/11,3/12,3/13,4/14,4/15,5/16,5/17,6/18,6/19,7/20,7/21	8/1/9,10/2/11,12/3/13,14/4/15,16/5/17,18/6/19,20/7/21	-	-	1,2,3,4,5,6,7,1,1,2,2,3,3,4,4,5,5,6,6,7,7
maceoff_water_920	6,6,1,1,1,1	0.0,0.0,0.0,0.0,0.0,0.0	0,0,0,0,0,0	2,2,1,1,1,1	1/3,1/4,2/5,2/6	3/1/4,5/2/6	-	-	1,2,1,1,2,2
maceoff_water_921	6,6,6,6,6,6,6,6,6,6,6,6,6,6,6,6,6,6,6,6,6,6,6,6,6,6,6,6,6,6,6,6,6,6,6,6,6,6,6,6,6,6,6,6,6,6,6,6,6,6,1,1,1,1,1,1,1,1,1,1,1,1,1,1,1,1,1,1,1,1,1,1,1,1,1,1,1,1,1,1,1,1,1,1,1,1,1,1,1,1,1,1,1,1,1,1,1,1,1,1,1,1,1,1,1,1,1,1,1,1,1,1,1,1,1,1,1,1,1,1,1,1,1,1,1,1,1,1,1,1,1,1,1,1,1,1,1,1,1,1,1,1,1,1,1,1,1,1,1,1	0.0,0.0,0.0,0.0,0.0,0.0,0.0,0.0,0.0,0.0,0.0,0.0,0.0,0.0,0.0,0.0,0.0,0.0,0.0,0.0,0.0,0.0,0.0,0.0,0.0,0.0,0.0,0.0,0.0,0.0,0.0,0.0,0.0,0.0,0.0,0.0,0.0,0.0,0.0,0.0,0.0,0.0,0.0,0.0,0.0,0.0,0.0,0.0,0.0,0.0,0.0,0.0,0.0,0.0,0.0,0.0,0.0,0.0,0.0,0.0,0.0,0.0,0.0,0.0,0.0,0.0,0.0,0.0,0.0,0.0,0.0,0.0,0.0,0.0,0.0,0.0,0.0,0.0,0.0,0.0,0.0,0.0,0.0,0.0,0.0,0.0,0.0,0.0,0.0,0.0,0.0,0.0,0.0,0.0,0.0,0.0,0.0,0.0,0.0,0.0,0.0,0.0,0.0,0.0,0.0,0.0,0.0,0.0,0.0,0.0,0.0,0.0,0.0,0.0,0.0,0.0,0.0,0.0,0.0,0.0,0.0,0.0,0.0,0.0,0.0,0.0,0.0,0.0,0.0,0.0,0.0,0.0,0.0,0.0,0.0,0.0,0.0,0.0,0.0,0.0,0.0,0.0,0.0,0.0,0.0,0.0,0.0,0.0,0.0,0.0	0,0,0,0,0,0,0,0,0,0,0,0,0,0,0,0,0,0,0,0,0,0,0,0,0,0,0,0,0,0,0,0,0,0,0,0,0,0,0,0,0,0,0,0,0,0,0,0,0,0,0,0,0,0,0,0,0,0,0,0,0,0,0,0,0,0,0,0,0,0,0,0,0,0,0,0,0,0,0,0,0,0,0,0,0,0,0,0,0,0,0,0,0,0,0,0,0,0,0,0,0,0,0,0,0,0,0,0,0,0,0,0,0,0,0,0,0,0,0,0,0,0,0,0,0,0,0,0,0,0,0,0,0,0,0,0,0,0,0,0,0,0,0,0,0,0,0,0,0,0	2,2,2,2,2,2,2,2,2,2,2,2,2,2,2,2,2,2,2,2,2,2,2,2,2,2,2,2,2,2,2,2,2,2,2,2,2,2,2,2,2,2,2,2,2,2,2,2,2,2,1,1,1,1,1,1,1,1,1,1,1,1,1,1,1,1,1,1,1,1,1,1,1,1,1,1,1,1,1,1,1,1,1,1,1,1,1,1,1,1,1,1,1,1,1,1,1,1,1,1,1,1,1,1,1,1,1,1,1,1,1,1,1,1,1,1,1,1,1,1,1,1,1,1,1,1,1,1,1,1,1,1,1,1,1,1,1,1,1,1,1,1,1,1,1,1,1,1,1,1	1/51,1/52,2/53,2/54,3/55,3/56,4/57,4/58,5/59,5/60,6/61,6/62,7/63,7/64,8/65,8/66,9/67,9/68,10/69,10/70,11/71,11/72,12/73,12/74,13/75,13/76,14/77,14/78,15/79,15/80,16/81,16/82,17/83,17/84,18/85,18/86,19/87,19/88,20/89,20/90,21/91,21/92,22/93,22/94,23/95,23/96,24/97,24/98,25/99,25/100,26/101,26/102,27/103,27/104,28/105,28/106,29/107,29/108,30/109,30/110,31/111,31/112,32/113,32/114,33/115,33/116,34/117,34/118,35/119,35/120,36/121,36/122,37/123,37/124,38/125,38/126,39/127,39/128,40/129,40/130,41/131,41/132,42/133,42/134,43/135,43/136,44/137,44/138,45/139,45/140,46/141,46/142,47/143,47/144,48/145,48/146,49/147,49/148,50/149,50/150	51/1/52,53/2/54,55/3/56,57/4/58,59/5/60,61/6/62,63/7/64,65/8/66,67/9/68,69/10/70,71/11/72,73/12/74,75/13/76,77/14/78,79/15/80,81/16/82,83/17/84,85/18/86,87/19/88,89/20/90,91/21/92,93/22/94,95/23/96,97/24/98,99/25/100,101/26/102,103/27/104,105/28/106,107/29/108,109/30/110,111/31/112,113/32/114,115/33/116,117/34/118,119/35/120,121/36/122,123/37/124,125/38/126,127/39/128,129/40/130,131/41/132,133/42/134,135/43/136,137/44/138,139/45/140,141/46/142,143/47/144,145/48/146,147/49/148,149/50/150	-	-	1,2,3,4,5,6,7,8,9,10,11,12,13,14,15,16,17,18,19,20,21,22,23,24,25,26,27,28,29,30,31,32,33,34,35,36,37,38,39,40,41,42,43,44,45,46,47,48,49,50,1,1,2,2,3,3,4,4,5,5,6,6,7,7,8,8,9,9,10,10,11,11,12,12,13,13,14,14,15,15,16,16,17,17,18,18,19,19,20,20,21,21,22,22,23,23,24,24,25,25,26,26,27,27,28,28,29,29,30,30,31,31,32,32,33,33,34,34,35,35,36,36,37,37,38,38,39,39,40,40,41,41,42,42,43,43,44,44,45,45,46,46,47,47,48,48,49,49,50,50
maceoff_water_922	6,6,6,6,6,6,1,1,1,1,1,1,1,1,1,1,1,1	0.0,0.0,0.0,0.0,0.0,0.0,0.0,0.0,0.0,0.0,0.0,0.0,0.0,0.0,0.0,0.0,0.0,0.0	0,0,0,0,0,0,0,0,0,0,0,0,0,0,0,0,0,0	2,2,2,2,2,2,1,1,1,1,1,1,1,1,1,1,1,1	1/7,1/8,2/9,2/10,3/11,3/12,4/13,4/14,5/15,5/16,6/17,6/18	7/1/8,9/2/10,11/3/12,13/4/14,15/5/16,17/6/18	-	-	1,2,3,4,5,6,1,1,2,2,3,3,4,4,5,5,6,6
maceoff_water_923	6,1,1	0.0,0.0,0.0	0,0,0	2,1,1	1/2,1/3	2/1/3	-	-	1,1,1
maceoff_water_924	6,6,6,1,1,1,1,1,1	0.0,0.0,0.0,0.0,0.0,0.0,0.0,0.0,0.0	0,0,0,0,0,0,0,0,0	2,2,2,1,1,1,1,1,1	1/4,1/5,2/6,2/7,3/8,3/9	4/1/5,6/2/7,8/3/9	-	-	1,2,3,1,1,2,2,3,3
maceoff_water_925	6,6,6,6,6,6,6,6,6,6,6,1,1,1,1,1,1,1,1,1,1,1,1,1,1,1,1,1,1,1,1,1,1	0.0,0.0,0.0,0.0,0.0,0.0,0.0,0.0,0.0,0.0,0.0,0.0,0.0,0.0,0.0,0.0,0.0,0.0,0.0,0.0,0.0,0.0,0.0,0.0,0.0,0.0,0.0,0.0,0.0,0.0,0.0,0.0,0.0	0,0,0,0,0,0,0,0,0,0,0,0,0,0,0,0,0,0,0,0,0,0,0,0,0,0,0,0,0,0,0,0,0	2,2,2,2,2,2,2,2,2,2,2,1,1,1,1,1,1,1,1,1,1,1,1,1,1,1,1,1,1,1,1,1,1	1/12,1/13,2/14,2/15,3/16,3/17,4/18,4/19,5/20,5/21,6/22,6/23,7/24,7/25,8/26,8/27,9/28,9/29,10/30,10/31,11/32,11/33	12/1/13,14/2/15,16/3/17,18/4/19,20/5/21,22/6/23,24/7/25,26/8/27,28/9/29,30/10/31,32/11/33	-	-	1,2,3,4,5,6,7,8,9,10,11,1,1,2,2,3,3,4,4,5,5,6,6,7,7,8,8,9,9,10,10,11,11
maceoff_water_926	6,6,6,6,6,6,1,1,1,1,1,1,1,1,1,1,1,1	0.0,0.0,0.0,0.0,0.0,0.0,0.0,0.0,0.0,0.0,0.0,0.0,0.0,0.0,0.0,0.0,0.0,0.0	0,0,0,0,0,0,0,0,0,0,0,0,0,0,0,0,0,0	2,2,2,2,2,2,1,1,1,1,1,1,1,1,1,1,1,1	1/7,1/8,2/9,2/10,3/11,3/12,4/13,4/14,5/15,5/16,6/17,6/18	7/1/8,9/2/10,11/3/12,13/4/14,15/5/16,17/6/18	-	-	1,2,3,4,5,6,1,1,2,2,3,3,4,4,5,5,6,6
maceoff_water_927	6,1,1	0.0,0.0,0.0	0,0,0	2,1,1	1/2,1/3	2/1/3	-	-	1,1,1
maceoff_water_928	6,6,6,6,6,6,6,6,6,6,1,1,1,1,1,1,1,1,1,1,1,1,1,1,1,1,1,1,1,1	0.0,0.0,0.0,0.0,0.0,0.0,0.0,0.0,0.0,0.0,0.0,0.0,0.0,0.0,0.0,0.0,0.0,0.0,0.0,0.0,0.0,0.0,0.0,0.0,0.0,0.0,0.0,0.0,0.0,0.0	0,0,0,0,0,0,0,0,0,0,0,0,0,0,0,0,0,0,0,0,0,0,0,0,0,0,0,0,0,0	2,2,2,2,2,2,2,2,2,2,1,1,1,1,1,1,1,1,1,1,1,1,1,1,1,1,1,1,1,1	1/11,1/12,2/13,2/14,3/15,3/16,4/17,4/18,5/19,5/20,6/21,6/22,7/23,7/24,8/25,8/26,9/27,9/28,10/29,10/30	11/1/12,13/2/14,15/3/16,17/4/18,19/5/20,21/6/22,23/7/24,25/8/26,27/9/28,29/10/30	-	-	1,2,3,4,5,6,7,8,9,10,1,1,2,2,3,3,4,4,5,5,6,6,7,7,8,8,9,9,10,10
maceoff_water_929	6,6,6,6,6,6,6,1,1,1,1,1,1,1,1,1,1,1,1,1,1	0.0,0.0,0.0,0.0,0.0,0.0,0.0,0.0,0.0,0.0,0.0,0.0,0.0,0.0,0.0,0.0,0.0,0.0,0.0,0.0,0.0	0,0,0,0,0,0,0,0,0,0,0,0,0,0,0,0,0,0,0,0,0	2,2,2,2,2,2,2,1,1,1,1,1,1,1,1,1,1,1,1,1,1	1/8,1/9,2/10,2/11,3/12,3/13,4/14,4/15,5/16,5/17,6/18,6/19,7/20,7/21	8/1/9,10/2/11,12/3/13,14/4/15,16/5/17,18/6/19,20/7/21	-	-	1,2,3,4,5,6,7,1,1,2,2,3,3,4,4,5,5,6,6,7,7
maceoff_water_930	6,6,6,6,1,1,1,1,1,1,1,1	0.0,0.0,0.0,0.0,0.0,0.0,0.0,0.0,0.0,0.0,0.0,0.0	0,0,0,0,0,0,0,0,0,0,0,0	2,2,2,2,1,1,1,1,1,1,1,1	1/5,1/6,2/7,2/8,3/9,3/10,4/11,4/12	5/1/6,7/2/8,9/3/10,11/4/12	-	-	1,2,3,4,1,1,2,2,3,3,4,4
maceoff_water_931	6,6,6,6,6,6,6,6,6,6,6,1,1,1,1,1,1,1,1,1,1,1,1,1,1,1,1,1,1,1,1,1,1	0.0,0.0,0.0,0.0,0.0,0.0,0.0,0.0,0.0,0.0,0.0,0.0,0.0,0.0,0.0,0.0,0.0,0.0,0.0,0.0,0.0,0.0,0.0,0.0,0.0,0.0,0.0,0.0,0.0,0.0,0.0,0.0,0.0	0,0,0,0,0,0,0,0,0,0,0,0,0,0,0,0,0,0,0,0,0,0,0,0,0,0,0,0,0,0,0,0,0	2,2,2,2,2,2,2,2,2,2,2,1,1,1,1,1,1,1,1,1,1,1,1,1,1,1,1,1,1,1,1,1,1	1/12,1/13,2/14,2/15,3/16,3/17,4/18,4/19,5/20,5/21,6/22,6/23,7/24,7/25,8/26,8/27,9/28,9/29,10/30,10/31,11/32,11/33	12/1/13,14/2/15,16/3/17,18/4/19,20/5/21,22/6/23,24/7/25,26/8/27,28/9/29,30/10/31,32/11/33	-	-	1,2,3,4,5,6,7,8,9,10,11,1,1,2,2,3,3,4,4,5,5,6,6,7,7,8,8,9,9,10,10,11,11
maceoff_water_932	6,6,6,6,6,6,6,6,1,1,1,1,1,1,1,1,1,1,1,1,1,1,1,1	0.0,0.0,0.0,0.0,0.0,0.0,0.0,0.0,0.0,0.0,0.0,0.0,0.0,0.0,0.0,0.0,0.0,0.0,0.0,0.0,0.0,0.0,0.0,0.0	0,0,0,0,0,0,0,0,0,0,0,0,0,0,0,0,0,0,0,0,0,0,0,0	2,2,2,2,2,2,2,2,1,1,1,1,1,1,1,1,1,1,1,1,1,1,1,1	1/9,1/10,2/11,2/12,3/13,3/14,4/15,4/16,5/17,5/18,6/19,6/20,7/21,7/22,8/23,8/24	9/1/10,11/2/12,13/3/14,15/4/16,17/5/18,19/6/20,21/7/22,23/8/24	-	-	1,2,3,4,5,6,7,8,1,1,2,2,3,3,4,4,5,5,6,6,7,7,8,8
maceoff_water_933	6,6,6,6,6,6,6,6,6,6,6,6,6,6,6,6,6,6,6,6,6,6,6,6,6,1,1,1,1,1,1,1,1,1,1,1,1,1,1,1,1,1,1,1,1,1,1,1,1,1,1,1,1,1,1,1,1,1,1,1,1,1,1,1,1,1,1,1,1,1,1,1,1,1,1	0.0,0.0,0.0,0.0,0.0,0.0,0.0,0.0,0.0,0.0,0.0,0.0,0.0,0.0,0.0,0.0,0.0,0.0,0.0,0.0,0.0,0.0,0.0,0.0,0.0,0.0,0.0,0.0,0.0,0.0,0.0,0.0,0.0,0.0,0.0,0.0,0.0,0.0,0.0,0.0,0.0,0.0,0.0,0.0,0.0,0.0,0.0,0.0,0.0,0.0,0.0,0.0,0.0,0.0,0.0,0.0,0.0,0.0,0.0,0.0,0.0,0.0,0.0,0.0,0.0,0.0,0.0,0.0,0.0,0.0,0.0,0.0,0.0,0.0,0.0	0,0,0,0,0,0,0,0,0,0,0,0,0,0,0,0,0,0,0,0,0,0,0,0,0,0,0,0,0,0,0,0,0,0,0,0,0,0,0,0,0,0,0,0,0,0,0,0,0,0,0,0,0,0,0,0,0,0,0,0,0,0,0,0,0,0,0,0,0,0,0,0,0,0,0	2,2,2,2,2,2,2,2,2,2,2,2,2,2,2,2,2,2,2,2,2,2,2,2,2,1,1,1,1,1,1,1,1,1,1,1,1,1,1,1,1,1,1,1,1,1,1,1,1,1,1,1,1,1,1,1,1,1,1,1,1,1,1,1,1,1,1,1,1,1,1,1,1,1,1	1/26,1/27,2/28,2/29,3/30,3/31,4/32,4/33,5/34,5/35,6/36,6/37,7/38,7/39,8/40,8/41,9/42,9/43,10/44,10/45,11/46,11/47,12/48,12/49,13/50,13/51,14/52,14/53,15/54,15/55,16/56,16/57,17/58,17/59,18/60,18/61,19/62,19/63,20/64,20/65,21/66,21/67,22/68,22/69,23/70,23/71,24/72,24/73,25/74,25/75	26/1/27,28/2/29,30/3/31,32/4/33,34/5/35,36/6/37,38/7/39,40/8/41,42/9/43,44/10/45,46/11/47,48/12/49,50/13/51,52/14/53,54/15/55,56/16/57,58/17/59,60/18/61,62/19/63,64/20/65,66/21/67,68/22/69,70/23/71,72/24/73,74/25/75	-	-	1,2,3,4,5,6,7,8,9,10,11,12,13,14,15,16,17,18,19,20,21,22,23,24,25,1,1,2,2,3,3,4,4,5,5,6,6,7,7,8,8,9,9,10,10,11,11,12,12,13,13,14,14,15,15,16,16,17,17,18,18,19,19,20,20,21,21,22,22,23,23,24,24,25,25
maceoff_water_934	6,6,6,6,6,6,6,6,6,6,6,6,1,1,1,1,1,1,1,1,1,1,1,1,1,1,1,1,1,1,1,1,1,1,1,1	0.0,0.0,0.0,0.0,0.0,0.0,0.0,0.0,0.0,0.0,0.0,0.0,0.0,0.0,0.0,0.0,0.0,0.0,0.0,0.0,0.0,0.0,0.0,0.0,0.0,0.0,0.0,0.0,0.0,0.0,0.0,0.0,0.0,0.0,0.0,0.0	0,0,0,0,0,0,0,0,0,0,0,0,0,0,0,0,0,0,0,0,0,0,0,0,0,0,0,0,0,0,0,0,0,0,0,0	2,2,2,2,2,2,2,2,2,2,2,2,1,1,1,1,1,1,1,1,1,1,1,1,1,1,1,1,1,1,1,1,1,1,1,1	1/13,1/14,2/15,2/16,3/17,3/18,4/19,4/20,5/21,5/22,6/23,6/24,7/25,7/26,8/27,8/28,9/29,9/30,10/31,10/32,11/33,11/34,12/35,12/36	13/1/14,15/2/16,17/3/18,19/4/20,21/5/22,23/6/24,25/7/26,27/8/28,29/9/30,31/10/32,33/11/34,35/12/36	-	-	1,2,3,4,5,6,7,8,9,10,11,12,1,1,2,2,3,3,4,4,5,5,6,6,7,7,8,8,9,9,10,10,11,11,12,12
maceoff_water_935	6,6,6,6,6,1,1,1,1,1,1,1,1,1,1	0.0,0.0,0.0,0.0,0.0,0.0,0.0,0.0,0.0,0.0,0.0,0.0,0.0,0.0,0.0	0,0,0,0,0,0,0,0,0,0,0,0,0,0,0	2,2,2,2,2,1,1,1,1,1,1,1,1,1,1	1/6,1/7,2/8,2/9,3/10,3/11,4/12,4/13,5/14,5/15	6/1/7,8/2/9,10/3/11,12/4/13,14/5/15	-	-	1,2,3,4,5,1,1,2,2,3,3,4,4,5,5
maceoff_water_936	6,6,6,6,6,6,6,6,6,6,1,1,1,1,1,1,1,1,1,1,1,1,1,1,1,1,1,1,1,1	0.0,0.0,0.0,0.0,0.0,0.0,0.0,0.0,0.0,0.0,0.0,0.0,0.0,0.0,0.0,0.0,0.0,0.0,0.0,0.0,0.0,0.0,0.0,0.0,0.0,0.0,0.0,0.0,0.0,0.0	0,0,0,0,0,0,0,0,0,0,0,0,0,0,0,0,0,0,0,0,0,0,0,0,0,0,0,0,0,0	2,2,2,2,2,2,2,2,2,2,1,1,1,1,1,1,1,1,1,1,1,1,1,1,1,1,1,1,1,1	1/11,1/12,2/13,2/14,3/15,3/16,4/17,4/18,5/19,5/20,6/21,6/22,7/23,7/24,8/25,8/26,9/27,9/28,10/29,10/30	11/1/12,13/2/14,15/3/16,17/4/18,19/5/20,21/6/22,23/7/24,25/8/26,27/9/28,29/10/30	-	-	1,2,3,4,5,6,7,8,9,10,1,1,2,2,3,3,4,4,5,5,6,6,7,7,8,8,9,9,10,10
maceoff_water_937	6,6,6,6,6,1,1,1,1,1,1,1,1,1,1	0.0,0.0,0.0,0.0,0.0,0.0,0.0,0.0,0.0,0.0,0.0,0.0,0.0,0.0,0.0	0,0,0,0,0,0,0,0,0,0,0,0,0,0,0	2,2,2,2,2,1,1,1,1,1,1,1,1,1,1	1/6,1/7,2/8,2/9,3/10,3/11,4/12,4/13,5/14,5/15	6/1/7,8/2/9,10/3/11,12/4/13,14/5/15	-	-	1,2,3,4,5,1,1,2,2,3,3,4,4,5,5
maceoff_water_938	6,1,1	0.0,0.0,0.0	0,0,0	2,1,1	1/2,1/3	2/1/3	-	-	1,1,1
maceoff_water_939	6,6,6,6,6,6,6,6,6,1,1,1,1,1,1,1,1,1,1,1,1,1,1,1,1,1,1	0.0,0.0,0.0,0.0,0.0,0.0,0.0,0.0,0.0,0.0,0.0,0.0,0.0,0.0,0.0,0.0,0.0,0.0,0.0,0.0,0.0,0.0,0.0,0.0,0.0,0.0,0.0	0,0,0,0,0,0,0,0,0,0,0,0,0,0,0,0,0,0,0,0,0,0,0,0,0,0,0	2,2,2,2,2,2,2,2,2,1,1,1,1,1,1,1,1,1,1,1,1,1,1,1,1,1,1	1/10,1/11,2/12,2/13,3/14,3/15,4/16,4/17,5/18,5/19,6/20,6/21,7/22,7/23,8/24,8/25,9/26,9/27	10/1/11,12/2/13,14/3/15,16/4/17,18/5/19,20/6/21,22/7/23,24/8/25,26/9/27	-	-	1,2,3,4,5,6,7,8,9,1,1,2,2,3,3,4,4,5,5,6,6,7,7,8,8,9,9
maceoff_water_940	6,6,6,6,6,6,6,6,6,6,6,1,1,1,1,1,1,1,1,1,1,1,1,1,1,1,1,1,1,1,1,1,1	0.0,0.0,0.0,0.0,0.0,0.0,0.0,0.0,0.0,0.0,0.0,0.0,0.0,0.0,0.0,0.0,0.0,0.0,0.0,0.0,0.0,0.0,0.0,0.0,0.0,0.0,0.0,0.0,0.0,0.0,0.0,0.0,0.0	0,0,0,0,0,0,0,0,0,0,0,0,0,0,0,0,0,0,0,0,0,0,0,0,0,0,0,0,0,0,0,0,0	2,2,2,2,2,2,2,2,2,2,2,1,1,1,1,1,1,1,1,1,1,1,1,1,1,1,1,1,1,1,1,1,1	1/12,1/13,2/14,2/15,3/16,3/17,4/18,4/19,5/20,5/21,6/22,6/23,7/24,7/25,8/26,8/27,9/28,9/29,10/30,10/31,11/32,11/33	12/1/13,14/2/15,16/3/17,18/4/19,20/5/21,22/6/23,24/7/25,26/8/27,28/9/29,30/10/31,32/11/33	-	-	1,2,3,4,5,6,7,8,9,10,11,1,1,2,2,3,3,4,4,5,5,6,6,7,7,8,8,9,9,10,10,11,11
maceoff_water_941	6,6,6,6,6,6,6,1,1,1,1,1,1,1,1,1,1,1,1,1,1	0.0,0.0,0.0,0.0,0.0,0.0,0.0,0.0,0.0,0.0,0.0,0.0,0.0,0.0,0.0,0.0,0.0,0.0,0.0,0.0,0.0	0,0,0,0,0,0,0,0,0,0,0,0,0,0,0,0,0,0,0,0,0	2,2,2,2,2,2,2,1,1,1,1,1,1,1,1,1,1,1,1,1,1	1/8,1/9,2/10,2/11,3/12,3/13,4/14,4/15,5/16,5/17,6/18,6/19,7/20,7/21	8/1/9,10/2/11,12/3/13,14/4/15,16/5/17,18/6/19,20/7/21	-	-	1,2,3,4,5,6,7,1,1,2,2,3,3,4,4,5,5,6,6,7,7
maceoff_water_942	6,6,6,6,6,6,6,6,1,1,1,1,1,1,1,1,1,1,1,1,1,1,1,1	0.0,0.0,0.0,0.0,0.0,0.0,0.0,0.0,0.0,0.0,0.0,0.0,0.0,0.0,0.0,0.0,0.0,0.0,0.0,0.0,0.0,0.0,0.0,0.0	0,0,0,0,0,0,0,0,0,0,0,0,0,0,0,0,0,0,0,0,0,0,0,0	2,2,2,2,2,2,2,2,1,1,1,1,1,1,1,1,1,1,1,1,1,1,1,1	1/9,1/10,2/11,2/12,3/13,3/14,4/15,4/16,5/17,5/18,6/19,6/20,7/21,7/22,8/23,8/24	9/1/10,11/2/12,13/3/14,15/4/16,17/5/18,19/6/20,21/7/22,23/8/24	-	-	1,2,3,4,5,6,7,8,1,1,2,2,3,3,4,4,5,5,6,6,7,7,8,8
maceoff_water_943	6,6,6,6,6,6,6,6,6,6,6,1,1,1,1,1,1,1,1,1,1,1,1,1,1,1,1,1,1,1,1,1,1	0.0,0.0,0.0,0.0,0.0,0.0,0.0,0.0,0.0,0.0,0.0,0.0,0.0,0.0,0.0,0.0,0.0,0.0,0.0,0.0,0.0,0.0,0.0,0.0,0.0,0.0,0.0,0.0,0.0,0.0,0.0,0.0,0.0	0,0,0,0,0,0,0,0,0,0,0,0,0,0,0,0,0,0,0,0,0,0,0,0,0,0,0,0,0,0,0,0,0	2,2,2,2,2,2,2,2,2,2,2,1,1,1,1,1,1,1,1,1,1,1,1,1,1,1,1,1,1,1,1,1,1	1/12,1/13,2/14,2/15,3/16,3/17,4/18,4/19,5/20,5/21,6/22,6/23,7/24,7/25,8/26,8/27,9/28,9/29,10/30,10/31,11/32,11/33	12/1/13,14/2/15,16/3/17,18/4/19,20/5/21,22/6/23,24/7/25,26/8/27,28/9/29,30/10/31,32/11/33	-	-	1,2,3,4,5,6,7,8,9,10,11,1,1,2,2,3,3,4,4,5,5,6,6,7,7,8,8,9,9,10,10,11,11
maceoff_water_944	6,6,6,6,6,6,6,6,6,6,6,1,1,1,1,1,1,1,1,1,1,1,1,1,1,1,1,1,1,1,1,1,1	0.0,0.0,0.0,0.0,0.0,0.0,0.0,0.0,0.0,0.0,0.0,0.0,0.0,0.0,0.0,0.0,0.0,0.0,0.0,0.0,0.0,0.0,0.0,0.0,0.0,0.0,0.0,0.0,0.0,0.0,0.0,0.0,0.0	0,0,0,0,0,0,0,0,0,0,0,0,0,0,0,0,0,0,0,0,0,0,0,0,0,0,0,0,0,0,0,0,0	2,2,2,2,2,2,2,2,2,2,2,1,1,1,1,1,1,1,1,1,1,1,1,1,1,1,1,1,1,1,1,1,1	1/12,1/13,2/14,2/15,3/16,3/17,4/18,4/19,5/20,5/21,6/22,6/23,7/24,7/25,8/26,8/27,9/28,9/29,10/30,10/31,11/32,11/33	12/1/13,14/2/15,16/3/17,18/4/19,20/5/21,22/6/23,24/7/25,26/8/27,28/9/29,30/10/31,32/11/33	-	-	1,2,3,4,5,6,7,8,9,10,11,1,1,2,2,3,3,4,4,5,5,6,6,7,7,8,8,9,9,10,10,11,11
maceoff_water_945	6,1,1	0.0,0.0,0.0	0,0,0	2,1,1	1/2,1/3	2/1/3	-	-	1,1,1
maceoff_water_946	6,6,6,6,6,6,1,1,1,1,1,1,1,1,1,1,1,1	0.0,0.0,0.0,0.0,0.0,0.0,0.0,0.0,0.0,0.0,0.0,0.0,0.0,0.0,0.0,0.0,0.0,0.0	0,0,0,0,0,0,0,0,0,0,0,0,0,0,0,0,0,0	2,2,2,2,2,2,1,1,1,1,1,1,1,1,1,1,1,1	1/7,1/8,2/9,2/10,3/11,3/12,4/13,4/14,5/15,5/16,6/17,6/18	7/1/8,9/2/10,11/3/12,13/4/14,15/5/16,17/6/18	-	-	1,2,3,4,5,6,1,1,2,2,3,3,4,4,5,5,6,6
maceoff_water_947	6,6,6,6,6,6,6,1,1,1,1,1,1,1,1,1,1,1,1,1,1	0.0,0.0,0.0,0.0,0.0,0.0,0.0,0.0,0.0,0.0,0.0,0.0,0.0,0.0,0.0,0.0,0.0,0.0,0.0,0.0,0.0	0,0,0,0,0,0,0,0,0,0,0,0,0,0,0,0,0,0,0,0,0	2,2,2,2,2,2,2,1,1,1,1,1,1,1,1,1,1,1,1,1,1	1/8,1/9,2/10,2/11,3/12,3/13,4/14,4/15,5/16,5/17,6/18,6/19,7/20,7/21	8/1/9,10/2/11,12/3/13,14/4/15,16/5/17,18/6/19,20/7/21	-	-	1,2,3,4,5,6,7,1,1,2,2,3,3,4,4,5,5,6,6,7,7
maceoff_water_948	6,6,6,6,6,6,6,6,6,6,6,6,6,6,6,6,6,6,6,6,6,6,6,6,6,1,1,1,1,1,1,1,1,1,1,1,1,1,1,1,1,1,1,1,1,1,1,1,1,1,1,1,1,1,1,1,1,1,1,1,1,1,1,1,1,1,1,1,1,1,1,1,1,1,1	0.0,0.0,0.0,0.0,0.0,0.0,0.0,0.0,0.0,0.0,0.0,0.0,0.0,0.0,0.0,0.0,0.0,0.0,0.0,0.0,0.0,0.0,0.0,0.0,0.0,0.0,0.0,0.0,0.0,0.0,0.0,0.0,0.0,0.0,0.0,0.0,0.0,0.0,0.0,0.0,0.0,0.0,0.0,0.0,0.0,0.0,0.0,0.0,0.0,0.0,0.0,0.0,0.0,0.0,0.0,0.0,0.0,0.0,0.0,0.0,0.0,0.0,0.0,0.0,0.0,0.0,0.0,0.0,0.0,0.0,0.0,0.0,0.0,0.0,0.0	0,0,0,0,0,0,0,0,0,0,0,0,0,0,0,0,0,0,0,0,0,0,0,0,0,0,0,0,0,0,0,0,0,0,0,0,0,0,0,0,0,0,0,0,0,0,0,0,0,0,0,0,0,0,0,0,0,0,0,0,0,0,0,0,0,0,0,0,0,0,0,0,0,0,0	2,2,2,2,2,2,2,2,2,2,2,2,2,2,2,2,2,2,2,2,2,2,2,2,2,1,1,1,1,1,1,1,1,1,1,1,1,1,1,1,1,1,1,1,1,1,1,1,1,1,1,1,1,1,1,1,1,1,1,1,1,1,1,1,1,1,1,1,1,1,1,1,1,1,1	1/26,1/27,2/28,2/29,3/30,3/31,4/32,4/33,5/34,5/35,6/36,6/37,7/38,7/39,8/40,8/41,9/42,9/43,10/44,10/45,11/46,11/47,12/48,12/49,13/50,13/51,14/52,14/53,15/54,15/55,16/56,16/57,17/58,17/59,18/60,18/61,19/62,19/63,20/64,20/65,21/66,21/67,22/68,22/69,23/70,23/71,24/72,24/73,25/74,25/75	26/1/27,28/2/29,30/3/31,32/4/33,34/5/35,36/6/37,38/7/39,40/8/41,42/9/43,44/10/45,46/11/47,48/12/49,50/13/51,52/14/53,54/15/55,56/16/57,58/17/59,60/18/61,62/19/63,64/20/65,66/21/67,68/22/69,70/23/71,72/24/73,74/25/75	-	-	1,2,3,4,5,6,7,8,9,10,11,12,13,14,15,16,17,18,19,20,21,22,23,24,25,1,1,2,2,3,3,4,4,5,5,6,6,7,7,8,8,9,9,10,10,11,11,12,12,13,13,14,14,15,15,16,16,17,17,18,18,19,19,20,20,21,21,22,22,23,23,24,24,25,25
maceoff_water_949	6,6,6,6,6,6,6,6,6,6,6,6,6,6,6,6,6,6,6,6,6,6,6,6,6,1,1,1,1,1,1,1,1,1,1,1,1,1,1,1,1,1,1,1,1,1,1,1,1,1,1,1,1,1,1,1,1,1,1,1,1,1,1,1,1,1,1,1,1,1,1,1,1,1,1	0.0,0.0,0.0,0.0,0.0,0.0,0.0,0.0,0.0,0.0,0.0,0.0,0.0,0.0,0.0,0.0,0.0,0.0,0.0,0.0,0.0,0.0,0.0,0.0,0.0,0.0,0.0,0.0,0.0,0.0,0.0,0.0,0.0,0.0,0.0,0.0,0.0,0.0,0.0,0.0,0.0,0.0,0.0,0.0,0.0,0.0,0.0,0.0,0.0,0.0,0.0,0.0,0.0,0.0,0.0,0.0,0.0,0.0,0.0,0.0,0.0,0.0,0.0,0.0,0.0,0.0,0.0,0.0,0.0,0.0,0.0,0.0,0.0,0.0,0.0	0,0,0,0,0,0,0,0,0,0,0,0,0,0,0,0,0,0,0,0,0,0,0,0,0,0,0,0,0,0,0,0,0,0,0,0,0,0,0,0,0,0,0,0,0,0,0,0,0,0,0,0,0,0,0,0,0,0,0,0,0,0,0,0,0,0,0,0,0,0,0,0,0,0,0	2,2,2,2,2,2,2,2,2,2,2,2,2,2,2,2,2,2,2,2,2,2,2,2,2,1,1,1,1,1,1,1,1,1,1,1,1,1,1,1,1,1,1,1,1,1,1,1,1,1,1,1,1,1,1,1,1,1,1,1,1,1,1,1,1,1,1,1,1,1,1,1,1,1,1	1/26,1/27,2/28,2/29,3/30,3/31,4/32,4/33,5/34,5/35,6/36,6/37,7/38,7/39,8/40,8/41,9/42,9/43,10/44,10/45,11/46,11/47,12/48,12/49,13/50,13/51,14/52,14/53,15/54,15/55,16/56,16/57,17/58,17/59,18/60,18/61,19/62,19/63,20/64,20/65,21/66,21/67,22/68,22/69,23/70,23/71,24/72,24/73,25/74,25/75	26/1/27,28/2/29,30/3/31,32/4/33,34/5/35,36/6/37,38/7/39,40/8/41,42/9/43,44/10/45,46/11/47,48/12/49,50/13/51,52/14/53,54/15/55,56/16/57,58/17/59,60/18/61,62/19/63,64/20/65,66/21/67,68/22/69,70/23/71,72/24/73,74/25/75	-	-	1,2,3,4,5,6,7,8,9,10,11,12,13,14,15,16,17,18,19,20,21,22,23,24,25,1,1,2,2,3,3,4,4,5,5,6,6,7,7,8,8,9,9,10,10,11,11,12,12,13,13,14,14,15,15,16,16,17,17,18,18,19,19,20,20,21,21,22,22,23,23,24,24,25,25
maceoff_water_950	6,6,6,6,6,6,6,6,6,6,6,6,6,6,6,6,6,6,6,6,6,6,6,6,6,1,1,1,1,1,1,1,1,1,1,1,1,1,1,1,1,1,1,1,1,1,1,1,1,1,1,1,1,1,1,1,1,1,1,1,1,1,1,1,1,1,1,1,1,1,1,1,1,1,1	0.0,0.0,0.0,0.0,0.0,0.0,0.0,0.0,0.0,0.0,0.0,0.0,0.0,0.0,0.0,0.0,0.0,0.0,0.0,0.0,0.0,0.0,0.0,0.0,0.0,0.0,0.0,0.0,0.0,0.0,0.0,0.0,0.0,0.0,0.0,0.0,0.0,0.0,0.0,0.0,0.0,0.0,0.0,0.0,0.0,0.0,0.0,0.0,0.0,0.0,0.0,0.0,0.0,0.0,0.0,0.0,0.0,0.0,0.0,0.0,0.0,0.0,0.0,0.0,0.0,0.0,0.0,0.0,0.0,0.0,0.0,0.0,0.0,0.0,0.0	0,0,0,0,0,0,0,0,0,0,0,0,0,0,0,0,0,0,0,0,0,0,0,0,0,0,0,0,0,0,0,0,0,0,0,0,0,0,0,0,0,0,0,0,0,0,0,0,0,0,0,0,0,0,0,0,0,0,0,0,0,0,0,0,0,0,0,0,0,0,0,0,0,0,0	2,2,2,2,2,2,2,2,2,2,2,2,2,2,2,2,2,2,2,2,2,2,2,2,2,1,1,1,1,1,1,1,1,1,1,1,1,1,1,1,1,1,1,1,1,1,1,1,1,1,1,1,1,1,1,1,1,1,1,1,1,1,1,1,1,1,1,1,1,1,1,1,1,1,1	1/26,1/27,2/28,2/29,3/30,3/31,4/32,4/33,5/34,5/35,6/36,6/37,7/38,7/39,8/40,8/41,9/42,9/43,10/44,10/45,11/46,11/47,12/48,12/49,13/50,13/51,14/52,14/53,15/54,15/55,16/56,16/57,17/58,17/59,18/60,18/61,19/62,19/63,20/64,20/65,21/66,21/67,22/68,22/69,23/70,23/71,24/72,24/73,25/74,25/75	26/1/27,28/2/29,30/3/31,32/4/33,34/5/35,36/6/37,38/7/39,40/8/41,42/9/43,44/10/45,46/11/47,48/12/49,50/13/51,52/14/53,54/15/55,56/16/57,58/17/59,60/18/61,62/19/63,64/20/65,66/21/67,68/22/69,70/23/71,72/24/73,74/25/75	-	-	1,2,3,4,5,6,7,8,9,10,11,12,13,14,15,16,17,18,19,20,21,22,23,24,25,1,1,2,2,3,3,4,4,5,5,6,6,7,7,8,8,9,9,10,10,11,11,12,12,13,13,14,14,15,15,16,16,17,17,18,18,19,19,20,20,21,21,22,22,23,23,24,24,25,25
maceoff_water_951	6,6,6,6,6,6,6,6,6,6,6,1,1,1,1,1,1,1,1,1,1,1,1,1,1,1,1,1,1,1,1,1,1	0.0,0.0,0.0,0.0,0.0,0.0,0.0,0.0,0.0,0.0,0.0,0.0,0.0,0.0,0.0,0.0,0.0,0.0,0.0,0.0,0.0,0.0,0.0,0.0,0.0,0.0,0.0,0.0,0.0,0.0,0.0,0.0,0.0	0,0,0,0,0,0,0,0,0,0,0,0,0,0,0,0,0,0,0,0,0,0,0,0,0,0,0,0,0,0,0,0,0	2,2,2,2,2,2,2,2,2,2,2,1,1,1,1,1,1,1,1,1,1,1,1,1,1,1,1,1,1,1,1,1,1	1/12,1/13,2/14,2/15,3/16,3/17,4/18,4/19,5/20,5/21,6/22,6/23,7/24,7/25,8/26,8/27,9/28,9/29,10/30,10/31,11/32,11/33	12/1/13,14/2/15,16/3/17,18/4/19,20/5/21,22/6/23,24/7/25,26/8/27,28/9/29,30/10/31,32/11/33	-	-	1,2,3,4,5,6,7,8,9,10,11,1,1,2,2,3,3,4,4,5,5,6,6,7,7,8,8,9,9,10,10,11,11
maceoff_water_952	6,1,1	0.0,0.0,0.0	0,0,0	2,1,1	1/2,1/3	2/1/3	-	-	1,1,1
maceoff_water_953	6,6,6,6,1,1,1,1,1,1,1,1	0.0,0.0,0.0,0.0,0.0,0.0,0.0,0.0,0.0,0.0,0.0,0.0	0,0,0,0,0,0,0,0,0,0,0,0	2,2,2,2,1,1,1,1,1,1,1,1	1/5,1/6,2/7,2/8,3/9,3/10,4/11,4/12	5/1/6,7/2/8,9/3/10,11/4/12	-	-	1,2,3,4,1,1,2,2,3,3,4,4
maceoff_water_954	6,6,6,6,6,6,6,6,6,6,6,1,1,1,1,1,1,1,1,1,1,1,1,1,1,1,1,1,1,1,1,1,1	0.0,0.0,0.0,0.0,0.0,0.0,0.0,0.0,0.0,0.0,0.0,0.0,0.0,0.0,0.0,0.0,0.0,0.0,0.0,0.0,0.0,0.0,0.0,0.0,0.0,0.0,0.0,0.0,0.0,0.0,0.0,0.0,0.0	0,0,0,0,0,0,0,0,0,0,0,0,0,0,0,0,0,0,0,0,0,0,0,0,0,0,0,0,0,0,0,0,0	2,2,2,2,2,2,2,2,2,2,2,1,1,1,1,1,1,1,1,1,1,1,1,1,1,1,1,1,1,1,1,1,1	1/12,1/13,2/14,2/15,3/16,3/17,4/18,4/19,5/20,5/21,6/22,6/23,7/24,7/25,8/26,8/27,9/28,9/29,10/30,10/31,11/32,11/33	12/1/13,14/2/15,16/3/17,18/4/19,20/5/21,22/6/23,24/7/25,26/8/27,28/9/29,30/10/31,32/11/33	-	-	1,2,3,4,5,6,7,8,9,10,11,1,1,2,2,3,3,4,4,5,5,6,6,7,7,8,8,9,9,10,10,11,11
maceoff_water_955	6,6,6,6,6,6,6,1,1,1,1,1,1,1,1,1,1,1,1,1,1	0.0,0.0,0.0,0.0,0.0,0.0,0.0,0.0,0.0,0.0,0.0,0.0,0.0,0.0,0.0,0.0,0.0,0.0,0.0,0.0,0.0	0,0,0,0,0,0,0,0,0,0,0,0,0,0,0,0,0,0,0,0,0	2,2,2,2,2,2,2,1,1,1,1,1,1,1,1,1,1,1,1,1,1	1/8,1/9,2/10,2/11,3/12,3/13,4/14,4/15,5/16,5/17,6/18,6/19,7/20,7/21	8/1/9,10/2/11,12/3/13,14/4/15,16/5/17,18/6/19,20/7/21	-	-	1,2,3,4,5,6,7,1,1,2,2,3,3,4,4,5,5,6,6,7,7
maceoff_water_956	6,6,6,6,6,6,6,6,6,6,6,1,1,1,1,1,1,1,1,1,1,1,1,1,1,1,1,1,1,1,1,1,1	0.0,0.0,0.0,0.0,0.0,0.0,0.0,0.0,0.0,0.0,0.0,0.0,0.0,0.0,0.0,0.0,0.0,0.0,0.0,0.0,0.0,0.0,0.0,0.0,0.0,0.0,0.0,0.0,0.0,0.0,0.0,0.0,0.0	0,0,0,0,0,0,0,0,0,0,0,0,0,0,0,0,0,0,0,0,0,0,0,0,0,0,0,0,0,0,0,0,0	2,2,2,2,2,2,2,2,2,2,2,1,1,1,1,1,1,1,1,1,1,1,1,1,1,1,1,1,1,1,1,1,1	1/12,1/13,2/14,2/15,3/16,3/17,4/18,4/19,5/20,5/21,6/22,6/23,7/24,7/25,8/26,8/27,9/28,9/29,10/30,10/31,11/32,11/33	12/1/13,14/2/15,16/3/17,18/4/19,20/5/21,22/6/23,24/7/25,26/8/27,28/9/29,30/10/31,32/11/33	-	-	1,2,3,4,5,6,7,8,9,10,11,1,1,2,2,3,3,4,4,5,5,6,6,7,7,8,8,9,9,10,10,11,11
maceoff_water_957	6,6,6,6,6,6,6,1,1,1,1,1,1,1,1,1,1,1,1,1,1	0.0,0.0,0.0,0.0,0.0,0.0,0.0,0.0,0.0,0.0,0.0,0.0,0.0,0.0,0.0,0.0,0.0,0.0,0.0,0.0,0.0	0,0,0,0,0,0,0,0,0,0,0,0,0,0,0,0,0,0,0,0,0	2,2,2,2,2,2,2,1,1,1,1,1,1,1,1,1,1,1,1,1,1	1/8,1/9,2/10,2/11,3/12,3/13,4/14,4/15,5/16,5/17,6/18,6/19,7/20,7/21	8/1/9,10/2/11,12/3/13,14/4/15,16/5/17,18/6/19,20/7/21	-	-	1,2,3,4,5,6,7,1,1,2,2,3,3,4,4,5,5,6,6,7,7
maceoff_water_958	6,6,6,6,6,6,6,6,6,6,6,6,1,1,1,1,1,1,1,1,1,1,1,1,1,1,1,1,1,1,1,1,1,1,1,1	0.0,0.0,0.0,0.0,0.0,0.0,0.0,0.0,0.0,0.0,0.0,0.0,0.0,0.0,0.0,0.0,0.0,0.0,0.0,0.0,0.0,0.0,0.0,0.0,0.0,0.0,0.0,0.0,0.0,0.0,0.0,0.0,0.0,0.0,0.0,0.0	0,0,0,0,0,0,0,0,0,0,0,0,0,0,0,0,0,0,0,0,0,0,0,0,0,0,0,0,0,0,0,0,0,0,0,0	2,2,2,2,2,2,2,2,2,2,2,2,1,1,1,1,1,1,1,1,1,1,1,1,1,1,1,1,1,1,1,1,1,1,1,1	1/13,1/14,2/15,2/16,3/17,3/18,4/19,4/20,5/21,5/22,6/23,6/24,7/25,7/26,8/27,8/28,9/29,9/30,10/31,10/32,11/33,11/34,12/35,12/36	13/1/14,15/2/16,17/3/18,19/4/20,21/5/22,23/6/24,25/7/26,27/8/28,29/9/30,31/10/32,33/11/34,35/12/36	-	-	1,2,3,4,5,6,7,8,9,10,11,12,1,1,2,2,3,3,4,4,5,5,6,6,7,7,8,8,9,9,10,10,11,11,12,12
maceoff_water_959	6,6,6,6,6,1,1,1,1,1,1,1,1,1,1	0.0,0.0,0.0,0.0,0.0,0.0,0.0,0.0,0.0,0.0,0.0,0.0,0.0,0.0,0.0	0,0,0,0,0,0,0,0,0,0,0,0,0,0,0	2,2,2,2,2,1,1,1,1,1,1,1,1,1,1	1/6,1/7,2/8,2/9,3/10,3/11,4/12,4/13,5/14,5/15	6/1/7,8/2/9,10/3/11,12/4/13,14/5/15	-	-	1,2,3,4,5,1,1,2,2,3,3,4,4,5,5
maceoff_water_960	6,1,1	0.0,0.0,0.0	0,0,0	2,1,1	1/2,1/3	2/1/3	-	-	1,1,1
maceoff_water_961	6,6,6,6,6,6,6,1,1,1,1,1,1,1,1,1,1,1,1,1,1	0.0,0.0,0.0,0.0,0.0,0.0,0.0,0.0,0.0,0.0,0.0,0.0,0.0,0.0,0.0,0.0,0.0,0.0,0.0,0.0,0.0	0,0,0,0,0,0,0,0,0,0,0,0,0,0,0,0,0,0,0,0,0	2,2,2,2,2,2,2,1,1,1,1,1,1,1,1,1,1,1,1,1,1	1/8,1/9,2/10,2/11,3/12,3/13,4/14,4/15,5/16,5/17,6/18,6/19,7/20,7/21	8/1/9,10/2/11,12/3/13,14/4/15,16/5/17,18/6/19,20/7/21	-	-	1,2,3,4,5,6,7,1,1,2,2,3,3,4,4,5,5,6,6,7,7
maceoff_water_962	6,6,6,6,6,1,1,1,1,1,1,1,1,1,1	0.0,0.0,0.0,0.0,0.0,0.0,0.0,0.0,0.0,0.0,0.0,0.0,0.0,0.0,0.0	0,0,0,0,0,0,0,0,0,0,0,0,0,0,0	2,2,2,2,2,1,1,1,1,1,1,1,1,1,1	1/6,1/7,2/8,2/9,3/10,3/11,4/12,4/13,5/14,5/15	6/1/7,8/2/9,10/3/11,12/4/13,14/5/15	-	-	1,2,3,4,5,1,1,2,2,3,3,4,4,5,5
maceoff_water_963	6,1,1	0.0,0.0,0.0	0,0,0	2,1,1	1/2,1/3	2/1/3	-	-	1,1,1
maceoff_water_964	6,6,6,6,6,6,6,6,6,6,6,1,1,1,1,1,1,1,1,1,1,1,1,1,1,1,1,1,1,1,1,1,1	0.0,0.0,0.0,0.0,0.0,0.0,0.0,0.0,0.0,0.0,0.0,0.0,0.0,0.0,0.0,0.0,0.0,0.0,0.0,0.0,0.0,0.0,0.0,0.0,0.0,0.0,0.0,0.0,0.0,0.0,0.0,0.0,0.0	0,0,0,0,0,0,0,0,0,0,0,0,0,0,0,0,0,0,0,0,0,0,0,0,0,0,0,0,0,0,0,0,0	2,2,2,2,2,2,2,2,2,2,2,1,1,1,1,1,1,1,1,1,1,1,1,1,1,1,1,1,1,1,1,1,1	1/12,1/13,2/14,2/15,3/16,3/17,4/18,4/19,5/20,5/21,6/22,6/23,7/24,7/25,8/26,8/27,9/28,9/29,10/30,10/31,11/32,11/33	12/1/13,14/2/15,16/3/17,18/4/19,20/5/21,22/6/23,24/7/25,26/8/27,28/9/29,30/10/31,32/11/33	-	-	1,2,3,4,5,6,7,8,9,10,11,1,1,2,2,3,3,4,4,5,5,6,6,7,7,8,8,9,9,10,10,11,11
maceoff_water_965	6,6,6,6,6,6,6,6,6,1,1,1,1,1,1,1,1,1,1,1,1,1,1,1,1,1,1	0.0,0.0,0.0,0.0,0.0,0.0,0.0,0.0,0.0,0.0,0.0,0.0,0.0,0.0,0.0,0.0,0.0,0.0,0.0,0.0,0.0,0.0,0.0,0.0,0.0,0.0,0.0	0,0,0,0,0,0,0,0,0,0,0,0,0,0,0,0,0,0,0,0,0,0,0,0,0,0,0	2,2,2,2,2,2,2,2,2,1,1,1,1,1,1,1,1,1,1,1,1,1,1,1,1,1,1	1/10,1/11,2/12,2/13,3/14,3/15,4/16,4/17,5/18,5/19,6/20,6/21,7/22,7/23,8/24,8/25,9/26,9/27	10/1/11,12/2/13,14/3/15,16/4/17,18/5/19,20/6/21,22/7/23,24/8/25,26/9/27	-	-	1,2,3,4,5,6,7,8,9,1,1,2,2,3,3,4,4,5,5,6,6,7,7,8,8,9,9
maceoff_water_966	6,6,6,6,6,6,6,6,6,6,1,1,1,1,1,1,1,1,1,1,1,1,1,1,1,1,1,1,1,1	0.0,0.0,0.0,0.0,0.0,0.0,0.0,0.0,0.0,0.0,0.0,0.0,0.0,0.0,0.0,0.0,0.0,0.0,0.0,0.0,0.0,0.0,0.0,0.0,0.0,0.0,0.0,0.0,0.0,0.0	0,0,0,0,0,0,0,0,0,0,0,0,0,0,0,0,0,0,0,0,0,0,0,0,0,0,0,0,0,0	2,2,2,2,2,2,2,2,2,2,1,1,1,1,1,1,1,1,1,1,1,1,1,1,1,1,1,1,1,1	1/11,1/12,2/13,2/14,3/15,3/16,4/17,4/18,5/19,5/20,6/21,6/22,7/23,7/24,8/25,8/26,9/27,9/28,10/29,10/30	11/1/12,13/2/14,15/3/16,17/4/18,19/5/20,21/6/22,23/7/24,25/8/26,27/9/28,29/10/30	-	-	1,2,3,4,5,6,7,8,9,10,1,1,2,2,3,3,4,4,5,5,6,6,7,7,8,8,9,9,10,10
maceoff_water_967	6,6,6,6,6,1,1,1,1,1,1,1,1,1,1	0.0,0.0,0.0,0.0,0.0,0.0,0.0,0.0,0.0,0.0,0.0,0.0,0.0,0.0,0.0	0,0,0,0,0,0,0,0,0,0,0,0,0,0,0	2,2,2,2,2,1,1,1,1,1,1,1,1,1,1	1/6,1/7,2/8,2/9,3/10,3/11,4/12,4/13,5/14,5/15	6/1/7,8/2/9,10/3/11,12/4/13,14/5/15	-	-	1,2,3,4,5,1,1,2,2,3,3,4,4,5,5
maceoff_water_968	6,1,1	0.0,0.0,0.0	0,0,0	2,1,1	1/2,1/3	2/1/3	-	-	1,1,1
maceoff_water_969	6,6,6,6,6,6,1,1,1,1,1,1,1,1,1,1,1,1	0.0,0.0,0.0,0.0,0.0,0.0,0.0,0.0,0.0,0.0,0.0,0.0,0.0,0.0,0.0,0.0,0.0,0.0	0,0,0,0,0,0,0,0,0,0,0,0,0,0,0,0,0,0	2,2,2,2,2,2,1,1,1,1,1,1,1,1,1,1,1,1	1/7,1/8,2/9,2/10,3/11,3/12,4/13,4/14,5/15,5/16,6/17,6/18	7/1/8,9/2/10,11/3/12,13/4/14,15/5/16,17/6/18	-	-	1,2,3,4,5,6,1,1,2,2,3,3,4,4,5,5,6,6
maceoff_water_970	6,1,1	0.0,0.0,0.0	0,0,0	2,1,1	1/2,1/3	2/1/3	-	-	1,1,1
maceoff_water_971	6,6,6,1,1,1,1,1,1	0.0,0.0,0.0,0.0,0.0,0.0,0.0,0.0,0.0	0,0,0,0,0,0,0,0,0	2,2,2,1,1,1,1,1,1	1/4,1/5,2/6,2/7,3/8,3/9	4/1/5,6/2/7,8/3/9	-	-	1,2,3,1,1,2,2,3,3
maceoff_water_972	6,6,6,1,1,1,1,1,1	0.0,0.0,0.0,0.0,0.0,0.0,0.0,0.0,0.0	0,0,0,0,0,0,0,0,0	2,2,2,1,1,1,1,1,1	1/4,1/5,2/6,2/7,3/8,3/9	4/1/5,6/2/7,8/3/9	-	-	1,2,3,1,1,2,2,3,3
maceoff_water_973	6,6,1,1,1,1	0.0,0.0,0.0,0.0,0.0,0.0	0,0,0,0,0,0	2,2,1,1,1,1	1/3,1/4,2/5,2/6	3/1/4,5/2/6	-	-	1,2,1,1,2,2
maceoff_water_974	6,6,6,6,6,6,6,6,6,6,6,1,1,1,1,1,1,1,1,1,1,1,1,1,1,1,1,1,1,1,1,1,1	0.0,0.0,0.0,0.0,0.0,0.0,0.0,0.0,0.0,0.0,0.0,0.0,0.0,0.0,0.0,0.0,0.0,0.0,0.0,0.0,0.0,0.0,0.0,0.0,0.0,0.0,0.0,0.0,0.0,0.0,0.0,0.0,0.0	0,0,0,0,0,0,0,0,0,0,0,0,0,0,0,0,0,0,0,0,0,0,0,0,0,0,0,0,0,0,0,0,0	2,2,2,2,2,2,2,2,2,2,2,1,1,1,1,1,1,1,1,1,1,1,1,1,1,1,1,1,1,1,1,1,1	1/12,1/13,2/14,2/15,3/16,3/17,4/18,4/19,5/20,5/21,6/22,6/23,7/24,7/25,8/26,8/27,9/28,9/29,10/30,10/31,11/32,11/33	12/1/13,14/2/15,16/3/17,18/4/19,20/5/21,22/6/23,24/7/25,26/8/27,28/9/29,30/10/31,32/11/33	-	-	1,2,3,4,5,6,7,8,9,10,11,1,1,2,2,3,3,4,4,5,5,6,6,7,7,8,8,9,9,10,10,11,11
maceoff_water_975	6,6,1,1,1,1	0.0,0.0,0.0,0.0,0.0,0.0	0,0,0,0,0,0	2,2,1,1,1,1	1/3,1/4,2/5,2/6	3/1/4,5/2/6	-	-	1,2,1,1,2,2
maceoff_water_976	6,6,6,6,6,6,6,1,1,1,1,1,1,1,1,1,1,1,1,1,1	0.0,0.0,0.0,0.0,0.0,0.0,0.0,0.0,0.0,0.0,0.0,0.0,0.0,0.0,0.0,0.0,0.0,0.0,0.0,0.0,0.0	0,0,0,0,0,0,0,0,0,0,0,0,0,0,0,0,0,0,0,0,0	2,2,2,2,2,2,2,1,1,1,1,1,1,1,1,1,1,1,1,1,1	1/8,1/9,2/10,2/11,3/12,3/13,4/14,4/15,5/16,5/17,6/18,6/19,7/20,7/21	8/1/9,10/2/11,12/3/13,14/4/15,16/5/17,18/6/19,20/7/21	-	-	1,2,3,4,5,6,7,1,1,2,2,3,3,4,4,5,5,6,6,7,7
maceoff_water_977	6,6,6,6,6,6,6,1,1,1,1,1,1,1,1,1,1,1,1,1,1	0.0,0.0,0.0,0.0,0.0,0.0,0.0,0.0,0.0,0.0,0.0,0.0,0.0,0.0,0.0,0.0,0.0,0.0,0.0,0.0,0.0	0,0,0,0,0,0,0,0,0,0,0,0,0,0,0,0,0,0,0,0,0	2,2,2,2,2,2,2,1,1,1,1,1,1,1,1,1,1,1,1,1,1	1/8,1/9,2/10,2/11,3/12,3/13,4/14,4/15,5/16,5/17,6/18,6/19,7/20,7/21	8/1/9,10/2/11,12/3/13,14/4/15,16/5/17,18/6/19,20/7/21	-	-	1,2,3,4,5,6,7,1,1,2,2,3,3,4,4,5,5,6,6,7,7
maceoff_water_978	6,6,6,6,6,6,1,1,1,1,1,1,1,1,1,1,1,1	0.0,0.0,0.0,0.0,0.0,0.0,0.0,0.0,0.0,0.0,0.0,0.0,0.0,0.0,0.0,0.0,0.0,0.0	0,0,0,0,0,0,0,0,0,0,0,0,0,0,0,0,0,0	2,2,2,2,2,2,1,1,1,1,1,1,1,1,1,1,1,1	1/7,1/8,2/9,2/10,3/11,3/12,4/13,4/14,5/15,5/16,6/17,6/18	7/1/8,9/2/10,11/3/12,13/4/14,15/5/16,17/6/18	-	-	1,2,3,4,5,6,1,1,2,2,3,3,4,4,5,5,6,6
maceoff_water_979	6,6,1,1,1,1	0.0,0.0,0.0,0.0,0.0,0.0	0,0,0,0,0,0	2,2,1,1,1,1	1/3,1/4,2/5,2/6	3/1/4,5/2/6	-	-	1,2,1,1,2,2
maceoff_water_980	6,6,6,1,1,1,1,1,1	0.0,0.0,0.0,0.0,0.0,0.0,0.0,0.0,0.0	0,0,0,0,0,0,0,0,0	2,2,2,1,1,1,1,1,1	1/4,1/5,2/6,2/7,3/8,3/9	4/1/5,6/2/7,8/3/9	-	-	1,2,3,1,1,2,2,3,3
maceoff_water_981	6,6,6,6,6,1,1,1,1,1,1,1,1,1,1	0.0,0.0,0.0,0.0,0.0,0.0,0.0,0.0,0.0,0.0,0.0,0.0,0.0,0.0,0.0	0,0,0,0,0,0,0,0,0,0,0,0,0,0,0	2,2,2,2,2,1,1,1,1,1,1,1,1,1,1	1/6,1/7,2/8,2/9,3/10,3/11,4/12,4/13,5/14,5/15	6/1/7,8/2/9,10/3/11,12/4/13,14/5/15	-	-	1,2,3,4,5,1,1,2,2,3,3,4,4,5,5
maceoff_water_982	6,6,6,6,6,6,6,6,6,6,6,1,1,1,1,1,1,1,1,1,1,1,1,1,1,1,1,1,1,1,1,1,1	0.0,0.0,0.0,0.0,0.0,0.0,0.0,0.0,0.0,0.0,0.0,0.0,0.0,0.0,0.0,0.0,0.0,0.0,0.0,0.0,0.0,0.0,0.0,0.0,0.0,0.0,0.0,0.0,0.0,0.0,0.0,0.0,0.0	0,0,0,0,0,0,0,0,0,0,0,0,0,0,0,0,0,0,0,0,0,0,0,0,0,0,0,0,0,0,0,0,0	2,2,2,2,2,2,2,2,2,2,2,1,1,1,1,1,1,1,1,1,1,1,1,1,1,1,1,1,1,1,1,1,1	1/12,1/13,2/14,2/15,3/16,3/17,4/18,4/19,5/20,5/21,6/22,6/23,7/24,7/25,8/26,8/27,9/28,9/29,10/30,10/31,11/32,11/33	12/1/13,14/2/15,16/3/17,18/4/19,20/5/21,22/6/23,24/7/25,26/8/27,28/9/29,30/10/31,32/11/33	-	-	1,2,3,4,5,6,7,8,9,10,11,1,1,2,2,3,3,4,4,5,5,6,6,7,7,8,8,9,9,10,10,11,11
maceoff_water_983	6,6,6,6,6,6,6,6,6,6,6,1,1,1,1,1,1,1,1,1,1,1,1,1,1,1,1,1,1,1,1,1,1	0.0,0.0,0.0,0.0,0.0,0.0,0.0,0.0,0.0,0.0,0.0,0.0,0.0,0.0,0.0,0.0,0.0,0.0,0.0,0.0,0.0,0.0,0.0,0.0,0.0,0.0,0.0,0.0,0.0,0.0,0.0,0.0,0.0	0,0,0,0,0,0,0,0,0,0,0,0,0,0,0,0,0,0,0,0,0,0,0,0,0,0,0,0,0,0,0,0,0	2,2,2,2,2,2,2,2,2,2,2,1,1,1,1,1,1,1,1,1,1,1,1,1,1,1,1,1,1,1,1,1,1	1/12,1/13,2/14,2/15,3/16,3/17,4/18,4/19,5/20,5/21,6/22,6/23,7/24,7/25,8/26,8/27,9/28,9/29,10/30,10/31,11/32,11/33	12/1/13,14/2/15,16/3/17,18/4/19,20/5/21,22/6/23,24/7/25,26/8/27,28/9/29,30/10/31,32/11/33	-	-	1,2,3,4,5,6,7,8,9,10,11,1,1,2,2,3,3,4,4,5,5,6,6,7,7,8,8,9,9,10,10,11,11
maceoff_water_984	6,6,6,1,1,1,1,1,1	0.0,0.0,0.0,0.0,0.0,0.0,0.0,0.0,0.0	0,0,0,0,0,0,0,0,0	2,2,2,1,1,1,1,1,1	1/4,1/5,2/6,2/7,3/8,3/9	4/1/5,6/2/7,8/3/9	-	-	1,2,3,1,1,2,2,3,3
maceoff_water_985	6,6,6,6,6,6,6,1,1,1,1,1,1,1,1,1,1,1,1,1,1	0.0,0.0,0.0,0.0,0.0,0.0,0.0,0.0,0.0,0.0,0.0,0.0,0.0,0.0,0.0,0.0,0.0,0.0,0.0,0.0,0.0	0,0,0,0,0,0,0,0,0,0,0,0,0,0,0,0,0,0,0,0,0	2,2,2,2,2,2,2,1,1,1,1,1,1,1,1,1,1,1,1,1,1	1/8,1/9,2/10,2/11,3/12,3/13,4/14,4/15,5/16,5/17,6/18,6/19,7/20,7/21	8/1/9,10/2/11,12/3/13,14/4/15,16/5/17,18/6/19,20/7/21	-	-	1,2,3,4,5,6,7,1,1,2,2,3,3,4,4,5,5,6,6,7,7
maceoff_water_986	6,6,1,1,1,1	0.0,0.0,0.0,0.0,0.0,0.0	0,0,0,0,0,0	2,2,1,1,1,1	1/3,1/4,2/5,2/6	3/1/4,5/2/6	-	-	1,2,1,1,2,2
maceoff_water_987	6,6,6,6,6,6,6,1,1,1,1,1,1,1,1,1,1,1,1,1,1	0.0,0.0,0.0,0.0,0.0,0.0,0.0,0.0,0.0,0.0,0.0,0.0,0.0,0.0,0.0,0.0,0.0,0.0,0.0,0.0,0.0	0,0,0,0,0,0,0,0,0,0,0,0,0,0,0,0,0,0,0,0,0	2,2,2,2,2,2,2,1,1,1,1,1,1,1,1,1,1,1,1,1,1	1/8,1/9,2/10,2/11,3/12,3/13,4/14,4/15,5/16,5/17,6/18,6/19,7/20,7/21	8/1/9,10/2/11,12/3/13,14/4/15,16/5/17,18/6/19,20/7/21	-	-	1,2,3,4,5,6,7,1,1,2,2,3,3,4,4,5,5,6,6,7,7
maceoff_water_988	6,6,6,6,6,6,6,1,1,1,1,1,1,1,1,1,1,1,1,1,1	0.0,0.0,0.0,0.0,0.0,0.0,0.0,0.0,0.0,0.0,0.0,0.0,0.0,0.0,0.0,0.0,0.0,0.0,0.0,0.0,0.0	0,0,0,0,0,0,0,0,0,0,0,0,0,0,0,0,0,0,0,0,0	2,2,2,2,2,2,2,1,1,1,1,1,1,1,1,1,1,1,1,1,1	1/8,1/9,2/10,2/11,3/12,3/13,4/14,4/15,5/16,5/17,6/18,6/19,7/20,7/21	8/1/9,10/2/11,12/3/13,14/4/15,16/5/17,18/6/19,20/7/21	-	-	1,2,3,4,5,6,7,1,1,2,2,3,3,4,4,5,5,6,6,7,7
maceoff_water_989	6,6,6,6,6,6,6,1,1,1,1,1,1,1,1,1,1,1,1,1,1	0.0,0.0,0.0,0.0,0.0,0.0,0.0,0.0,0.0,0.0,0.0,0.0,0.0,0.0,0.0,0.0,0.0,0.0,0.0,0.0,0.0	0,0,0,0,0,0,0,0,0,0,0,0,0,0,0,0,0,0,0,0,0	2,2,2,2,2,2,2,1,1,1,1,1,1,1,1,1,1,1,1,1,1	1/8,1/9,2/10,2/11,3/12,3/13,4/14,4/15,5/16,5/17,6/18,6/19,7/20,7/21	8/1/9,10/2/11,12/3/13,14/4/15,16/5/17,18/6/19,20/7/21	-	-	1,2,3,4,5,6,7,1,1,2,2,3,3,4,4,5,5,6,6,7,7
maceoff_water_990	6,6,6,6,6,6,6,6,6,6,6,6,1,1,1,1,1,1,1,1,1,1,1,1,1,1,1,1,1,1,1,1,1,1,1,1	0.0,0.0,0.0,0.0,0.0,0.0,0.0,0.0,0.0,0.0,0.0,0.0,0.0,0.0,0.0,0.0,0.0,0.0,0.0,0.0,0.0,0.0,0.0,0.0,0.0,0.0,0.0,0.0,0.0,0.0,0.0,0.0,0.0,0.0,0.0,0.0	0,0,0,0,0,0,0,0,0,0,0,0,0,0,0,0,0,0,0,0,0,0,0,0,0,0,0,0,0,0,0,0,0,0,0,0	2,2,2,2,2,2,2,2,2,2,2,2,1,1,1,1,1,1,1,1,1,1,1,1,1,1,1,1,1,1,1,1,1,1,1,1	1/13,1/14,2/15,2/16,3/17,3/18,4/19,4/20,5/21,5/22,6/23,6/24,7/25,7/26,8/27,8/28,9/29,9/30,10/31,10/32,11/33,11/34,12/35,12/36	13/1/14,15/2/16,17/3/18,19/4/20,21/5/22,23/6/24,25/7/26,27/8/28,29/9/30,31/10/32,33/11/34,35/12/36	-	-	1,2,3,4,5,6,7,8,9,10,11,12,1,1,2,2,3,3,4,4,5,5,6,6,7,7,8,8,9,9,10,10,11,11,12,12
maceoff_water_991	6,6,6,6,1,1,1,1,1,1,1,1	0.0,0.0,0.0,0.0,0.0,0.0,0.0,0.0,0.0,0.0,0.0,0.0	0,0,0,0,0,0,0,0,0,0,0,0	2,2,2,2,1,1,1,1,1,1,1,1	1/5,1/6,2/7,2/8,3/9,3/10,4/11,4/12	5/1/6,7/2/8,9/3/10,11/4/12	-	-	1,2,3,4,1,1,2,2,3,3,4,4
maceoff_water_992	6,6,6,6,6,6,6,1,1,1,1,1,1,1,1,1,1,1,1,1,1	0.0,0.0,0.0,0.0,0.0,0.0,0.0,0.0,0.0,0.0,0.0,0.0,0.0,0.0,0.0,0.0,0.0,0.0,0.0,0.0,0.0	0,0,0,0,0,0,0,0,0,0,0,0,0,0,0,0,0,0,0,0,0	2,2,2,2,2,2,2,1,1,1,1,1,1,1,1,1,1,1,1,1,1	1/8,1/9,2/10,2/11,3/12,3/13,4/14,4/15,5/16,5/17,6/18,6/19,7/20,7/21	8/1/9,10/2/11,12/3/13,14/4/15,16/5/17,18/6/19,20/7/21	-	-	1,2,3,4,5,6,7,1,1,2,2,3,3,4,4,5,5,6,6,7,7
maceoff_water_993	6,6,1,1,1,1	0.0,0.0,0.0,0.0,0.0,0.0	0,0,0,0,0,0	2,2,1,1,1,1	1/3,1/4,2/5,2/6	3/1/4,5/2/6	-	-	1,2,1,1,2,2
maceoff_water_994	6,6,6,6,6,1,1,1,1,1,1,1,1,1,1	0.0,0.0,0.0,0.0,0.0,0.0,0.0,0.0,0.0,0.0,0.0,0.0,0.0,0.0,0.0	0,0,0,0,0,0,0,0,0,0,0,0,0,0,0	2,2,2,2,2,1,1,1,1,1,1,1,1,1,1	1/6,1/7,2/8,2/9,3/10,3/11,4/12,4/13,5/14,5/15	6/1/7,8/2/9,10/3/11,12/4/13,14/5/15	-	-	1,2,3,4,5,1,1,2,2,3,3,4,4,5,5
maceoff_water_995	6,6,6,1,1,1,1,1,1	0.0,0.0,0.0,0.0,0.0,0.0,0.0,0.0,0.0	0,0,0,0,0,0,0,0,0	2,2,2,1,1,1,1,1,1	1/4,1/5,2/6,2/7,3/8,3/9	4/1/5,6/2/7,8/3/9	-	-	1,2,3,1,1,2,2,3,3
maceoff_water_996	6,6,1,1,1,1	0.0,0.0,0.0,0.0,0.0,0.0	0,0,0,0,0,0	2,2,1,1,1,1	1/3,1/4,2/5,2/6	3/1/4,5/2/6	-	-	1,2,1,1,2,2
maceoff_water_997	6,1,1	0.0,0.0,0.0	0,0,0	2,1,1	1/2,1/3	2/1/3	-	-	1,1,1
maceoff_water_998	6,6,1,1,1,1	0.0,0.0,0.0,0.0,0.0,0.0	0,0,0,0,0,0	2,2,1,1,1,1	1/3,1/4,2/5,2/6	3/1/4,5/2/6	-	-	1,2,1,1,2,2
maceoff_water_999	6,6,6,1,1,1,1,1,1	0.0,0.0,0.0,0.0,0.0,0.0,0.0,0.0,0.0	0,0,0,0,0,0,0,0,0	2,2,2,1,1,1,1,1,1	1/4,1/5,2/6,2/7,3/8,3/9	4/1/5,6/2/7,8/3/9	-	-	1,2,3,1,1,2,2,3,3
maceoff_water_1000	6,1,1	0.0,0.0,0.0	0,0,0	2,1,1	1/2,1/3	2/1/3	-	-	1,1,1
maceoff_water_1001	6,6,6,6,6,6,6,6,6,6,1,1,1,1,1,1,1,1,1,1,1,1,1,1,1,1,1,1,1,1	0.0,0.0,0.0,0.0,0.0,0.0,0.0,0.0,0.0,0.0,0.0,0.0,0.0,0.0,0.0,0.0,0.0,0.0,0.0,0.0,0.0,0.0,0.0,0.0,0.0,0.0,0.0,0.0,0.0,0.0	0,0,0,0,0,0,0,0,0,0,0,0,0,0,0,0,0,0,0,0,0,0,0,0,0,0,0,0,0,0	2,2,2,2,2,2,2,2,2,2,1,1,1,1,1,1,1,1,1,1,1,1,1,1,1,1,1,1,1,1	1/11,1/12,2/13,2/14,3/15,3/16,4/17,4/18,5/19,5/20,6/21,6/22,7/23,7/24,8/25,8/26,9/27,9/28,10/29,10/30	11/1/12,13/2/14,15/3/16,17/4/18,19/5/20,21/6/22,23/7/24,25/8/26,27/9/28,29/10/30	-	-	1,2,3,4,5,6,7,8,9,10,1,1,2,2,3,3,4,4,5,5,6,6,7,7,8,8,9,9,10,10
maceoff_water_1002	6,6,6,6,6,6,6,6,6,6,1,1,1,1,1,1,1,1,1,1,1,1,1,1,1,1,1,1,1,1	0.0,0.0,0.0,0.0,0.0,0.0,0.0,0.0,0.0,0.0,0.0,0.0,0.0,0.0,0.0,0.0,0.0,0.0,0.0,0.0,0.0,0.0,0.0,0.0,0.0,0.0,0.0,0.0,0.0,0.0	0,0,0,0,0,0,0,0,0,0,0,0,0,0,0,0,0,0,0,0,0,0,0,0,0,0,0,0,0,0	2,2,2,2,2,2,2,2,2,2,1,1,1,1,1,1,1,1,1,1,1,1,1,1,1,1,1,1,1,1	1/11,1/12,2/13,2/14,3/15,3/16,4/17,4/18,5/19,5/20,6/21,6/22,7/23,7/24,8/25,8/26,9/27,9/28,10/29,10/30	11/1/12,13/2/14,15/3/16,17/4/18,19/5/20,21/6/22,23/7/24,25/8/26,27/9/28,29/10/30	-	-	1,2,3,4,5,6,7,8,9,10,1,1,2,2,3,3,4,4,5,5,6,6,7,7,8,8,9,9,10,10
maceoff_water_1003	6,6,6,6,6,6,6,6,6,1,1,1,1,1,1,1,1,1,1,1,1,1,1,1,1,1,1	0.0,0.0,0.0,0.0,0.0,0.0,0.0,0.0,0.0,0.0,0.0,0.0,0.0,0.0,0.0,0.0,0.0,0.0,0.0,0.0,0.0,0.0,0.0,0.0,0.0,0.0,0.0	0,0,0,0,0,0,0,0,0,0,0,0,0,0,0,0,0,0,0,0,0,0,0,0,0,0,0	2,2,2,2,2,2,2,2,2,1,1,1,1,1,1,1,1,1,1,1,1,1,1,1,1,1,1	1/10,1/11,2/12,2/13,3/14,3/15,4/16,4/17,5/18,5/19,6/20,6/21,7/22,7/23,8/24,8/25,9/26,9/27	10/1/11,12/2/13,14/3/15,16/4/17,18/5/19,20/6/21,22/7/23,24/8/25,26/9/27	-	-	1,2,3,4,5,6,7,8,9,1,1,2,2,3,3,4,4,5,5,6,6,7,7,8,8,9,9
maceoff_water_1004	6,6,1,1,1,1	0.0,0.0,0.0,0.0,0.0,0.0	0,0,0,0,0,0	2,2,1,1,1,1	1/3,1/4,2/5,2/6	3/1/4,5/2/6	-	-	1,2,1,1,2,2
maceoff_water_1005	6,6,6,6,6,6,6,6,1,1,1,1,1,1,1,1,1,1,1,1,1,1,1,1	0.0,0.0,0.0,0.0,0.0,0.0,0.0,0.0,0.0,0.0,0.0,0.0,0.0,0.0,0.0,0.0,0.0,0.0,0.0,0.0,0.0,0.0,0.0,0.0	0,0,0,0,0,0,0,0,0,0,0,0,0,0,0,0,0,0,0,0,0,0,0,0	2,2,2,2,2,2,2,2,1,1,1,1,1,1,1,1,1,1,1,1,1,1,1,1	1/9,1/10,2/11,2/12,3/13,3/14,4/15,4/16,5/17,5/18,6/19,6/20,7/21,7/22,8/23,8/24	9/1/10,11/2/12,13/3/14,15/4/16,17/5/18,19/6/20,21/7/22,23/8/24	-	-	1,2,3,4,5,6,7,8,1,1,2,2,3,3,4,4,5,5,6,6,7,7,8,8
maceoff_water_1006	6,6,6,6,6,6,1,1,1,1,1,1,1,1,1,1,1,1	0.0,0.0,0.0,0.0,0.0,0.0,0.0,0.0,0.0,0.0,0.0,0.0,0.0,0.0,0.0,0.0,0.0,0.0	0,0,0,0,0,0,0,0,0,0,0,0,0,0,0,0,0,0	2,2,2,2,2,2,1,1,1,1,1,1,1,1,1,1,1,1	1/7,1/8,2/9,2/10,3/11,3/12,4/13,4/14,5/15,5/16,6/17,6/18	7/1/8,9/2/10,11/3/12,13/4/14,15/5/16,17/6/18	-	-	1,2,3,4,5,6,1,1,2,2,3,3,4,4,5,5,6,6
maceoff_water_1007	6,6,6,6,6,6,6,1,1,1,1,1,1,1,1,1,1,1,1,1,1	0.0,0.0,0.0,0.0,0.0,0.0,0.0,0.0,0.0,0.0,0.0,0.0,0.0,0.0,0.0,0.0,0.0,0.0,0.0,0.0,0.0	0,0,0,0,0,0,0,0,0,0,0,0,0,0,0,0,0,0,0,0,0	2,2,2,2,2,2,2,1,1,1,1,1,1,1,1,1,1,1,1,1,1	1/8,1/9,2/10,2/11,3/12,3/13,4/14,4/15,5/16,5/17,6/18,6/19,7/20,7/21	8/1/9,10/2/11,12/3/13,14/4/15,16/5/17,18/6/19,20/7/21	-	-	1,2,3,4,5,6,7,1,1,2,2,3,3,4,4,5,5,6,6,7,7
maceoff_water_1008	6,6,6,6,6,6,6,6,6,6,6,6,1,1,1,1,1,1,1,1,1,1,1,1,1,1,1,1,1,1,1,1,1,1,1,1	0.0,0.0,0.0,0.0,0.0,0.0,0.0,0.0,0.0,0.0,0.0,0.0,0.0,0.0,0.0,0.0,0.0,0.0,0.0,0.0,0.0,0.0,0.0,0.0,0.0,0.0,0.0,0.0,0.0,0.0,0.0,0.0,0.0,0.0,0.0,0.0	0,0,0,0,0,0,0,0,0,0,0,0,0,0,0,0,0,0,0,0,0,0,0,0,0,0,0,0,0,0,0,0,0,0,0,0	2,2,2,2,2,2,2,2,2,2,2,2,1,1,1,1,1,1,1,1,1,1,1,1,1,1,1,1,1,1,1,1,1,1,1,1	1/13,1/14,2/15,2/16,3/17,3/18,4/19,4/20,5/21,5/22,6/23,6/24,7/25,7/26,8/27,8/28,9/29,9/30,10/31,10/32,11/33,11/34,12/35,12/36	13/1/14,15/2/16,17/3/18,19/4/20,21/5/22,23/6/24,25/7/26,27/8/28,29/9/30,31/10/32,33/11/34,35/12/36	-	-	1,2,3,4,5,6,7,8,9,10,11,12,1,1,2,2,3,3,4,4,5,5,6,6,7,7,8,8,9,9,10,10,11,11,12,12
maceoff_water_1009	6,1,1	0.0,0.0,0.0	0,0,0	2,1,1	1/2,1/3	2/1/3	-	-	1,1,1
maceoff_water_1010	6,6,6,6,6,6,6,6,1,1,1,1,1,1,1,1,1,1,1,1,1,1,1,1	0.0,0.0,0.0,0.0,0.0,0.0,0.0,0.0,0.0,0.0,0.0,0.0,0.0,0.0,0.0,0.0,0.0,0.0,0.0,0.0,0.0,0.0,0.0,0.0	0,0,0,0,0,0,0,0,0,0,0,0,0,0,0,0,0,0,0,0,0,0,0,0	2,2,2,2,2,2,2,2,1,1,1,1,1,1,1,1,1,1,1,1,1,1,1,1	1/9,1/10,2/11,2/12,3/13,3/14,4/15,4/16,5/17,5/18,6/19,6/20,7/21,7/22,8/23,8/24	9/1/10,11/2/12,13/3/14,15/4/16,17/5/18,19/6/20,21/7/22,23/8/24	-	-	1,2,3,4,5,6,7,8,1,1,2,2,3,3,4,4,5,5,6,6,7,7,8,8
maceoff_water_1011	6,6,6,6,6,6,1,1,1,1,1,1,1,1,1,1,1,1	0.0,0.0,0.0,0.0,0.0,0.0,0.0,0.0,0.0,0.0,0.0,0.0,0.0,0.0,0.0,0.0,0.0,0.0	0,0,0,0,0,0,0,0,0,0,0,0,0,0,0,0,0,0	2,2,2,2,2,2,1,1,1,1,1,1,1,1,1,1,1,1	1/7,1/8,2/9,2/10,3/11,3/12,4/13,4/14,5/15,5/16,6/17,6/18	7/1/8,9/2/10,11/3/12,13/4/14,15/5/16,17/6/18	-	-	1,2,3,4,5,6,1,1,2,2,3,3,4,4,5,5,6,6
maceoff_water_1012	6,6,6,6,1,1,1,1,1,1,1,1	0.0,0.0,0.0,0.0,0.0,0.0,0.0,0.0,0.0,0.0,0.0,0.0	0,0,0,0,0,0,0,0,0,0,0,0	2,2,2,2,1,1,1,1,1,1,1,1	1/5,1/6,2/7,2/8,3/9,3/10,4/11,4/12	5/1/6,7/2/8,9/3/10,11/4/12	-	-	1,2,3,4,1,1,2,2,3,3,4,4
maceoff_water_1013	6,6,6,6,6,6,6,6,6,6,6,6,1,1,1,1,1,1,1,1,1,1,1,1,1,1,1,1,1,1,1,1,1,1,1,1	0.0,0.0,0.0,0.0,0.0,0.0,0.0,0.0,0.0,0.0,0.0,0.0,0.0,0.0,0.0,0.0,0.0,0.0,0.0,0.0,0.0,0.0,0.0,0.0,0.0,0.0,0.0,0.0,0.0,0.0,0.0,0.0,0.0,0.0,0.0,0.0	0,0,0,0,0,0,0,0,0,0,0,0,0,0,0,0,0,0,0,0,0,0,0,0,0,0,0,0,0,0,0,0,0,0,0,0	2,2,2,2,2,2,2,2,2,2,2,2,1,1,1,1,1,1,1,1,1,1,1,1,1,1,1,1,1,1,1,1,1,1,1,1	1/13,1/14,2/15,2/16,3/17,3/18,4/19,4/20,5/21,5/22,6/23,6/24,7/25,7/26,8/27,8/28,9/29,9/30,10/31,10/32,11/33,11/34,12/35,12/36	13/1/14,15/2/16,17/3/18,19/4/20,21/5/22,23/6/24,25/7/26,27/8/28,29/9/30,31/10/32,33/11/34,35/12/36	-	-	1,2,3,4,5,6,7,8,9,10,11,12,1,1,2,2,3,3,4,4,5,5,6,6,7,7,8,8,9,9,10,10,11,11,12,12
maceoff_water_1014	6,6,6,6,1,1,1,1,1,1,1,1	0.0,0.0,0.0,0.0,0.0,0.0,0.0,0.0,0.0,0.0,0.0,0.0	0,0,0,0,0,0,0,0,0,0,0,0	2,2,2,2,1,1,1,1,1,1,1,1	1/5,1/6,2/7,2/8,3/9,3/10,4/11,4/12	5/1/6,7/2/8,9/3/10,11/4/12	-	-	1,2,3,4,1,1,2,2,3,3,4,4
maceoff_water_1015	6,6,6,1,1,1,1,1,1	0.0,0.0,0.0,0.0,0.0,0.0,0.0,0.0,0.0	0,0,0,0,0,0,0,0,0	2,2,2,1,1,1,1,1,1	1/4,1/5,2/6,2/7,3/8,3/9	4/1/5,6/2/7,8/3/9	-	-	1,2,3,1,1,2,2,3,3
maceoff_water_1016	6,6,6,6,6,1,1,1,1,1,1,1,1,1,1	0.0,0.0,0.0,0.0,0.0,0.0,0.0,0.0,0.0,0.0,0.0,0.0,0.0,0.0,0.0	0,0,0,0,0,0,0,0,0,0,0,0,0,0,0	2,2,2,2,2,1,1,1,1,1,1,1,1,1,1	1/6,1/7,2/8,2/9,3/10,3/11,4/12,4/13,5/14,5/15	6/1/7,8/2/9,10/3/11,12/4/13,14/5/15	-	-	1,2,3,4,5,1,1,2,2,3,3,4,4,5,5
maceoff_water_1017	6,6,1,1,1,1	0.0,0.0,0.0,0.0,0.0,0.0	0,0,0,0,0,0	2,2,1,1,1,1	1/3,1/4,2/5,2/6	3/1/4,5/2/6	-	-	1,2,1,1,2,2
maceoff_water_1018	6,6,6,6,6,6,1,1,1,1,1,1,1,1,1,1,1,1	0.0,0.0,0.0,0.0,0.0,0.0,0.0,0.0,0.0,0.0,0.0,0.0,0.0,0.0,0.0,0.0,0.0,0.0	0,0,0,0,0,0,0,0,0,0,0,0,0,0,0,0,0,0	2,2,2,2,2,2,1,1,1,1,1,1,1,1,1,1,1,1	1/7,1/8,2/9,2/10,3/11,3/12,4/13,4/14,5/15,5/16,6/17,6/18	7/1/8,9/2/10,11/3/12,13/4/14,15/5/16,17/6/18	-	-	1,2,3,4,5,6,1,1,2,2,3,3,4,4,5,5,6,6
maceoff_water_1019	6,6,6,6,6,1,1,1,1,1,1,1,1,1,1	0.0,0.0,0.0,0.0,0.0,0.0,0.0,0.0,0.0,0.0,0.0,0.0,0.0,0.0,0.0	0,0,0,0,0,0,0,0,0,0,0,0,0,0,0	2,2,2,2,2,1,1,1,1,1,1,1,1,1,1	1/6,1/7,2/8,2/9,3/10,3/11,4/12,4/13,5/14,5/15	6/1/7,8/2/9,10/3/11,12/4/13,14/5/15	-	-	1,2,3,4,5,1,1,2,2,3,3,4,4,5,5
maceoff_water_1020	6,6,6,6,6,6,6,6,6,6,6,6,1,1,1,1,1,1,1,1,1,1,1,1,1,1,1,1,1,1,1,1,1,1,1,1	0.0,0.0,0.0,0.0,0.0,0.0,0.0,0.0,0.0,0.0,0.0,0.0,0.0,0.0,0.0,0.0,0.0,0.0,0.0,0.0,0.0,0.0,0.0,0.0,0.0,0.0,0.0,0.0,0.0,0.0,0.0,0.0,0.0,0.0,0.0,0.0	0,0,0,0,0,0,0,0,0,0,0,0,0,0,0,0,0,0,0,0,0,0,0,0,0,0,0,0,0,0,0,0,0,0,0,0	2,2,2,2,2,2,2,2,2,2,2,2,1,1,1,1,1,1,1,1,1,1,1,1,1,1,1,1,1,1,1,1,1,1,1,1	1/13,1/14,2/15,2/16,3/17,3/18,4/19,4/20,5/21,5/22,6/23,6/24,7/25,7/26,8/27,8/28,9/29,9/30,10/31,10/32,11/33,11/34,12/35,12/36	13/1/14,15/2/16,17/3/18,19/4/20,21/5/22,23/6/24,25/7/26,27/8/28,29/9/30,31/10/32,33/11/34,35/12/36	-	-	1,2,3,4,5,6,7,8,9,10,11,12,1,1,2,2,3,3,4,4,5,5,6,6,7,7,8,8,9,9,10,10,11,11,12,12
maceoff_water_1021	6,6,6,1,1,1,1,1,1	0.0,0.0,0.0,0.0,0.0,0.0,0.0,0.0,0.0	0,0,0,0,0,0,0,0,0	2,2,2,1,1,1,1,1,1	1/4,1/5,2/6,2/7,3/8,3/9	4/1/5,6/2/7,8/3/9	-	-	1,2,3,1,1,2,2,3,3
maceoff_water_1022	6,1,1	0.0,0.0,0.0	0,0,0	2,1,1	1/2,1/3	2/1/3	-	-	1,1,1
maceoff_water_1023	6,6,6,6,6,6,6,6,6,6,6,6,6,6,6,6,6,6,6,6,6,6,6,6,6,6,6,6,6,6,6,6,6,6,6,6,6,6,6,6,6,6,6,6,6,6,6,6,6,6,1,1,1,1,1,1,1,1,1,1,1,1,1,1,1,1,1,1,1,1,1,1,1,1,1,1,1,1,1,1,1,1,1,1,1,1,1,1,1,1,1,1,1,1,1,1,1,1,1,1,1,1,1,1,1,1,1,1,1,1,1,1,1,1,1,1,1,1,1,1,1,1,1,1,1,1,1,1,1,1,1,1,1,1,1,1,1,1,1,1,1,1,1,1,1,1,1,1,1,1	0.0,0.0,0.0,0.0,0.0,0.0,0.0,0.0,0.0,0.0,0.0,0.0,0.0,0.0,0.0,0.0,0.0,0.0,0.0,0.0,0.0,0.0,0.0,0.0,0.0,0.0,0.0,0.0,0.0,0.0,0.0,0.0,0.0,0.0,0.0,0.0,0.0,0.0,0.0,0.0,0.0,0.0,0.0,0.0,0.0,0.0,0.0,0.0,0.0,0.0,0.0,0.0,0.0,0.0,0.0,0.0,0.0,0.0,0.0,0.0,0.0,0.0,0.0,0.0,0.0,0.0,0.0,0.0,0.0,0.0,0.0,0.0,0.0,0.0,0.0,0.0,0.0,0.0,0.0,0.0,0.0,0.0,0.0,0.0,0.0,0.0,0.0,0.0,0.0,0.0,0.0,0.0,0.0,0.0,0.0,0.0,0.0,0.0,0.0,0.0,0.0,0.0,0.0,0.0,0.0,0.0,0.0,0.0,0.0,0.0,0.0,0.0,0.0,0.0,0.0,0.0,0.0,0.0,0.0,0.0,0.0,0.0,0.0,0.0,0.0,0.0,0.0,0.0,0.0,0.0,0.0,0.0,0.0,0.0,0.0,0.0,0.0,0.0,0.0,0.0,0.0,0.0,0.0,0.0,0.0,0.0,0.0,0.0,0.0,0.0	0,0,0,0,0,0,0,0,0,0,0,0,0,0,0,0,0,0,0,0,0,0,0,0,0,0,0,0,0,0,0,0,0,0,0,0,0,0,0,0,0,0,0,0,0,0,0,0,0,0,0,0,0,0,0,0,0,0,0,0,0,0,0,0,0,0,0,0,0,0,0,0,0,0,0,0,0,0,0,0,0,0,0,0,0,0,0,0,0,0,0,0,0,0,0,0,0,0,0,0,0,0,0,0,0,0,0,0,0,0,0,0,0,0,0,0,0,0,0,0,0,0,0,0,0,0,0,0,0,0,0,0,0,0,0,0,0,0,0,0,0,0,0,0,0,0,0,0,0,0	2,2,2,2,2,2,2,2,2,2,2,2,2,2,2,2,2,2,2,2,2,2,2,2,2,2,2,2,2,2,2,2,2,2,2,2,2,2,2,2,2,2,2,2,2,2,2,2,2,2,1,1,1,1,1,1,1,1,1,1,1,1,1,1,1,1,1,1,1,1,1,1,1,1,1,1,1,1,1,1,1,1,1,1,1,1,1,1,1,1,1,1,1,1,1,1,1,1,1,1,1,1,1,1,1,1,1,1,1,1,1,1,1,1,1,1,1,1,1,1,1,1,1,1,1,1,1,1,1,1,1,1,1,1,1,1,1,1,1,1,1,1,1,1,1,1,1,1,1,1	1/51,1/52,2/53,2/54,3/55,3/56,4/57,4/58,5/59,5/60,6/61,6/62,7/63,7/64,8/65,8/66,9/67,9/68,10/69,10/70,11/71,11/72,12/73,12/74,13/75,13/76,14/77,14/78,15/79,15/80,16/81,16/82,17/83,17/84,18/85,18/86,19/87,19/88,20/89,20/90,21/91,21/92,22/93,22/94,23/95,23/96,24/97,24/98,25/99,25/100,26/101,26/102,27/103,27/104,28/105,28/106,29/107,29/108,30/109,30/110,31/111,31/112,32/113,32/114,33/115,33/116,34/117,34/118,35/119,35/120,36/121,36/122,37/123,37/124,38/125,38/126,39/127,39/128,40/129,40/130,41/131,41/132,42/133,42/134,43/135,43/136,44/137,44/138,45/139,45/140,46/141,46/142,47/143,47/144,48/145,48/146,49/147,49/148,50/149,50/150	51/1/52,53/2/54,55/3/56,57/4/58,59/5/60,61/6/62,63/7/64,65/8/66,67/9/68,69/10/70,71/11/72,73/12/74,75/13/76,77/14/78,79/15/80,81/16/82,83/17/84,85/18/86,87/19/88,89/20/90,91/21/92,93/22/94,95/23/96,97/24/98,99/25/100,101/26/102,103/27/104,105/28/106,107/29/108,109/30/110,111/31/112,113/32/114,115/33/116,117/34/118,119/35/120,121/36/122,123/37/124,125/38/126,127/39/128,129/40/130,131/41/132,133/42/134,135/43/136,137/44/138,139/45/140,141/46/142,143/47/144,145/48/146,147/49/148,149/50/150	-	-	1,2,3,4,5,6,7,8,9,10,11,12,13,14,15,16,17,18,19,20,21,22,23,24,25,26,27,28,29,30,31,32,33,34,35,36,37,38,39,40,41,42,43,44,45,46,47,48,49,50,1,1,2,2,3,3,4,4,5,5,6,6,7,7,8,8,9,9,10,10,11,11,12,12,13,13,14,14,15,15,16,16,17,17,18,18,19,19,20,20,21,21,22,22,23,23,24,24,25,25,26,26,27,27,28,28,29,29,30,30,31,31,32,32,33,33,34,34,35,35,36,36,37,37,38,38,39,39,40,40,41,41,42,42,43,43,44,44,45,45,46,46,47,47,48,48,49,49,50,50
maceoff_water_1024	6,6,6,6,6,6,6,1,1,1,1,1,1,1,1,1,1,1,1,1,1	0.0,0.0,0.0,0.0,0.0,0.0,0.0,0.0,0.0,0.0,0.0,0.0,0.0,0.0,0.0,0.0,0.0,0.0,0.0,0.0,0.0	0,0,0,0,0,0,0,0,0,0,0,0,0,0,0,0,0,0,0,0,0	2,2,2,2,2,2,2,1,1,1,1,1,1,1,1,1,1,1,1,1,1	1/8,1/9,2/10,2/11,3/12,3/13,4/14,4/15,5/16,5/17,6/18,6/19,7/20,7/21	8/1/9,10/2/11,12/3/13,14/4/15,16/5/17,18/6/19,20/7/21	-	-	1,2,3,4,5,6,7,1,1,2,2,3,3,4,4,5,5,6,6,7,7
maceoff_water_1025	6,6,6,6,6,6,6,6,6,6,1,1,1,1,1,1,1,1,1,1,1,1,1,1,1,1,1,1,1,1	0.0,0.0,0.0,0.0,0.0,0.0,0.0,0.0,0.0,0.0,0.0,0.0,0.0,0.0,0.0,0.0,0.0,0.0,0.0,0.0,0.0,0.0,0.0,0.0,0.0,0.0,0.0,0.0,0.0,0.0	0,0,0,0,0,0,0,0,0,0,0,0,0,0,0,0,0,0,0,0,0,0,0,0,0,0,0,0,0,0	2,2,2,2,2,2,2,2,2,2,1,1,1,1,1,1,1,1,1,1,1,1,1,1,1,1,1,1,1,1	1/11,1/12,2/13,2/14,3/15,3/16,4/17,4/18,5/19,5/20,6/21,6/22,7/23,7/24,8/25,8/26,9/27,9/28,10/29,10/30	11/1/12,13/2/14,15/3/16,17/4/18,19/5/20,21/6/22,23/7/24,25/8/26,27/9/28,29/10/30	-	-	1,2,3,4,5,6,7,8,9,10,1,1,2,2,3,3,4,4,5,5,6,6,7,7,8,8,9,9,10,10
maceoff_water_1026	6,6,6,6,6,6,1,1,1,1,1,1,1,1,1,1,1,1	0.0,0.0,0.0,0.0,0.0,0.0,0.0,0.0,0.0,0.0,0.0,0.0,0.0,0.0,0.0,0.0,0.0,0.0	0,0,0,0,0,0,0,0,0,0,0,0,0,0,0,0,0,0	2,2,2,2,2,2,1,1,1,1,1,1,1,1,1,1,1,1	1/7,1/8,2/9,2/10,3/11,3/12,4/13,4/14,5/15,5/16,6/17,6/18	7/1/8,9/2/10,11/3/12,13/4/14,15/5/16,17/6/18	-	-	1,2,3,4,5,6,1,1,2,2,3,3,4,4,5,5,6,6
maceoff_water_1027	6,6,6,6,1,1,1,1,1,1,1,1	0.0,0.0,0.0,0.0,0.0,0.0,0.0,0.0,0.0,0.0,0.0,0.0	0,0,0,0,0,0,0,0,0,0,0,0	2,2,2,2,1,1,1,1,1,1,1,1	1/5,1/6,2/7,2/8,3/9,3/10,4/11,4/12	5/1/6,7/2/8,9/3/10,11/4/12	-	-	1,2,3,4,1,1,2,2,3,3,4,4
maceoff_water_1028	6,6,6,6,6,6,6,6,6,6,1,1,1,1,1,1,1,1,1,1,1,1,1,1,1,1,1,1,1,1	0.0,0.0,0.0,0.0,0.0,0.0,0.0,0.0,0.0,0.0,0.0,0.0,0.0,0.0,0.0,0.0,0.0,0.0,0.0,0.0,0.0,0.0,0.0,0.0,0.0,0.0,0.0,0.0,0.0,0.0	0,0,0,0,0,0,0,0,0,0,0,0,0,0,0,0,0,0,0,0,0,0,0,0,0,0,0,0,0,0	2,2,2,2,2,2,2,2,2,2,1,1,1,1,1,1,1,1,1,1,1,1,1,1,1,1,1,1,1,1	1/11,1/12,2/13,2/14,3/15,3/16,4/17,4/18,5/19,5/20,6/21,6/22,7/23,7/24,8/25,8/26,9/27,9/28,10/29,10/30	11/1/12,13/2/14,15/3/16,17/4/18,19/5/20,21/6/22,23/7/24,25/8/26,27/9/28,29/10/30	-	-	1,2,3,4,5,6,7,8,9,10,1,1,2,2,3,3,4,4,5,5,6,6,7,7,8,8,9,9,10,10
maceoff_water_1029	6,6,6,6,6,1,1,1,1,1,1,1,1,1,1	0.0,0.0,0.0,0.0,0.0,0.0,0.0,0.0,0.0,0.0,0.0,0.0,0.0,0.0,0.0	0,0,0,0,0,0,0,0,0,0,0,0,0,0,0	2,2,2,2,2,1,1,1,1,1,1,1,1,1,1	1/6,1/7,2/8,2/9,3/10,3/11,4/12,4/13,5/14,5/15	6/1/7,8/2/9,10/3/11,12/4/13,14/5/15	-	-	1,2,3,4,5,1,1,2,2,3,3,4,4,5,5
maceoff_water_1030	6,6,6,6,6,6,6,1,1,1,1,1,1,1,1,1,1,1,1,1,1	0.0,0.0,0.0,0.0,0.0,0.0,0.0,0.0,0.0,0.0,0.0,0.0,0.0,0.0,0.0,0.0,0.0,0.0,0.0,0.0,0.0	0,0,0,0,0,0,0,0,0,0,0,0,0,0,0,0,0,0,0,0,0	2,2,2,2,2,2,2,1,1,1,1,1,1,1,1,1,1,1,1,1,1	1/8,1/9,2/10,2/11,3/12,3/13,4/14,4/15,5/16,5/17,6/18,6/19,7/20,7/21	8/1/9,10/2/11,12/3/13,14/4/15,16/5/17,18/6/19,20/7/21	-	-	1,2,3,4,5,6,7,1,1,2,2,3,3,4,4,5,5,6,6,7,7
maceoff_water_1031	6,6,6,6,6,6,6,6,1,1,1,1,1,1,1,1,1,1,1,1,1,1,1,1	0.0,0.0,0.0,0.0,0.0,0.0,0.0,0.0,0.0,0.0,0.0,0.0,0.0,0.0,0.0,0.0,0.0,0.0,0.0,0.0,0.0,0.0,0.0,0.0	0,0,0,0,0,0,0,0,0,0,0,0,0,0,0,0,0,0,0,0,0,0,0,0	2,2,2,2,2,2,2,2,1,1,1,1,1,1,1,1,1,1,1,1,1,1,1,1	1/9,1/10,2/11,2/12,3/13,3/14,4/15,4/16,5/17,5/18,6/19,6/20,7/21,7/22,8/23,8/24	9/1/10,11/2/12,13/3/14,15/4/16,17/5/18,19/6/20,21/7/22,23/8/24	-	-	1,2,3,4,5,6,7,8,1,1,2,2,3,3,4,4,5,5,6,6,7,7,8,8
maceoff_water_1032	6,6,6,6,6,1,1,1,1,1,1,1,1,1,1	0.0,0.0,0.0,0.0,0.0,0.0,0.0,0.0,0.0,0.0,0.0,0.0,0.0,0.0,0.0	0,0,0,0,0,0,0,0,0,0,0,0,0,0,0	2,2,2,2,2,1,1,1,1,1,1,1,1,1,1	1/6,1/7,2/8,2/9,3/10,3/11,4/12,4/13,5/14,5/15	6/1/7,8/2/9,10/3/11,12/4/13,14/5/15	-	-	1,2,3,4,5,1,1,2,2,3,3,4,4,5,5
maceoff_water_1033	6,6,6,1,1,1,1,1,1	0.0,0.0,0.0,0.0,0.0,0.0,0.0,0.0,0.0	0,0,0,0,0,0,0,0,0	2,2,2,1,1,1,1,1,1	1/4,1/5,2/6,2/7,3/8,3/9	4/1/5,6/2/7,8/3/9	-	-	1,2,3,1,1,2,2,3,3
maceoff_water_1034	6,6,6,1,1,1,1,1,1	0.0,0.0,0.0,0.0,0.0,0.0,0.0,0.0,0.0	0,0,0,0,0,0,0,0,0	2,2,2,1,1,1,1,1,1	1/4,1/5,2/6,2/7,3/8,3/9	4/1/5,6/2/7,8/3/9	-	-	1,2,3,1,1,2,2,3,3
maceoff_water_1035	6,6,6,6,6,6,6,6,6,6,6,6,1,1,1,1,1,1,1,1,1,1,1,1,1,1,1,1,1,1,1,1,1,1,1,1	0.0,0.0,0.0,0.0,0.0,0.0,0.0,0.0,0.0,0.0,0.0,0.0,0.0,0.0,0.0,0.0,0.0,0.0,0.0,0.0,0.0,0.0,0.0,0.0,0.0,0.0,0.0,0.0,0.0,0.0,0.0,0.0,0.0,0.0,0.0,0.0	0,0,0,0,0,0,0,0,0,0,0,0,0,0,0,0,0,0,0,0,0,0,0,0,0,0,0,0,0,0,0,0,0,0,0,0	2,2,2,2,2,2,2,2,2,2,2,2,1,1,1,1,1,1,1,1,1,1,1,1,1,1,1,1,1,1,1,1,1,1,1,1	1/13,1/14,2/15,2/16,3/17,3/18,4/19,4/20,5/21,5/22,6/23,6/24,7/25,7/26,8/27,8/28,9/29,9/30,10/31,10/32,11/33,11/34,12/35,12/36	13/1/14,15/2/16,17/3/18,19/4/20,21/5/22,23/6/24,25/7/26,27/8/28,29/9/30,31/10/32,33/11/34,35/12/36	-	-	1,2,3,4,5,6,7,8,9,10,11,12,1,1,2,2,3,3,4,4,5,5,6,6,7,7,8,8,9,9,10,10,11,11,12,12
maceoff_water_1036	6,6,6,6,6,6,1,1,1,1,1,1,1,1,1,1,1,1	0.0,0.0,0.0,0.0,0.0,0.0,0.0,0.0,0.0,0.0,0.0,0.0,0.0,0.0,0.0,0.0,0.0,0.0	0,0,0,0,0,0,0,0,0,0,0,0,0,0,0,0,0,0	2,2,2,2,2,2,1,1,1,1,1,1,1,1,1,1,1,1	1/7,1/8,2/9,2/10,3/11,3/12,4/13,4/14,5/15,5/16,6/17,6/18	7/1/8,9/2/10,11/3/12,13/4/14,15/5/16,17/6/18	-	-	1,2,3,4,5,6,1,1,2,2,3,3,4,4,5,5,6,6
maceoff_water_1037	6,6,6,6,1,1,1,1,1,1,1,1	0.0,0.0,0.0,0.0,0.0,0.0,0.0,0.0,0.0,0.0,0.0,0.0	0,0,0,0,0,0,0,0,0,0,0,0	2,2,2,2,1,1,1,1,1,1,1,1	1/5,1/6,2/7,2/8,3/9,3/10,4/11,4/12	5/1/6,7/2/8,9/3/10,11/4/12	-	-	1,2,3,4,1,1,2,2,3,3,4,4
maceoff_water_1038	6,6,6,6,6,6,1,1,1,1,1,1,1,1,1,1,1,1	0.0,0.0,0.0,0.0,0.0,0.0,0.0,0.0,0.0,0.0,0.0,0.0,0.0,0.0,0.0,0.0,0.0,0.0	0,0,0,0,0,0,0,0,0,0,0,0,0,0,0,0,0,0	2,2,2,2,2,2,1,1,1,1,1,1,1,1,1,1,1,1	1/7,1/8,2/9,2/10,3/11,3/12,4/13,4/14,5/15,5/16,6/17,6/18	7/1/8,9/2/10,11/3/12,13/4/14,15/5/16,17/6/18	-	-	1,2,3,4,5,6,1,1,2,2,3,3,4,4,5,5,6,6
maceoff_water_1039	6,1,1	0.0,0.0,0.0	0,0,0	2,1,1	1/2,1/3	2/1/3	-	-	1,1,1
maceoff_water_1040	6,6,1,1,1,1	0.0,0.0,0.0,0.0,0.0,0.0	0,0,0,0,0,0	2,2,1,1,1,1	1/3,1/4,2/5,2/6	3/1/4,5/2/6	-	-	1,2,1,1,2,2
maceoff_water_1041	6,6,6,6,6,6,6,6,6,6,6,1,1,1,1,1,1,1,1,1,1,1,1,1,1,1,1,1,1,1,1,1,1	0.0,0.0,0.0,0.0,0.0,0.0,0.0,0.0,0.0,0.0,0.0,0.0,0.0,0.0,0.0,0.0,0.0,0.0,0.0,0.0,0.0,0.0,0.0,0.0,0.0,0.0,0.0,0.0,0.0,0.0,0.0,0.0,0.0	0,0,0,0,0,0,0,0,0,0,0,0,0,0,0,0,0,0,0,0,0,0,0,0,0,0,0,0,0,0,0,0,0	2,2,2,2,2,2,2,2,2,2,2,1,1,1,1,1,1,1,1,1,1,1,1,1,1,1,1,1,1,1,1,1,1	1/12,1/13,2/14,2/15,3/16,3/17,4/18,4/19,5/20,5/21,6/22,6/23,7/24,7/25,8/26,8/27,9/28,9/29,10/30,10/31,11/32,11/33	12/1/13,14/2/15,16/3/17,18/4/19,20/5/21,22/6/23,24/7/25,26/8/27,28/9/29,30/10/31,32/11/33	-	-	1,2,3,4,5,6,7,8,9,10,11,1,1,2,2,3,3,4,4,5,5,6,6,7,7,8,8,9,9,10,10,11,11
maceoff_water_1042	6,6,6,6,6,6,6,6,6,6,6,1,1,1,1,1,1,1,1,1,1,1,1,1,1,1,1,1,1,1,1,1,1	0.0,0.0,0.0,0.0,0.0,0.0,0.0,0.0,0.0,0.0,0.0,0.0,0.0,0.0,0.0,0.0,0.0,0.0,0.0,0.0,0.0,0.0,0.0,0.0,0.0,0.0,0.0,0.0,0.0,0.0,0.0,0.0,0.0	0,0,0,0,0,0,0,0,0,0,0,0,0,0,0,0,0,0,0,0,0,0,0,0,0,0,0,0,0,0,0,0,0	2,2,2,2,2,2,2,2,2,2,2,1,1,1,1,1,1,1,1,1,1,1,1,1,1,1,1,1,1,1,1,1,1	1/12,1/13,2/14,2/15,3/16,3/17,4/18,4/19,5/20,5/21,6/22,6/23,7/24,7/25,8/26,8/27,9/28,9/29,10/30,10/31,11/32,11/33	12/1/13,14/2/15,16/3/17,18/4/19,20/5/21,22/6/23,24/7/25,26/8/27,28/9/29,30/10/31,32/11/33	-	-	1,2,3,4,5,6,7,8,9,10,11,1,1,2,2,3,3,4,4,5,5,6,6,7,7,8,8,9,9,10,10,11,11
maceoff_water_1043	6,6,6,6,1,1,1,1,1,1,1,1	0.0,0.0,0.0,0.0,0.0,0.0,0.0,0.0,0.0,0.0,0.0,0.0	0,0,0,0,0,0,0,0,0,0,0,0	2,2,2,2,1,1,1,1,1,1,1,1	1/5,1/6,2/7,2/8,3/9,3/10,4/11,4/12	5/1/6,7/2/8,9/3/10,11/4/12	-	-	1,2,3,4,1,1,2,2,3,3,4,4
maceoff_water_1044	6,6,1,1,1,1	0.0,0.0,0.0,0.0,0.0,0.0	0,0,0,0,0,0	2,2,1,1,1,1	1/3,1/4,2/5,2/6	3/1/4,5/2/6	-	-	1,2,1,1,2,2
maceoff_water_1045	6,1,1	0.0,0.0,0.0	0,0,0	2,1,1	1/2,1/3	2/1/3	-	-	1,1,1
maceoff_water_1046	6,6,6,6,6,6,6,6,6,6,6,6,1,1,1,1,1,1,1,1,1,1,1,1,1,1,1,1,1,1,1,1,1,1,1,1	0.0,0.0,0.0,0.0,0.0,0.0,0.0,0.0,0.0,0.0,0.0,0.0,0.0,0.0,0.0,0.0,0.0,0.0,0.0,0.0,0.0,0.0,0.0,0.0,0.0,0.0,0.0,0.0,0.0,0.0,0.0,0.0,0.0,0.0,0.0,0.0	0,0,0,0,0,0,0,0,0,0,0,0,0,0,0,0,0,0,0,0,0,0,0,0,0,0,0,0,0,0,0,0,0,0,0,0	2,2,2,2,2,2,2,2,2,2,2,2,1,1,1,1,1,1,1,1,1,1,1,1,1,1,1,1,1,1,1,1,1,1,1,1	1/13,1/14,2/15,2/16,3/17,3/18,4/19,4/20,5/21,5/22,6/23,6/24,7/25,7/26,8/27,8/28,9/29,9/30,10/31,10/32,11/33,11/34,12/35,12/36	13/1/14,15/2/16,17/3/18,19/4/20,21/5/22,23/6/24,25/7/26,27/8/28,29/9/30,31/10/32,33/11/34,35/12/36	-	-	1,2,3,4,5,6,7,8,9,10,11,12,1,1,2,2,3,3,4,4,5,5,6,6,7,7,8,8,9,9,10,10,11,11,12,12
maceoff_water_1047	6,6,6,6,6,6,6,6,1,1,1,1,1,1,1,1,1,1,1,1,1,1,1,1	0.0,0.0,0.0,0.0,0.0,0.0,0.0,0.0,0.0,0.0,0.0,0.0,0.0,0.0,0.0,0.0,0.0,0.0,0.0,0.0,0.0,0.0,0.0,0.0	0,0,0,0,0,0,0,0,0,0,0,0,0,0,0,0,0,0,0,0,0,0,0,0	2,2,2,2,2,2,2,2,1,1,1,1,1,1,1,1,1,1,1,1,1,1,1,1	1/9,1/10,2/11,2/12,3/13,3/14,4/15,4/16,5/17,5/18,6/19,6/20,7/21,7/22,8/23,8/24	9/1/10,11/2/12,13/3/14,15/4/16,17/5/18,19/6/20,21/7/22,23/8/24	-	-	1,2,3,4,5,6,7,8,1,1,2,2,3,3,4,4,5,5,6,6,7,7,8,8
maceoff_water_1048	6,6,6,6,6,6,6,1,1,1,1,1,1,1,1,1,1,1,1,1,1	0.0,0.0,0.0,0.0,0.0,0.0,0.0,0.0,0.0,0.0,0.0,0.0,0.0,0.0,0.0,0.0,0.0,0.0,0.0,0.0,0.0	0,0,0,0,0,0,0,0,0,0,0,0,0,0,0,0,0,0,0,0,0	2,2,2,2,2,2,2,1,1,1,1,1,1,1,1,1,1,1,1,1,1	1/8,1/9,2/10,2/11,3/12,3/13,4/14,4/15,5/16,5/17,6/18,6/19,7/20,7/21	8/1/9,10/2/11,12/3/13,14/4/15,16/5/17,18/6/19,20/7/21	-	-	1,2,3,4,5,6,7,1,1,2,2,3,3,4,4,5,5,6,6,7,7
maceoff_water_1049	6,6,6,6,6,6,6,6,6,6,6,1,1,1,1,1,1,1,1,1,1,1,1,1,1,1,1,1,1,1,1,1,1	0.0,0.0,0.0,0.0,0.0,0.0,0.0,0.0,0.0,0.0,0.0,0.0,0.0,0.0,0.0,0.0,0.0,0.0,0.0,0.0,0.0,0.0,0.0,0.0,0.0,0.0,0.0,0.0,0.0,0.0,0.0,0.0,0.0	0,0,0,0,0,0,0,0,0,0,0,0,0,0,0,0,0,0,0,0,0,0,0,0,0,0,0,0,0,0,0,0,0	2,2,2,2,2,2,2,2,2,2,2,1,1,1,1,1,1,1,1,1,1,1,1,1,1,1,1,1,1,1,1,1,1	1/12,1/13,2/14,2/15,3/16,3/17,4/18,4/19,5/20,5/21,6/22,6/23,7/24,7/25,8/26,8/27,9/28,9/29,10/30,10/31,11/32,11/33	12/1/13,14/2/15,16/3/17,18/4/19,20/5/21,22/6/23,24/7/25,26/8/27,28/9/29,30/10/31,32/11/33	-	-	1,2,3,4,5,6,7,8,9,10,11,1,1,2,2,3,3,4,4,5,5,6,6,7,7,8,8,9,9,10,10,11,11
maceoff_water_1050	6,6,6,1,1,1,1,1,1	0.0,0.0,0.0,0.0,0.0,0.0,0.0,0.0,0.0	0,0,0,0,0,0,0,0,0	2,2,2,1,1,1,1,1,1	1/4,1/5,2/6,2/7,3/8,3/9	4/1/5,6/2/7,8/3/9	-	-	1,2,3,1,1,2,2,3,3
maceoff_water_1051	6,6,1,1,1,1	0.0,0.0,0.0,0.0,0.0,0.0	0,0,0,0,0,0	2,2,1,1,1,1	1/3,1/4,2/5,2/6	3/1/4,5/2/6	-	-	1,2,1,1,2,2
maceoff_water_1052	6,6,1,1,1,1	0.0,0.0,0.0,0.0,0.0,0.0	0,0,0,0,0,0	2,2,1,1,1,1	1/3,1/4,2/5,2/6	3/1/4,5/2/6	-	-	1,2,1,1,2,2
maceoff_water_1053	6,6,6,6,1,1,1,1,1,1,1,1	0.0,0.0,0.0,0.0,0.0,0.0,0.0,0.0,0.0,0.0,0.0,0.0	0,0,0,0,0,0,0,0,0,0,0,0	2,2,2,2,1,1,1,1,1,1,1,1	1/5,1/6,2/7,2/8,3/9,3/10,4/11,4/12	5/1/6,7/2/8,9/3/10,11/4/12	-	-	1,2,3,4,1,1,2,2,3,3,4,4
maceoff_water_1054	6,6,6,6,6,6,6,6,6,6,1,1,1,1,1,1,1,1,1,1,1,1,1,1,1,1,1,1,1,1	0.0,0.0,0.0,0.0,0.0,0.0,0.0,0.0,0.0,0.0,0.0,0.0,0.0,0.0,0.0,0.0,0.0,0.0,0.0,0.0,0.0,0.0,0.0,0.0,0.0,0.0,0.0,0.0,0.0,0.0	0,0,0,0,0,0,0,0,0,0,0,0,0,0,0,0,0,0,0,0,0,0,0,0,0,0,0,0,0,0	2,2,2,2,2,2,2,2,2,2,1,1,1,1,1,1,1,1,1,1,1,1,1,1,1,1,1,1,1,1	1/11,1/12,2/13,2/14,3/15,3/16,4/17,4/18,5/19,5/20,6/21,6/22,7/23,7/24,8/25,8/26,9/27,9/28,10/29,10/30	11/1/12,13/2/14,15/3/16,17/4/18,19/5/20,21/6/22,23/7/24,25/8/26,27/9/28,29/10/30	-	-	1,2,3,4,5,6,7,8,9,10,1,1,2,2,3,3,4,4,5,5,6,6,7,7,8,8,9,9,10,10
maceoff_water_1055	6,6,6,6,6,1,1,1,1,1,1,1,1,1,1	0.0,0.0,0.0,0.0,0.0,0.0,0.0,0.0,0.0,0.0,0.0,0.0,0.0,0.0,0.0	0,0,0,0,0,0,0,0,0,0,0,0,0,0,0	2,2,2,2,2,1,1,1,1,1,1,1,1,1,1	1/6,1/7,2/8,2/9,3/10,3/11,4/12,4/13,5/14,5/15	6/1/7,8/2/9,10/3/11,12/4/13,14/5/15	-	-	1,2,3,4,5,1,1,2,2,3,3,4,4,5,5
maceoff_water_1056	6,6,1,1,1,1	0.0,0.0,0.0,0.0,0.0,0.0	0,0,0,0,0,0	2,2,1,1,1,1	1/3,1/4,2/5,2/6	3/1/4,5/2/6	-	-	1,2,1,1,2,2
maceoff_water_1057	6,6,6,6,6,6,6,6,1,1,1,1,1,1,1,1,1,1,1,1,1,1,1,1	0.0,0.0,0.0,0.0,0.0,0.0,0.0,0.0,0.0,0.0,0.0,0.0,0.0,0.0,0.0,0.0,0.0,0.0,0.0,0.0,0.0,0.0,0.0,0.0	0,0,0,0,0,0,0,0,0,0,0,0,0,0,0,0,0,0,0,0,0,0,0,0	2,2,2,2,2,2,2,2,1,1,1,1,1,1,1,1,1,1,1,1,1,1,1,1	1/9,1/10,2/11,2/12,3/13,3/14,4/15,4/16,5/17,5/18,6/19,6/20,7/21,7/22,8/23,8/24	9/1/10,11/2/12,13/3/14,15/4/16,17/5/18,19/6/20,21/7/22,23/8/24	-	-	1,2,3,4,5,6,7,8,1,1,2,2,3,3,4,4,5,5,6,6,7,7,8,8
maceoff_water_1058	6,6,1,1,1,1	0.0,0.0,0.0,0.0,0.0,0.0	0,0,0,0,0,0	2,2,1,1,1,1	1/3,1/4,2/5,2/6	3/1/4,5/2/6	-	-	1,2,1,1,2,2
maceoff_water_1059	6,6,6,6,6,6,6,6,6,6,6,1,1,1,1,1,1,1,1,1,1,1,1,1,1,1,1,1,1,1,1,1,1	0.0,0.0,0.0,0.0,0.0,0.0,0.0,0.0,0.0,0.0,0.0,0.0,0.0,0.0,0.0,0.0,0.0,0.0,0.0,0.0,0.0,0.0,0.0,0.0,0.0,0.0,0.0,0.0,0.0,0.0,0.0,0.0,0.0	0,0,0,0,0,0,0,0,0,0,0,0,0,0,0,0,0,0,0,0,0,0,0,0,0,0,0,0,0,0,0,0,0	2,2,2,2,2,2,2,2,2,2,2,1,1,1,1,1,1,1,1,1,1,1,1,1,1,1,1,1,1,1,1,1,1	1/12,1/13,2/14,2/15,3/16,3/17,4/18,4/19,5/20,5/21,6/22,6/23,7/24,7/25,8/26,8/27,9/28,9/29,10/30,10/31,11/32,11/33	12/1/13,14/2/15,16/3/17,18/4/19,20/5/21,22/6/23,24/7/25,26/8/27,28/9/29,30/10/31,32/11/33	-	-	1,2,3,4,5,6,7,8,9,10,11,1,1,2,2,3,3,4,4,5,5,6,6,7,7,8,8,9,9,10,10,11,11
maceoff_water_1060	6,6,6,6,6,1,1,1,1,1,1,1,1,1,1	0.0,0.0,0.0,0.0,0.0,0.0,0.0,0.0,0.0,0.0,0.0,0.0,0.0,0.0,0.0	0,0,0,0,0,0,0,0,0,0,0,0,0,0,0	2,2,2,2,2,1,1,1,1,1,1,1,1,1,1	1/6,1/7,2/8,2/9,3/10,3/11,4/12,4/13,5/14,5/15	6/1/7,8/2/9,10/3/11,12/4/13,14/5/15	-	-	1,2,3,4,5,1,1,2,2,3,3,4,4,5,5
maceoff_water_1061	6,6,6,6,1,1,1,1,1,1,1,1	0.0,0.0,0.0,0.0,0.0,0.0,0.0,0.0,0.0,0.0,0.0,0.0	0,0,0,0,0,0,0,0,0,0,0,0	2,2,2,2,1,1,1,1,1,1,1,1	1/5,1/6,2/7,2/8,3/9,3/10,4/11,4/12	5/1/6,7/2/8,9/3/10,11/4/12	-	-	1,2,3,4,1,1,2,2,3,3,4,4
maceoff_water_1062	6,1,1	0.0,0.0,0.0	0,0,0	2,1,1	1/2,1/3	2/1/3	-	-	1,1,1
maceoff_water_1063	6,6,6,6,1,1,1,1,1,1,1,1	0.0,0.0,0.0,0.0,0.0,0.0,0.0,0.0,0.0,0.0,0.0,0.0	0,0,0,0,0,0,0,0,0,0,0,0	2,2,2,2,1,1,1,1,1,1,1,1	1/5,1/6,2/7,2/8,3/9,3/10,4/11,4/12	5/1/6,7/2/8,9/3/10,11/4/12	-	-	1,2,3,4,1,1,2,2,3,3,4,4
maceoff_water_1064	6,6,6,6,1,1,1,1,1,1,1,1	0.0,0.0,0.0,0.0,0.0,0.0,0.0,0.0,0.0,0.0,0.0,0.0	0,0,0,0,0,0,0,0,0,0,0,0	2,2,2,2,1,1,1,1,1,1,1,1	1/5,1/6,2/7,2/8,3/9,3/10,4/11,4/12	5/1/6,7/2/8,9/3/10,11/4/12	-	-	1,2,3,4,1,1,2,2,3,3,4,4
maceoff_water_1065	6,6,6,6,6,1,1,1,1,1,1,1,1,1,1	0.0,0.0,0.0,0.0,0.0,0.0,0.0,0.0,0.0,0.0,0.0,0.0,0.0,0.0,0.0	0,0,0,0,0,0,0,0,0,0,0,0,0,0,0	2,2,2,2,2,1,1,1,1,1,1,1,1,1,1	1/6,1/7,2/8,2/9,3/10,3/11,4/12,4/13,5/14,5/15	6/1/7,8/2/9,10/3/11,12/4/13,14/5/15	-	-	1,2,3,4,5,1,1,2,2,3,3,4,4,5,5
maceoff_water_1066	6,6,6,6,6,6,6,6,6,6,1,1,1,1,1,1,1,1,1,1,1,1,1,1,1,1,1,1,1,1	0.0,0.0,0.0,0.0,0.0,0.0,0.0,0.0,0.0,0.0,0.0,0.0,0.0,0.0,0.0,0.0,0.0,0.0,0.0,0.0,0.0,0.0,0.0,0.0,0.0,0.0,0.0,0.0,0.0,0.0	0,0,0,0,0,0,0,0,0,0,0,0,0,0,0,0,0,0,0,0,0,0,0,0,0,0,0,0,0,0	2,2,2,2,2,2,2,2,2,2,1,1,1,1,1,1,1,1,1,1,1,1,1,1,1,1,1,1,1,1	1/11,1/12,2/13,2/14,3/15,3/16,4/17,4/18,5/19,5/20,6/21,6/22,7/23,7/24,8/25,8/26,9/27,9/28,10/29,10/30	11/1/12,13/2/14,15/3/16,17/4/18,19/5/20,21/6/22,23/7/24,25/8/26,27/9/28,29/10/30	-	-	1,2,3,4,5,6,7,8,9,10,1,1,2,2,3,3,4,4,5,5,6,6,7,7,8,8,9,9,10,10
maceoff_water_1067	6,6,6,1,1,1,1,1,1	0.0,0.0,0.0,0.0,0.0,0.0,0.0,0.0,0.0	0,0,0,0,0,0,0,0,0	2,2,2,1,1,1,1,1,1	1/4,1/5,2/6,2/7,3/8,3/9	4/1/5,6/2/7,8/3/9	-	-	1,2,3,1,1,2,2,3,3
maceoff_water_1068	6,6,6,6,6,6,1,1,1,1,1,1,1,1,1,1,1,1	0.0,0.0,0.0,0.0,0.0,0.0,0.0,0.0,0.0,0.0,0.0,0.0,0.0,0.0,0.0,0.0,0.0,0.0	0,0,0,0,0,0,0,0,0,0,0,0,0,0,0,0,0,0	2,2,2,2,2,2,1,1,1,1,1,1,1,1,1,1,1,1	1/7,1/8,2/9,2/10,3/11,3/12,4/13,4/14,5/15,5/16,6/17,6/18	7/1/8,9/2/10,11/3/12,13/4/14,15/5/16,17/6/18	-	-	1,2,3,4,5,6,1,1,2,2,3,3,4,4,5,5,6,6
maceoff_water_1069	6,6,6,6,6,6,6,6,1,1,1,1,1,1,1,1,1,1,1,1,1,1,1,1	0.0,0.0,0.0,0.0,0.0,0.0,0.0,0.0,0.0,0.0,0.0,0.0,0.0,0.0,0.0,0.0,0.0,0.0,0.0,0.0,0.0,0.0,0.0,0.0	0,0,0,0,0,0,0,0,0,0,0,0,0,0,0,0,0,0,0,0,0,0,0,0	2,2,2,2,2,2,2,2,1,1,1,1,1,1,1,1,1,1,1,1,1,1,1,1	1/9,1/10,2/11,2/12,3/13,3/14,4/15,4/16,5/17,5/18,6/19,6/20,7/21,7/22,8/23,8/24	9/1/10,11/2/12,13/3/14,15/4/16,17/5/18,19/6/20,21/7/22,23/8/24	-	-	1,2,3,4,5,6,7,8,1,1,2,2,3,3,4,4,5,5,6,6,7,7,8,8
maceoff_water_1070	6,6,6,6,6,6,6,6,6,6,6,1,1,1,1,1,1,1,1,1,1,1,1,1,1,1,1,1,1,1,1,1,1	0.0,0.0,0.0,0.0,0.0,0.0,0.0,0.0,0.0,0.0,0.0,0.0,0.0,0.0,0.0,0.0,0.0,0.0,0.0,0.0,0.0,0.0,0.0,0.0,0.0,0.0,0.0,0.0,0.0,0.0,0.0,0.0,0.0	0,0,0,0,0,0,0,0,0,0,0,0,0,0,0,0,0,0,0,0,0,0,0,0,0,0,0,0,0,0,0,0,0	2,2,2,2,2,2,2,2,2,2,2,1,1,1,1,1,1,1,1,1,1,1,1,1,1,1,1,1,1,1,1,1,1	1/12,1/13,2/14,2/15,3/16,3/17,4/18,4/19,5/20,5/21,6/22,6/23,7/24,7/25,8/26,8/27,9/28,9/29,10/30,10/31,11/32,11/33	12/1/13,14/2/15,16/3/17,18/4/19,20/5/21,22/6/23,24/7/25,26/8/27,28/9/29,30/10/31,32/11/33	-	-	1,2,3,4,5,6,7,8,9,10,11,1,1,2,2,3,3,4,4,5,5,6,6,7,7,8,8,9,9,10,10,11,11
maceoff_water_1071	6,6,6,6,1,1,1,1,1,1,1,1	0.0,0.0,0.0,0.0,0.0,0.0,0.0,0.0,0.0,0.0,0.0,0.0	0,0,0,0,0,0,0,0,0,0,0,0	2,2,2,2,1,1,1,1,1,1,1,1	1/5,1/6,2/7,2/8,3/9,3/10,4/11,4/12	5/1/6,7/2/8,9/3/10,11/4/12	-	-	1,2,3,4,1,1,2,2,3,3,4,4
maceoff_water_1072	6,6,1,1,1,1	0.0,0.0,0.0,0.0,0.0,0.0	0,0,0,0,0,0	2,2,1,1,1,1	1/3,1/4,2/5,2/6	3/1/4,5/2/6	-	-	1,2,1,1,2,2
maceoff_water_1073	6,6,6,1,1,1,1,1,1	0.0,0.0,0.0,0.0,0.0,0.0,0.0,0.0,0.0	0,0,0,0,0,0,0,0,0	2,2,2,1,1,1,1,1,1	1/4,1/5,2/6,2/7,3/8,3/9	4/1/5,6/2/7,8/3/9	-	-	1,2,3,1,1,2,2,3,3
maceoff_water_1074	6,6,1,1,1,1	0.0,0.0,0.0,0.0,0.0,0.0	0,0,0,0,0,0	2,2,1,1,1,1	1/3,1/4,2/5,2/6	3/1/4,5/2/6	-	-	1,2,1,1,2,2
maceoff_water_1075	6,6,1,1,1,1	0.0,0.0,0.0,0.0,0.0,0.0	0,0,0,0,0,0	2,2,1,1,1,1	1/3,1/4,2/5,2/6	3/1/4,5/2/6	-	-	1,2,1,1,2,2
maceoff_water_1076	6,6,6,1,1,1,1,1,1	0.0,0.0,0.0,0.0,0.0,0.0,0.0,0.0,0.0	0,0,0,0,0,0,0,0,0	2,2,2,1,1,1,1,1,1	1/4,1/5,2/6,2/7,3/8,3/9	4/1/5,6/2/7,8/3/9	-	-	1,2,3,1,1,2,2,3,3
maceoff_water_1077	6,6,6,6,6,1,1,1,1,1,1,1,1,1,1	0.0,0.0,0.0,0.0,0.0,0.0,0.0,0.0,0.0,0.0,0.0,0.0,0.0,0.0,0.0	0,0,0,0,0,0,0,0,0,0,0,0,0,0,0	2,2,2,2,2,1,1,1,1,1,1,1,1,1,1	1/6,1/7,2/8,2/9,3/10,3/11,4/12,4/13,5/14,5/15	6/1/7,8/2/9,10/3/11,12/4/13,14/5/15	-	-	1,2,3,4,5,1,1,2,2,3,3,4,4,5,5
maceoff_water_1078	6,1,1	0.0,0.0,0.0	0,0,0	2,1,1	1/2,1/3	2/1/3	-	-	1,1,1
maceoff_water_1079	6,6,6,6,6,6,6,6,6,6,1,1,1,1,1,1,1,1,1,1,1,1,1,1,1,1,1,1,1,1	0.0,0.0,0.0,0.0,0.0,0.0,0.0,0.0,0.0,0.0,0.0,0.0,0.0,0.0,0.0,0.0,0.0,0.0,0.0,0.0,0.0,0.0,0.0,0.0,0.0,0.0,0.0,0.0,0.0,0.0	0,0,0,0,0,0,0,0,0,0,0,0,0,0,0,0,0,0,0,0,0,0,0,0,0,0,0,0,0,0	2,2,2,2,2,2,2,2,2,2,1,1,1,1,1,1,1,1,1,1,1,1,1,1,1,1,1,1,1,1	1/11,1/12,2/13,2/14,3/15,3/16,4/17,4/18,5/19,5/20,6/21,6/22,7/23,7/24,8/25,8/26,9/27,9/28,10/29,10/30	11/1/12,13/2/14,15/3/16,17/4/18,19/5/20,21/6/22,23/7/24,25/8/26,27/9/28,29/10/30	-	-	1,2,3,4,5,6,7,8,9,10,1,1,2,2,3,3,4,4,5,5,6,6,7,7,8,8,9,9,10,10
maceoff_water_1080	6,6,6,6,6,6,6,6,6,6,6,6,1,1,1,1,1,1,1,1,1,1,1,1,1,1,1,1,1,1,1,1,1,1,1,1	0.0,0.0,0.0,0.0,0.0,0.0,0.0,0.0,0.0,0.0,0.0,0.0,0.0,0.0,0.0,0.0,0.0,0.0,0.0,0.0,0.0,0.0,0.0,0.0,0.0,0.0,0.0,0.0,0.0,0.0,0.0,0.0,0.0,0.0,0.0,0.0	0,0,0,0,0,0,0,0,0,0,0,0,0,0,0,0,0,0,0,0,0,0,0,0,0,0,0,0,0,0,0,0,0,0,0,0	2,2,2,2,2,2,2,2,2,2,2,2,1,1,1,1,1,1,1,1,1,1,1,1,1,1,1,1,1,1,1,1,1,1,1,1	1/13,1/14,2/15,2/16,3/17,3/18,4/19,4/20,5/21,5/22,6/23,6/24,7/25,7/26,8/27,8/28,9/29,9/30,10/31,10/32,11/33,11/34,12/35,12/36	13/1/14,15/2/16,17/3/18,19/4/20,21/5/22,23/6/24,25/7/26,27/8/28,29/9/30,31/10/32,33/11/34,35/12/36	-	-	1,2,3,4,5,6,7,8,9,10,11,12,1,1,2,2,3,3,4,4,5,5,6,6,7,7,8,8,9,9,10,10,11,11,12,12
maceoff_water_1081	6,6,6,6,6,6,6,6,6,1,1,1,1,1,1,1,1,1,1,1,1,1,1,1,1,1,1	0.0,0.0,0.0,0.0,0.0,0.0,0.0,0.0,0.0,0.0,0.0,0.0,0.0,0.0,0.0,0.0,0.0,0.0,0.0,0.0,0.0,0.0,0.0,0.0,0.0,0.0,0.0	0,0,0,0,0,0,0,0,0,0,0,0,0,0,0,0,0,0,0,0,0,0,0,0,0,0,0	2,2,2,2,2,2,2,2,2,1,1,1,1,1,1,1,1,1,1,1,1,1,1,1,1,1,1	1/10,1/11,2/12,2/13,3/14,3/15,4/16,4/17,5/18,5/19,6/20,6/21,7/22,7/23,8/24,8/25,9/26,9/27	10/1/11,12/2/13,14/3/15,16/4/17,18/5/19,20/6/21,22/7/23,24/8/25,26/9/27	-	-	1,2,3,4,5,6,7,8,9,1,1,2,2,3,3,4,4,5,5,6,6,7,7,8,8,9,9
maceoff_water_1082	6,6,6,6,6,6,6,6,1,1,1,1,1,1,1,1,1,1,1,1,1,1,1,1	0.0,0.0,0.0,0.0,0.0,0.0,0.0,0.0,0.0,0.0,0.0,0.0,0.0,0.0,0.0,0.0,0.0,0.0,0.0,0.0,0.0,0.0,0.0,0.0	0,0,0,0,0,0,0,0,0,0,0,0,0,0,0,0,0,0,0,0,0,0,0,0	2,2,2,2,2,2,2,2,1,1,1,1,1,1,1,1,1,1,1,1,1,1,1,1	1/9,1/10,2/11,2/12,3/13,3/14,4/15,4/16,5/17,5/18,6/19,6/20,7/21,7/22,8/23,8/24	9/1/10,11/2/12,13/3/14,15/4/16,17/5/18,19/6/20,21/7/22,23/8/24	-	-	1,2,3,4,5,6,7,8,1,1,2,2,3,3,4,4,5,5,6,6,7,7,8,8
maceoff_water_1083	6,6,1,1,1,1	0.0,0.0,0.0,0.0,0.0,0.0	0,0,0,0,0,0	2,2,1,1,1,1	1/3,1/4,2/5,2/6	3/1/4,5/2/6	-	-	1,2,1,1,2,2
maceoff_water_1084	6,6,6,6,6,6,6,6,6,1,1,1,1,1,1,1,1,1,1,1,1,1,1,1,1,1,1	0.0,0.0,0.0,0.0,0.0,0.0,0.0,0.0,0.0,0.0,0.0,0.0,0.0,0.0,0.0,0.0,0.0,0.0,0.0,0.0,0.0,0.0,0.0,0.0,0.0,0.0,0.0	0,0,0,0,0,0,0,0,0,0,0,0,0,0,0,0,0,0,0,0,0,0,0,0,0,0,0	2,2,2,2,2,2,2,2,2,1,1,1,1,1,1,1,1,1,1,1,1,1,1,1,1,1,1	1/10,1/11,2/12,2/13,3/14,3/15,4/16,4/17,5/18,5/19,6/20,6/21,7/22,7/23,8/24,8/25,9/26,9/27	10/1/11,12/2/13,14/3/15,16/4/17,18/5/19,20/6/21,22/7/23,24/8/25,26/9/27	-	-	1,2,3,4,5,6,7,8,9,1,1,2,2,3,3,4,4,5,5,6,6,7,7,8,8,9,9
maceoff_water_1085	6,6,6,6,6,6,6,6,6,6,1,1,1,1,1,1,1,1,1,1,1,1,1,1,1,1,1,1,1,1	0.0,0.0,0.0,0.0,0.0,0.0,0.0,0.0,0.0,0.0,0.0,0.0,0.0,0.0,0.0,0.0,0.0,0.0,0.0,0.0,0.0,0.0,0.0,0.0,0.0,0.0,0.0,0.0,0.0,0.0	0,0,0,0,0,0,0,0,0,0,0,0,0,0,0,0,0,0,0,0,0,0,0,0,0,0,0,0,0,0	2,2,2,2,2,2,2,2,2,2,1,1,1,1,1,1,1,1,1,1,1,1,1,1,1,1,1,1,1,1	1/11,1/12,2/13,2/14,3/15,3/16,4/17,4/18,5/19,5/20,6/21,6/22,7/23,7/24,8/25,8/26,9/27,9/28,10/29,10/30	11/1/12,13/2/14,15/3/16,17/4/18,19/5/20,21/6/22,23/7/24,25/8/26,27/9/28,29/10/30	-	-	1,2,3,4,5,6,7,8,9,10,1,1,2,2,3,3,4,4,5,5,6,6,7,7,8,8,9,9,10,10
maceoff_water_1086	6,6,6,6,6,6,6,6,6,6,6,6,6,6,6,6,6,6,6,6,6,6,6,6,6,6,6,6,6,6,6,6,6,6,6,6,6,6,6,6,6,6,6,6,6,6,6,6,6,6,1,1,1,1,1,1,1,1,1,1,1,1,1,1,1,1,1,1,1,1,1,1,1,1,1,1,1,1,1,1,1,1,1,1,1,1,1,1,1,1,1,1,1,1,1,1,1,1,1,1,1,1,1,1,1,1,1,1,1,1,1,1,1,1,1,1,1,1,1,1,1,1,1,1,1,1,1,1,1,1,1,1,1,1,1,1,1,1,1,1,1,1,1,1,1,1,1,1,1,1	0.0,0.0,0.0,0.0,0.0,0.0,0.0,0.0,0.0,0.0,0.0,0.0,0.0,0.0,0.0,0.0,0.0,0.0,0.0,0.0,0.0,0.0,0.0,0.0,0.0,0.0,0.0,0.0,0.0,0.0,0.0,0.0,0.0,0.0,0.0,0.0,0.0,0.0,0.0,0.0,0.0,0.0,0.0,0.0,0.0,0.0,0.0,0.0,0.0,0.0,0.0,0.0,0.0,0.0,0.0,0.0,0.0,0.0,0.0,0.0,0.0,0.0,0.0,0.0,0.0,0.0,0.0,0.0,0.0,0.0,0.0,0.0,0.0,0.0,0.0,0.0,0.0,0.0,0.0,0.0,0.0,0.0,0.0,0.0,0.0,0.0,0.0,0.0,0.0,0.0,0.0,0.0,0.0,0.0,0.0,0.0,0.0,0.0,0.0,0.0,0.0,0.0,0.0,0.0,0.0,0.0,0.0,0.0,0.0,0.0,0.0,0.0,0.0,0.0,0.0,0.0,0.0,0.0,0.0,0.0,0.0,0.0,0.0,0.0,0.0,0.0,0.0,0.0,0.0,0.0,0.0,0.0,0.0,0.0,0.0,0.0,0.0,0.0,0.0,0.0,0.0,0.0,0.0,0.0,0.0,0.0,0.0,0.0,0.0,0.0	0,0,0,0,0,0,0,0,0,0,0,0,0,0,0,0,0,0,0,0,0,0,0,0,0,0,0,0,0,0,0,0,0,0,0,0,0,0,0,0,0,0,0,0,0,0,0,0,0,0,0,0,0,0,0,0,0,0,0,0,0,0,0,0,0,0,0,0,0,0,0,0,0,0,0,0,0,0,0,0,0,0,0,0,0,0,0,0,0,0,0,0,0,0,0,0,0,0,0,0,0,0,0,0,0,0,0,0,0,0,0,0,0,0,0,0,0,0,0,0,0,0,0,0,0,0,0,0,0,0,0,0,0,0,0,0,0,0,0,0,0,0,0,0,0,0,0,0,0,0	2,2,2,2,2,2,2,2,2,2,2,2,2,2,2,2,2,2,2,2,2,2,2,2,2,2,2,2,2,2,2,2,2,2,2,2,2,2,2,2,2,2,2,2,2,2,2,2,2,2,1,1,1,1,1,1,1,1,1,1,1,1,1,1,1,1,1,1,1,1,1,1,1,1,1,1,1,1,1,1,1,1,1,1,1,1,1,1,1,1,1,1,1,1,1,1,1,1,1,1,1,1,1,1,1,1,1,1,1,1,1,1,1,1,1,1,1,1,1,1,1,1,1,1,1,1,1,1,1,1,1,1,1,1,1,1,1,1,1,1,1,1,1,1,1,1,1,1,1,1	1/51,1/52,2/53,2/54,3/55,3/56,4/57,4/58,5/59,5/60,6/61,6/62,7/63,7/64,8/65,8/66,9/67,9/68,10/69,10/70,11/71,11/72,12/73,12/74,13/75,13/76,14/77,14/78,15/79,15/80,16/81,16/82,17/83,17/84,18/85,18/86,19/87,19/88,20/89,20/90,21/91,21/92,22/93,22/94,23/95,23/96,24/97,24/98,25/99,25/100,26/101,26/102,27/103,27/104,28/105,28/106,29/107,29/108,30/109,30/110,31/111,31/112,32/113,32/114,33/115,33/116,34/117,34/118,35/119,35/120,36/121,36/122,37/123,37/124,38/125,38/126,39/127,39/128,40/129,40/130,41/131,41/132,42/133,42/134,43/135,43/136,44/137,44/138,45/139,45/140,46/141,46/142,47/143,47/144,48/145,48/146,49/147,49/148,50/149,50/150	51/1/52,53/2/54,55/3/56,57/4/58,59/5/60,61/6/62,63/7/64,65/8/66,67/9/68,69/10/70,71/11/72,73/12/74,75/13/76,77/14/78,79/15/80,81/16/82,83/17/84,85/18/86,87/19/88,89/20/90,91/21/92,93/22/94,95/23/96,97/24/98,99/25/100,101/26/102,103/27/104,105/28/106,107/29/108,109/30/110,111/31/112,113/32/114,115/33/116,117/34/118,119/35/120,121/36/122,123/37/124,125/38/126,127/39/128,129/40/130,131/41/132,133/42/134,135/43/136,137/44/138,139/45/140,141/46/142,143/47/144,145/48/146,147/49/148,149/50/150	-	-	1,2,3,4,5,6,7,8,9,10,11,12,13,14,15,16,17,18,19,20,21,22,23,24,25,26,27,28,29,30,31,32,33,34,35,36,37,38,39,40,41,42,43,44,45,46,47,48,49,50,1,1,2,2,3,3,4,4,5,5,6,6,7,7,8,8,9,9,10,10,11,11,12,12,13,13,14,14,15,15,16,16,17,17,18,18,19,19,20,20,21,21,22,22,23,23,24,24,25,25,26,26,27,27,28,28,29,29,30,30,31,31,32,32,33,33,34,34,35,35,36,36,37,37,38,38,39,39,40,40,41,41,42,42,43,43,44,44,45,45,46,46,47,47,48,48,49,49,50,50
maceoff_water_1087	6,6,6,1,1,1,1,1,1	0.0,0.0,0.0,0.0,0.0,0.0,0.0,0.0,0.0	0,0,0,0,0,0,0,0,0	2,2,2,1,1,1,1,1,1	1/4,1/5,2/6,2/7,3/8,3/9	4/1/5,6/2/7,8/3/9	-	-	1,2,3,1,1,2,2,3,3
maceoff_water_1088	6,6,6,6,6,6,6,6,6,1,1,1,1,1,1,1,1,1,1,1,1,1,1,1,1,1,1	0.0,0.0,0.0,0.0,0.0,0.0,0.0,0.0,0.0,0.0,0.0,0.0,0.0,0.0,0.0,0.0,0.0,0.0,0.0,0.0,0.0,0.0,0.0,0.0,0.0,0.0,0.0	0,0,0,0,0,0,0,0,0,0,0,0,0,0,0,0,0,0,0,0,0,0,0,0,0,0,0	2,2,2,2,2,2,2,2,2,1,1,1,1,1,1,1,1,1,1,1,1,1,1,1,1,1,1	1/10,1/11,2/12,2/13,3/14,3/15,4/16,4/17,5/18,5/19,6/20,6/21,7/22,7/23,8/24,8/25,9/26,9/27	10/1/11,12/2/13,14/3/15,16/4/17,18/5/19,20/6/21,22/7/23,24/8/25,26/9/27	-	-	1,2,3,4,5,6,7,8,9,1,1,2,2,3,3,4,4,5,5,6,6,7,7,8,8,9,9
maceoff_water_1089	6,6,6,6,6,6,6,1,1,1,1,1,1,1,1,1,1,1,1,1,1	0.0,0.0,0.0,0.0,0.0,0.0,0.0,0.0,0.0,0.0,0.0,0.0,0.0,0.0,0.0,0.0,0.0,0.0,0.0,0.0,0.0	0,0,0,0,0,0,0,0,0,0,0,0,0,0,0,0,0,0,0,0,0	2,2,2,2,2,2,2,1,1,1,1,1,1,1,1,1,1,1,1,1,1	1/8,1/9,2/10,2/11,3/12,3/13,4/14,4/15,5/16,5/17,6/18,6/19,7/20,7/21	8/1/9,10/2/11,12/3/13,14/4/15,16/5/17,18/6/19,20/7/21	-	-	1,2,3,4,5,6,7,1,1,2,2,3,3,4,4,5,5,6,6,7,7
maceoff_water_1090	6,6,6,6,6,6,1,1,1,1,1,1,1,1,1,1,1,1	0.0,0.0,0.0,0.0,0.0,0.0,0.0,0.0,0.0,0.0,0.0,0.0,0.0,0.0,0.0,0.0,0.0,0.0	0,0,0,0,0,0,0,0,0,0,0,0,0,0,0,0,0,0	2,2,2,2,2,2,1,1,1,1,1,1,1,1,1,1,1,1	1/7,1/8,2/9,2/10,3/11,3/12,4/13,4/14,5/15,5/16,6/17,6/18	7/1/8,9/2/10,11/3/12,13/4/14,15/5/16,17/6/18	-	-	1,2,3,4,5,6,1,1,2,2,3,3,4,4,5,5,6,6
maceoff_water_1091	6,1,1	0.0,0.0,0.0	0,0,0	2,1,1	1/2,1/3	2/1/3	-	-	1,1,1
maceoff_water_1092	6,6,6,6,6,6,6,1,1,1,1,1,1,1,1,1,1,1,1,1,1	0.0,0.0,0.0,0.0,0.0,0.0,0.0,0.0,0.0,0.0,0.0,0.0,0.0,0.0,0.0,0.0,0.0,0.0,0.0,0.0,0.0	0,0,0,0,0,0,0,0,0,0,0,0,0,0,0,0,0,0,0,0,0	2,2,2,2,2,2,2,1,1,1,1,1,1,1,1,1,1,1,1,1,1	1/8,1/9,2/10,2/11,3/12,3/13,4/14,4/15,5/16,5/17,6/18,6/19,7/20,7/21	8/1/9,10/2/11,12/3/13,14/4/15,16/5/17,18/6/19,20/7/21	-	-	1,2,3,4,5,6,7,1,1,2,2,3,3,4,4,5,5,6,6,7,7
maceoff_water_1093	6,6,6,6,6,6,1,1,1,1,1,1,1,1,1,1,1,1	0.0,0.0,0.0,0.0,0.0,0.0,0.0,0.0,0.0,0.0,0.0,0.0,0.0,0.0,0.0,0.0,0.0,0.0	0,0,0,0,0,0,0,0,0,0,0,0,0,0,0,0,0,0	2,2,2,2,2,2,1,1,1,1,1,1,1,1,1,1,1,1	1/7,1/8,2/9,2/10,3/11,3/12,4/13,4/14,5/15,5/16,6/17,6/18	7/1/8,9/2/10,11/3/12,13/4/14,15/5/16,17/6/18	-	-	1,2,3,4,5,6,1,1,2,2,3,3,4,4,5,5,6,6
maceoff_water_1094	6,6,6,6,6,6,6,6,6,1,1,1,1,1,1,1,1,1,1,1,1,1,1,1,1,1,1	0.0,0.0,0.0,0.0,0.0,0.0,0.0,0.0,0.0,0.0,0.0,0.0,0.0,0.0,0.0,0.0,0.0,0.0,0.0,0.0,0.0,0.0,0.0,0.0,0.0,0.0,0.0	0,0,0,0,0,0,0,0,0,0,0,0,0,0,0,0,0,0,0,0,0,0,0,0,0,0,0	2,2,2,2,2,2,2,2,2,1,1,1,1,1,1,1,1,1,1,1,1,1,1,1,1,1,1	1/10,1/11,2/12,2/13,3/14,3/15,4/16,4/17,5/18,5/19,6/20,6/21,7/22,7/23,8/24,8/25,9/26,9/27	10/1/11,12/2/13,14/3/15,16/4/17,18/5/19,20/6/21,22/7/23,24/8/25,26/9/27	-	-	1,2,3,4,5,6,7,8,9,1,1,2,2,3,3,4,4,5,5,6,6,7,7,8,8,9,9
maceoff_water_1095	6,6,6,6,6,6,6,6,6,6,1,1,1,1,1,1,1,1,1,1,1,1,1,1,1,1,1,1,1,1	0.0,0.0,0.0,0.0,0.0,0.0,0.0,0.0,0.0,0.0,0.0,0.0,0.0,0.0,0.0,0.0,0.0,0.0,0.0,0.0,0.0,0.0,0.0,0.0,0.0,0.0,0.0,0.0,0.0,0.0	0,0,0,0,0,0,0,0,0,0,0,0,0,0,0,0,0,0,0,0,0,0,0,0,0,0,0,0,0,0	2,2,2,2,2,2,2,2,2,2,1,1,1,1,1,1,1,1,1,1,1,1,1,1,1,1,1,1,1,1	1/11,1/12,2/13,2/14,3/15,3/16,4/17,4/18,5/19,5/20,6/21,6/22,7/23,7/24,8/25,8/26,9/27,9/28,10/29,10/30	11/1/12,13/2/14,15/3/16,17/4/18,19/5/20,21/6/22,23/7/24,25/8/26,27/9/28,29/10/30	-	-	1,2,3,4,5,6,7,8,9,10,1,1,2,2,3,3,4,4,5,5,6,6,7,7,8,8,9,9,10,10
maceoff_water_1096	6,6,6,6,6,6,6,1,1,1,1,1,1,1,1,1,1,1,1,1,1	0.0,0.0,0.0,0.0,0.0,0.0,0.0,0.0,0.0,0.0,0.0,0.0,0.0,0.0,0.0,0.0,0.0,0.0,0.0,0.0,0.0	0,0,0,0,0,0,0,0,0,0,0,0,0,0,0,0,0,0,0,0,0	2,2,2,2,2,2,2,1,1,1,1,1,1,1,1,1,1,1,1,1,1	1/8,1/9,2/10,2/11,3/12,3/13,4/14,4/15,5/16,5/17,6/18,6/19,7/20,7/21	8/1/9,10/2/11,12/3/13,14/4/15,16/5/17,18/6/19,20/7/21	-	-	1,2,3,4,5,6,7,1,1,2,2,3,3,4,4,5,5,6,6,7,7
maceoff_water_1097	6,6,1,1,1,1	0.0,0.0,0.0,0.0,0.0,0.0	0,0,0,0,0,0	2,2,1,1,1,1	1/3,1/4,2/5,2/6	3/1/4,5/2/6	-	-	1,2,1,1,2,2
maceoff_water_1098	6,1,1	0.0,0.0,0.0	0,0,0	2,1,1	1/2,1/3	2/1/3	-	-	1,1,1
maceoff_water_1099	6,6,6,6,6,6,6,6,1,1,1,1,1,1,1,1,1,1,1,1,1,1,1,1	0.0,0.0,0.0,0.0,0.0,0.0,0.0,0.0,0.0,0.0,0.0,0.0,0.0,0.0,0.0,0.0,0.0,0.0,0.0,0.0,0.0,0.0,0.0,0.0	0,0,0,0,0,0,0,0,0,0,0,0,0,0,0,0,0,0,0,0,0,0,0,0	2,2,2,2,2,2,2,2,1,1,1,1,1,1,1,1,1,1,1,1,1,1,1,1	1/9,1/10,2/11,2/12,3/13,3/14,4/15,4/16,5/17,5/18,6/19,6/20,7/21,7/22,8/23,8/24	9/1/10,11/2/12,13/3/14,15/4/16,17/5/18,19/6/20,21/7/22,23/8/24	-	-	1,2,3,4,5,6,7,8,1,1,2,2,3,3,4,4,5,5,6,6,7,7,8,8
maceoff_water_1100	6,6,6,6,6,1,1,1,1,1,1,1,1,1,1	0.0,0.0,0.0,0.0,0.0,0.0,0.0,0.0,0.0,0.0,0.0,0.0,0.0,0.0,0.0	0,0,0,0,0,0,0,0,0,0,0,0,0,0,0	2,2,2,2,2,1,1,1,1,1,1,1,1,1,1	1/6,1/7,2/8,2/9,3/10,3/11,4/12,4/13,5/14,5/15	6/1/7,8/2/9,10/3/11,12/4/13,14/5/15	-	-	1,2,3,4,5,1,1,2,2,3,3,4,4,5,5
maceoff_water_1101	6,6,6,6,1,1,1,1,1,1,1,1	0.0,0.0,0.0,0.0,0.0,0.0,0.0,0.0,0.0,0.0,0.0,0.0	0,0,0,0,0,0,0,0,0,0,0,0	2,2,2,2,1,1,1,1,1,1,1,1	1/5,1/6,2/7,2/8,3/9,3/10,4/11,4/12	5/1/6,7/2/8,9/3/10,11/4/12	-	-	1,2,3,4,1,1,2,2,3,3,4,4
maceoff_water_1102	6,6,6,1,1,1,1,1,1	0.0,0.0,0.0,0.0,0.0,0.0,0.0,0.0,0.0	0,0,0,0,0,0,0,0,0	2,2,2,1,1,1,1,1,1	1/4,1/5,2/6,2/7,3/8,3/9	4/1/5,6/2/7,8/3/9	-	-	1,2,3,1,1,2,2,3,3
maceoff_water_1103	6,6,6,6,6,6,1,1,1,1,1,1,1,1,1,1,1,1	0.0,0.0,0.0,0.0,0.0,0.0,0.0,0.0,0.0,0.0,0.0,0.0,0.0,0.0,0.0,0.0,0.0,0.0	0,0,0,0,0,0,0,0,0,0,0,0,0,0,0,0,0,0	2,2,2,2,2,2,1,1,1,1,1,1,1,1,1,1,1,1	1/7,1/8,2/9,2/10,3/11,3/12,4/13,4/14,5/15,5/16,6/17,6/18	7/1/8,9/2/10,11/3/12,13/4/14,15/5/16,17/6/18	-	-	1,2,3,4,5,6,1,1,2,2,3,3,4,4,5,5,6,6
maceoff_water_1104	6,6,6,6,6,6,1,1,1,1,1,1,1,1,1,1,1,1	0.0,0.0,0.0,0.0,0.0,0.0,0.0,0.0,0.0,0.0,0.0,0.0,0.0,0.0,0.0,0.0,0.0,0.0	0,0,0,0,0,0,0,0,0,0,0,0,0,0,0,0,0,0	2,2,2,2,2,2,1,1,1,1,1,1,1,1,1,1,1,1	1/7,1/8,2/9,2/10,3/11,3/12,4/13,4/14,5/15,5/16,6/17,6/18	7/1/8,9/2/10,11/3/12,13/4/14,15/5/16,17/6/18	-	-	1,2,3,4,5,6,1,1,2,2,3,3,4,4,5,5,6,6
maceoff_water_1105	6,6,6,6,6,6,6,6,1,1,1,1,1,1,1,1,1,1,1,1,1,1,1,1	0.0,0.0,0.0,0.0,0.0,0.0,0.0,0.0,0.0,0.0,0.0,0.0,0.0,0.0,0.0,0.0,0.0,0.0,0.0,0.0,0.0,0.0,0.0,0.0	0,0,0,0,0,0,0,0,0,0,0,0,0,0,0,0,0,0,0,0,0,0,0,0	2,2,2,2,2,2,2,2,1,1,1,1,1,1,1,1,1,1,1,1,1,1,1,1	1/9,1/10,2/11,2/12,3/13,3/14,4/15,4/16,5/17,5/18,6/19,6/20,7/21,7/22,8/23,8/24	9/1/10,11/2/12,13/3/14,15/4/16,17/5/18,19/6/20,21/7/22,23/8/24	-	-	1,2,3,4,5,6,7,8,1,1,2,2,3,3,4,4,5,5,6,6,7,7,8,8
maceoff_water_1106	6,6,6,6,6,6,6,6,6,6,6,6,6,6,6,6,6,6,6,6,6,6,6,6,6,1,1,1,1,1,1,1,1,1,1,1,1,1,1,1,1,1,1,1,1,1,1,1,1,1,1,1,1,1,1,1,1,1,1,1,1,1,1,1,1,1,1,1,1,1,1,1,1,1,1	0.0,0.0,0.0,0.0,0.0,0.0,0.0,0.0,0.0,0.0,0.0,0.0,0.0,0.0,0.0,0.0,0.0,0.0,0.0,0.0,0.0,0.0,0.0,0.0,0.0,0.0,0.0,0.0,0.0,0.0,0.0,0.0,0.0,0.0,0.0,0.0,0.0,0.0,0.0,0.0,0.0,0.0,0.0,0.0,0.0,0.0,0.0,0.0,0.0,0.0,0.0,0.0,0.0,0.0,0.0,0.0,0.0,0.0,0.0,0.0,0.0,0.0,0.0,0.0,0.0,0.0,0.0,0.0,0.0,0.0,0.0,0.0,0.0,0.0,0.0	0,0,0,0,0,0,0,0,0,0,0,0,0,0,0,0,0,0,0,0,0,0,0,0,0,0,0,0,0,0,0,0,0,0,0,0,0,0,0,0,0,0,0,0,0,0,0,0,0,0,0,0,0,0,0,0,0,0,0,0,0,0,0,0,0,0,0,0,0,0,0,0,0,0,0	2,2,2,2,2,2,2,2,2,2,2,2,2,2,2,2,2,2,2,2,2,2,2,2,2,1,1,1,1,1,1,1,1,1,1,1,1,1,1,1,1,1,1,1,1,1,1,1,1,1,1,1,1,1,1,1,1,1,1,1,1,1,1,1,1,1,1,1,1,1,1,1,1,1,1	1/26,1/27,2/28,2/29,3/30,3/31,4/32,4/33,5/34,5/35,6/36,6/37,7/38,7/39,8/40,8/41,9/42,9/43,10/44,10/45,11/46,11/47,12/48,12/49,13/50,13/51,14/52,14/53,15/54,15/55,16/56,16/57,17/58,17/59,18/60,18/61,19/62,19/63,20/64,20/65,21/66,21/67,22/68,22/69,23/70,23/71,24/72,24/73,25/74,25/75	26/1/27,28/2/29,30/3/31,32/4/33,34/5/35,36/6/37,38/7/39,40/8/41,42/9/43,44/10/45,46/11/47,48/12/49,50/13/51,52/14/53,54/15/55,56/16/57,58/17/59,60/18/61,62/19/63,64/20/65,66/21/67,68/22/69,70/23/71,72/24/73,74/25/75	-	-	1,2,3,4,5,6,7,8,9,10,11,12,13,14,15,16,17,18,19,20,21,22,23,24,25,1,1,2,2,3,3,4,4,5,5,6,6,7,7,8,8,9,9,10,10,11,11,12,12,13,13,14,14,15,15,16,16,17,17,18,18,19,19,20,20,21,21,22,22,23,23,24,24,25,25
maceoff_water_1107	6,6,6,6,6,6,6,6,6,6,6,6,6,6,6,6,6,6,6,6,6,6,6,6,6,6,6,6,6,6,6,6,6,6,6,6,6,6,6,6,6,6,6,6,6,6,6,6,6,6,1,1,1,1,1,1,1,1,1,1,1,1,1,1,1,1,1,1,1,1,1,1,1,1,1,1,1,1,1,1,1,1,1,1,1,1,1,1,1,1,1,1,1,1,1,1,1,1,1,1,1,1,1,1,1,1,1,1,1,1,1,1,1,1,1,1,1,1,1,1,1,1,1,1,1,1,1,1,1,1,1,1,1,1,1,1,1,1,1,1,1,1,1,1,1,1,1,1,1,1	0.0,0.0,0.0,0.0,0.0,0.0,0.0,0.0,0.0,0.0,0.0,0.0,0.0,0.0,0.0,0.0,0.0,0.0,0.0,0.0,0.0,0.0,0.0,0.0,0.0,0.0,0.0,0.0,0.0,0.0,0.0,0.0,0.0,0.0,0.0,0.0,0.0,0.0,0.0,0.0,0.0,0.0,0.0,0.0,0.0,0.0,0.0,0.0,0.0,0.0,0.0,0.0,0.0,0.0,0.0,0.0,0.0,0.0,0.0,0.0,0.0,0.0,0.0,0.0,0.0,0.0,0.0,0.0,0.0,0.0,0.0,0.0,0.0,0.0,0.0,0.0,0.0,0.0,0.0,0.0,0.0,0.0,0.0,0.0,0.0,0.0,0.0,0.0,0.0,0.0,0.0,0.0,0.0,0.0,0.0,0.0,0.0,0.0,0.0,0.0,0.0,0.0,0.0,0.0,0.0,0.0,0.0,0.0,0.0,0.0,0.0,0.0,0.0,0.0,0.0,0.0,0.0,0.0,0.0,0.0,0.0,0.0,0.0,0.0,0.0,0.0,0.0,0.0,0.0,0.0,0.0,0.0,0.0,0.0,0.0,0.0,0.0,0.0,0.0,0.0,0.0,0.0,0.0,0.0,0.0,0.0,0.0,0.0,0.0,0.0	0,0,0,0,0,0,0,0,0,0,0,0,0,0,0,0,0,0,0,0,0,0,0,0,0,0,0,0,0,0,0,0,0,0,0,0,0,0,0,0,0,0,0,0,0,0,0,0,0,0,0,0,0,0,0,0,0,0,0,0,0,0,0,0,0,0,0,0,0,0,0,0,0,0,0,0,0,0,0,0,0,0,0,0,0,0,0,0,0,0,0,0,0,0,0,0,0,0,0,0,0,0,0,0,0,0,0,0,0,0,0,0,0,0,0,0,0,0,0,0,0,0,0,0,0,0,0,0,0,0,0,0,0,0,0,0,0,0,0,0,0,0,0,0,0,0,0,0,0,0	2,2,2,2,2,2,2,2,2,2,2,2,2,2,2,2,2,2,2,2,2,2,2,2,2,2,2,2,2,2,2,2,2,2,2,2,2,2,2,2,2,2,2,2,2,2,2,2,2,2,1,1,1,1,1,1,1,1,1,1,1,1,1,1,1,1,1,1,1,1,1,1,1,1,1,1,1,1,1,1,1,1,1,1,1,1,1,1,1,1,1,1,1,1,1,1,1,1,1,1,1,1,1,1,1,1,1,1,1,1,1,1,1,1,1,1,1,1,1,1,1,1,1,1,1,1,1,1,1,1,1,1,1,1,1,1,1,1,1,1,1,1,1,1,1,1,1,1,1,1	1/51,1/52,2/53,2/54,3/55,3/56,4/57,4/58,5/59,5/60,6/61,6/62,7/63,7/64,8/65,8/66,9/67,9/68,10/69,10/70,11/71,11/72,12/73,12/74,13/75,13/76,14/77,14/78,15/79,15/80,16/81,16/82,17/83,17/84,18/85,18/86,19/87,19/88,20/89,20/90,21/91,21/92,22/93,22/94,23/95,23/96,24/97,24/98,25/99,25/100,26/101,26/102,27/103,27/104,28/105,28/106,29/107,29/108,30/109,30/110,31/111,31/112,32/113,32/114,33/115,33/116,34/117,34/118,35/119,35/120,36/121,36/122,37/123,37/124,38/125,38/126,39/127,39/128,40/129,40/130,41/131,41/132,42/133,42/134,43/135,43/136,44/137,44/138,45/139,45/140,46/141,46/142,47/143,47/144,48/145,48/146,49/147,49/148,50/149,50/150	51/1/52,53/2/54,55/3/56,57/4/58,59/5/60,61/6/62,63/7/64,65/8/66,67/9/68,69/10/70,71/11/72,73/12/74,75/13/76,77/14/78,79/15/80,81/16/82,83/17/84,85/18/86,87/19/88,89/20/90,91/21/92,93/22/94,95/23/96,97/24/98,99/25/100,101/26/102,103/27/104,105/28/106,107/29/108,109/30/110,111/31/112,113/32/114,115/33/116,117/34/118,119/35/120,121/36/122,123/37/124,125/38/126,127/39/128,129/40/130,131/41/132,133/42/134,135/43/136,137/44/138,139/45/140,141/46/142,143/47/144,145/48/146,147/49/148,149/50/150	-	-	1,2,3,4,5,6,7,8,9,10,11,12,13,14,15,16,17,18,19,20,21,22,23,24,25,26,27,28,29,30,31,32,33,34,35,36,37,38,39,40,41,42,43,44,45,46,47,48,49,50,1,1,2,2,3,3,4,4,5,5,6,6,7,7,8,8,9,9,10,10,11,11,12,12,13,13,14,14,15,15,16,16,17,17,18,18,19,19,20,20,21,21,22,22,23,23,24,24,25,25,26,26,27,27,28,28,29,29,30,30,31,31,32,32,33,33,34,34,35,35,36,36,37,37,38,38,39,39,40,40,41,41,42,42,43,43,44,44,45,45,46,46,47,47,48,48,49,49,50,50
maceoff_water_1108	6,6,6,6,1,1,1,1,1,1,1,1	0.0,0.0,0.0,0.0,0.0,0.0,0.0,0.0,0.0,0.0,0.0,0.0	0,0,0,0,0,0,0,0,0,0,0,0	2,2,2,2,1,1,1,1,1,1,1,1	1/5,1/6,2/7,2/8,3/9,3/10,4/11,4/12	5/1/6,7/2/8,9/3/10,11/4/12	-	-	1,2,3,4,1,1,2,2,3,3,4,4
maceoff_water_1109	6,6,6,6,6,6,6,1,1,1,1,1,1,1,1,1,1,1,1,1,1	0.0,0.0,0.0,0.0,0.0,0.0,0.0,0.0,0.0,0.0,0.0,0.0,0.0,0.0,0.0,0.0,0.0,0.0,0.0,0.0,0.0	0,0,0,0,0,0,0,0,0,0,0,0,0,0,0,0,0,0,0,0,0	2,2,2,2,2,2,2,1,1,1,1,1,1,1,1,1,1,1,1,1,1	1/8,1/9,2/10,2/11,3/12,3/13,4/14,4/15,5/16,5/17,6/18,6/19,7/20,7/21	8/1/9,10/2/11,12/3/13,14/4/15,16/5/17,18/6/19,20/7/21	-	-	1,2,3,4,5,6,7,1,1,2,2,3,3,4,4,5,5,6,6,7,7
maceoff_water_1110	6,6,6,6,6,6,6,6,6,1,1,1,1,1,1,1,1,1,1,1,1,1,1,1,1,1,1	0.0,0.0,0.0,0.0,0.0,0.0,0.0,0.0,0.0,0.0,0.0,0.0,0.0,0.0,0.0,0.0,0.0,0.0,0.0,0.0,0.0,0.0,0.0,0.0,0.0,0.0,0.0	0,0,0,0,0,0,0,0,0,0,0,0,0,0,0,0,0,0,0,0,0,0,0,0,0,0,0	2,2,2,2,2,2,2,2,2,1,1,1,1,1,1,1,1,1,1,1,1,1,1,1,1,1,1	1/10,1/11,2/12,2/13,3/14,3/15,4/16,4/17,5/18,5/19,6/20,6/21,7/22,7/23,8/24,8/25,9/26,9/27	10/1/11,12/2/13,14/3/15,16/4/17,18/5/19,20/6/21,22/7/23,24/8/25,26/9/27	-	-	1,2,3,4,5,6,7,8,9,1,1,2,2,3,3,4,4,5,5,6,6,7,7,8,8,9,9
maceoff_water_1111	6,6,6,1,1,1,1,1,1	0.0,0.0,0.0,0.0,0.0,0.0,0.0,0.0,0.0	0,0,0,0,0,0,0,0,0	2,2,2,1,1,1,1,1,1	1/4,1/5,2/6,2/7,3/8,3/9	4/1/5,6/2/7,8/3/9	-	-	1,2,3,1,1,2,2,3,3
maceoff_water_1112	6,6,6,6,6,6,1,1,1,1,1,1,1,1,1,1,1,1	0.0,0.0,0.0,0.0,0.0,0.0,0.0,0.0,0.0,0.0,0.0,0.0,0.0,0.0,0.0,0.0,0.0,0.0	0,0,0,0,0,0,0,0,0,0,0,0,0,0,0,0,0,0	2,2,2,2,2,2,1,1,1,1,1,1,1,1,1,1,1,1	1/7,1/8,2/9,2/10,3/11,3/12,4/13,4/14,5/15,5/16,6/17,6/18	7/1/8,9/2/10,11/3/12,13/4/14,15/5/16,17/6/18	-	-	1,2,3,4,5,6,1,1,2,2,3,3,4,4,5,5,6,6
maceoff_water_1113	6,6,6,1,1,1,1,1,1	0.0,0.0,0.0,0.0,0.0,0.0,0.0,0.0,0.0	0,0,0,0,0,0,0,0,0	2,2,2,1,1,1,1,1,1	1/4,1/5,2/6,2/7,3/8,3/9	4/1/5,6/2/7,8/3/9	-	-	1,2,3,1,1,2,2,3,3
maceoff_water_1114	6,6,6,6,6,6,6,6,6,6,1,1,1,1,1,1,1,1,1,1,1,1,1,1,1,1,1,1,1,1	0.0,0.0,0.0,0.0,0.0,0.0,0.0,0.0,0.0,0.0,0.0,0.0,0.0,0.0,0.0,0.0,0.0,0.0,0.0,0.0,0.0,0.0,0.0,0.0,0.0,0.0,0.0,0.0,0.0,0.0	0,0,0,0,0,0,0,0,0,0,0,0,0,0,0,0,0,0,0,0,0,0,0,0,0,0,0,0,0,0	2,2,2,2,2,2,2,2,2,2,1,1,1,1,1,1,1,1,1,1,1,1,1,1,1,1,1,1,1,1	1/11,1/12,2/13,2/14,3/15,3/16,4/17,4/18,5/19,5/20,6/21,6/22,7/23,7/24,8/25,8/26,9/27,9/28,10/29,10/30	11/1/12,13/2/14,15/3/16,17/4/18,19/5/20,21/6/22,23/7/24,25/8/26,27/9/28,29/10/30	-	-	1,2,3,4,5,6,7,8,9,10,1,1,2,2,3,3,4,4,5,5,6,6,7,7,8,8,9,9,10,10
maceoff_water_1115	6,6,6,6,6,6,6,6,6,1,1,1,1,1,1,1,1,1,1,1,1,1,1,1,1,1,1	0.0,0.0,0.0,0.0,0.0,0.0,0.0,0.0,0.0,0.0,0.0,0.0,0.0,0.0,0.0,0.0,0.0,0.0,0.0,0.0,0.0,0.0,0.0,0.0,0.0,0.0,0.0	0,0,0,0,0,0,0,0,0,0,0,0,0,0,0,0,0,0,0,0,0,0,0,0,0,0,0	2,2,2,2,2,2,2,2,2,1,1,1,1,1,1,1,1,1,1,1,1,1,1,1,1,1,1	1/10,1/11,2/12,2/13,3/14,3/15,4/16,4/17,5/18,5/19,6/20,6/21,7/22,7/23,8/24,8/25,9/26,9/27	10/1/11,12/2/13,14/3/15,16/4/17,18/5/19,20/6/21,22/7/23,24/8/25,26/9/27	-	-	1,2,3,4,5,6,7,8,9,1,1,2,2,3,3,4,4,5,5,6,6,7,7,8,8,9,9
maceoff_water_1116	6,6,6,1,1,1,1,1,1	0.0,0.0,0.0,0.0,0.0,0.0,0.0,0.0,0.0	0,0,0,0,0,0,0,0,0	2,2,2,1,1,1,1,1,1	1/4,1/5,2/6,2/7,3/8,3/9	4/1/5,6/2/7,8/3/9	-	-	1,2,3,1,1,2,2,3,3
maceoff_water_1117	6,6,6,6,6,6,6,6,6,6,6,1,1,1,1,1,1,1,1,1,1,1,1,1,1,1,1,1,1,1,1,1,1	0.0,0.0,0.0,0.0,0.0,0.0,0.0,0.0,0.0,0.0,0.0,0.0,0.0,0.0,0.0,0.0,0.0,0.0,0.0,0.0,0.0,0.0,0.0,0.0,0.0,0.0,0.0,0.0,0.0,0.0,0.0,0.0,0.0	0,0,0,0,0,0,0,0,0,0,0,0,0,0,0,0,0,0,0,0,0,0,0,0,0,0,0,0,0,0,0,0,0	2,2,2,2,2,2,2,2,2,2,2,1,1,1,1,1,1,1,1,1,1,1,1,1,1,1,1,1,1,1,1,1,1	1/12,1/13,2/14,2/15,3/16,3/17,4/18,4/19,5/20,5/21,6/22,6/23,7/24,7/25,8/26,8/27,9/28,9/29,10/30,10/31,11/32,11/33	12/1/13,14/2/15,16/3/17,18/4/19,20/5/21,22/6/23,24/7/25,26/8/27,28/9/29,30/10/31,32/11/33	-	-	1,2,3,4,5,6,7,8,9,10,11,1,1,2,2,3,3,4,4,5,5,6,6,7,7,8,8,9,9,10,10,11,11
maceoff_water_1118	6,6,6,6,6,6,6,6,6,6,6,6,6,6,6,6,6,6,6,6,6,6,6,6,6,6,6,6,6,6,6,6,6,6,6,6,6,6,6,6,6,6,6,6,6,6,6,6,6,6,1,1,1,1,1,1,1,1,1,1,1,1,1,1,1,1,1,1,1,1,1,1,1,1,1,1,1,1,1,1,1,1,1,1,1,1,1,1,1,1,1,1,1,1,1,1,1,1,1,1,1,1,1,1,1,1,1,1,1,1,1,1,1,1,1,1,1,1,1,1,1,1,1,1,1,1,1,1,1,1,1,1,1,1,1,1,1,1,1,1,1,1,1,1,1,1,1,1,1,1	0.0,0.0,0.0,0.0,0.0,0.0,0.0,0.0,0.0,0.0,0.0,0.0,0.0,0.0,0.0,0.0,0.0,0.0,0.0,0.0,0.0,0.0,0.0,0.0,0.0,0.0,0.0,0.0,0.0,0.0,0.0,0.0,0.0,0.0,0.0,0.0,0.0,0.0,0.0,0.0,0.0,0.0,0.0,0.0,0.0,0.0,0.0,0.0,0.0,0.0,0.0,0.0,0.0,0.0,0.0,0.0,0.0,0.0,0.0,0.0,0.0,0.0,0.0,0.0,0.0,0.0,0.0,0.0,0.0,0.0,0.0,0.0,0.0,0.0,0.0,0.0,0.0,0.0,0.0,0.0,0.0,0.0,0.0,0.0,0.0,0.0,0.0,0.0,0.0,0.0,0.0,0.0,0.0,0.0,0.0,0.0,0.0,0.0,0.0,0.0,0.0,0.0,0.0,0.0,0.0,0.0,0.0,0.0,0.0,0.0,0.0,0.0,0.0,0.0,0.0,0.0,0.0,0.0,0.0,0.0,0.0,0.0,0.0,0.0,0.0,0.0,0.0,0.0,0.0,0.0,0.0,0.0,0.0,0.0,0.0,0.0,0.0,0.0,0.0,0.0,0.0,0.0,0.0,0.0,0.0,0.0,0.0,0.0,0.0,0.0	0,0,0,0,0,0,0,0,0,0,0,0,0,0,0,0,0,0,0,0,0,0,0,0,0,0,0,0,0,0,0,0,0,0,0,0,0,0,0,0,0,0,0,0,0,0,0,0,0,0,0,0,0,0,0,0,0,0,0,0,0,0,0,0,0,0,0,0,0,0,0,0,0,0,0,0,0,0,0,0,0,0,0,0,0,0,0,0,0,0,0,0,0,0,0,0,0,0,0,0,0,0,0,0,0,0,0,0,0,0,0,0,0,0,0,0,0,0,0,0,0,0,0,0,0,0,0,0,0,0,0,0,0,0,0,0,0,0,0,0,0,0,0,0,0,0,0,0,0,0	2,2,2,2,2,2,2,2,2,2,2,2,2,2,2,2,2,2,2,2,2,2,2,2,2,2,2,2,2,2,2,2,2,2,2,2,2,2,2,2,2,2,2,2,2,2,2,2,2,2,1,1,1,1,1,1,1,1,1,1,1,1,1,1,1,1,1,1,1,1,1,1,1,1,1,1,1,1,1,1,1,1,1,1,1,1,1,1,1,1,1,1,1,1,1,1,1,1,1,1,1,1,1,1,1,1,1,1,1,1,1,1,1,1,1,1,1,1,1,1,1,1,1,1,1,1,1,1,1,1,1,1,1,1,1,1,1,1,1,1,1,1,1,1,1,1,1,1,1,1	1/51,1/52,2/53,2/54,3/55,3/56,4/57,4/58,5/59,5/60,6/61,6/62,7/63,7/64,8/65,8/66,9/67,9/68,10/69,10/70,11/71,11/72,12/73,12/74,13/75,13/76,14/77,14/78,15/79,15/80,16/81,16/82,17/83,17/84,18/85,18/86,19/87,19/88,20/89,20/90,21/91,21/92,22/93,22/94,23/95,23/96,24/97,24/98,25/99,25/100,26/101,26/102,27/103,27/104,28/105,28/106,29/107,29/108,30/109,30/110,31/111,31/112,32/113,32/114,33/115,33/116,34/117,34/118,35/119,35/120,36/121,36/122,37/123,37/124,38/125,38/126,39/127,39/128,40/129,40/130,41/131,41/132,42/133,42/134,43/135,43/136,44/137,44/138,45/139,45/140,46/141,46/142,47/143,47/144,48/145,48/146,49/147,49/148,50/149,50/150	51/1/52,53/2/54,55/3/56,57/4/58,59/5/60,61/6/62,63/7/64,65/8/66,67/9/68,69/10/70,71/11/72,73/12/74,75/13/76,77/14/78,79/15/80,81/16/82,83/17/84,85/18/86,87/19/88,89/20/90,91/21/92,93/22/94,95/23/96,97/24/98,99/25/100,101/26/102,103/27/104,105/28/106,107/29/108,109/30/110,111/31/112,113/32/114,115/33/116,117/34/118,119/35/120,121/36/122,123/37/124,125/38/126,127/39/128,129/40/130,131/41/132,133/42/134,135/43/136,137/44/138,139/45/140,141/46/142,143/47/144,145/48/146,147/49/148,149/50/150	-	-	1,2,3,4,5,6,7,8,9,10,11,12,13,14,15,16,17,18,19,20,21,22,23,24,25,26,27,28,29,30,31,32,33,34,35,36,37,38,39,40,41,42,43,44,45,46,47,48,49,50,1,1,2,2,3,3,4,4,5,5,6,6,7,7,8,8,9,9,10,10,11,11,12,12,13,13,14,14,15,15,16,16,17,17,18,18,19,19,20,20,21,21,22,22,23,23,24,24,25,25,26,26,27,27,28,28,29,29,30,30,31,31,32,32,33,33,34,34,35,35,36,36,37,37,38,38,39,39,40,40,41,41,42,42,43,43,44,44,45,45,46,46,47,47,48,48,49,49,50,50
maceoff_water_1119	6,6,6,6,6,6,1,1,1,1,1,1,1,1,1,1,1,1	0.0,0.0,0.0,0.0,0.0,0.0,0.0,0.0,0.0,0.0,0.0,0.0,0.0,0.0,0.0,0.0,0.0,0.0	0,0,0,0,0,0,0,0,0,0,0,0,0,0,0,0,0,0	2,2,2,2,2,2,1,1,1,1,1,1,1,1,1,1,1,1	1/7,1/8,2/9,2/10,3/11,3/12,4/13,4/14,5/15,5/16,6/17,6/18	7/1/8,9/2/10,11/3/12,13/4/14,15/5/16,17/6/18	-	-	1,2,3,4,5,6,1,1,2,2,3,3,4,4,5,5,6,6
maceoff_water_1120	6,6,6,6,6,6,6,6,6,6,6,6,1,1,1,1,1,1,1,1,1,1,1,1,1,1,1,1,1,1,1,1,1,1,1,1	0.0,0.0,0.0,0.0,0.0,0.0,0.0,0.0,0.0,0.0,0.0,0.0,0.0,0.0,0.0,0.0,0.0,0.0,0.0,0.0,0.0,0.0,0.0,0.0,0.0,0.0,0.0,0.0,0.0,0.0,0.0,0.0,0.0,0.0,0.0,0.0	0,0,0,0,0,0,0,0,0,0,0,0,0,0,0,0,0,0,0,0,0,0,0,0,0,0,0,0,0,0,0,0,0,0,0,0	2,2,2,2,2,2,2,2,2,2,2,2,1,1,1,1,1,1,1,1,1,1,1,1,1,1,1,1,1,1,1,1,1,1,1,1	1/13,1/14,2/15,2/16,3/17,3/18,4/19,4/20,5/21,5/22,6/23,6/24,7/25,7/26,8/27,8/28,9/29,9/30,10/31,10/32,11/33,11/34,12/35,12/36	13/1/14,15/2/16,17/3/18,19/4/20,21/5/22,23/6/24,25/7/26,27/8/28,29/9/30,31/10/32,33/11/34,35/12/36	-	-	1,2,3,4,5,6,7,8,9,10,11,12,1,1,2,2,3,3,4,4,5,5,6,6,7,7,8,8,9,9,10,10,11,11,12,12
maceoff_water_1121	6,6,1,1,1,1	0.0,0.0,0.0,0.0,0.0,0.0	0,0,0,0,0,0	2,2,1,1,1,1	1/3,1/4,2/5,2/6	3/1/4,5/2/6	-	-	1,2,1,1,2,2
maceoff_water_1122	6,6,6,6,6,6,1,1,1,1,1,1,1,1,1,1,1,1	0.0,0.0,0.0,0.0,0.0,0.0,0.0,0.0,0.0,0.0,0.0,0.0,0.0,0.0,0.0,0.0,0.0,0.0	0,0,0,0,0,0,0,0,0,0,0,0,0,0,0,0,0,0	2,2,2,2,2,2,1,1,1,1,1,1,1,1,1,1,1,1	1/7,1/8,2/9,2/10,3/11,3/12,4/13,4/14,5/15,5/16,6/17,6/18	7/1/8,9/2/10,11/3/12,13/4/14,15/5/16,17/6/18	-	-	1,2,3,4,5,6,1,1,2,2,3,3,4,4,5,5,6,6
maceoff_water_1123	6,6,6,6,6,6,6,6,1,1,1,1,1,1,1,1,1,1,1,1,1,1,1,1	0.0,0.0,0.0,0.0,0.0,0.0,0.0,0.0,0.0,0.0,0.0,0.0,0.0,0.0,0.0,0.0,0.0,0.0,0.0,0.0,0.0,0.0,0.0,0.0	0,0,0,0,0,0,0,0,0,0,0,0,0,0,0,0,0,0,0,0,0,0,0,0	2,2,2,2,2,2,2,2,1,1,1,1,1,1,1,1,1,1,1,1,1,1,1,1	1/9,1/10,2/11,2/12,3/13,3/14,4/15,4/16,5/17,5/18,6/19,6/20,7/21,7/22,8/23,8/24	9/1/10,11/2/12,13/3/14,15/4/16,17/5/18,19/6/20,21/7/22,23/8/24	-	-	1,2,3,4,5,6,7,8,1,1,2,2,3,3,4,4,5,5,6,6,7,7,8,8
maceoff_water_1124	6,6,6,6,6,6,6,6,1,1,1,1,1,1,1,1,1,1,1,1,1,1,1,1	0.0,0.0,0.0,0.0,0.0,0.0,0.0,0.0,0.0,0.0,0.0,0.0,0.0,0.0,0.0,0.0,0.0,0.0,0.0,0.0,0.0,0.0,0.0,0.0	0,0,0,0,0,0,0,0,0,0,0,0,0,0,0,0,0,0,0,0,0,0,0,0	2,2,2,2,2,2,2,2,1,1,1,1,1,1,1,1,1,1,1,1,1,1,1,1	1/9,1/10,2/11,2/12,3/13,3/14,4/15,4/16,5/17,5/18,6/19,6/20,7/21,7/22,8/23,8/24	9/1/10,11/2/12,13/3/14,15/4/16,17/5/18,19/6/20,21/7/22,23/8/24	-	-	1,2,3,4,5,6,7,8,1,1,2,2,3,3,4,4,5,5,6,6,7,7,8,8
maceoff_water_1125	6,6,6,6,6,6,1,1,1,1,1,1,1,1,1,1,1,1	0.0,0.0,0.0,0.0,0.0,0.0,0.0,0.0,0.0,0.0,0.0,0.0,0.0,0.0,0.0,0.0,0.0,0.0	0,0,0,0,0,0,0,0,0,0,0,0,0,0,0,0,0,0	2,2,2,2,2,2,1,1,1,1,1,1,1,1,1,1,1,1	1/7,1/8,2/9,2/10,3/11,3/12,4/13,4/14,5/15,5/16,6/17,6/18	7/1/8,9/2/10,11/3/12,13/4/14,15/5/16,17/6/18	-	-	1,2,3,4,5,6,1,1,2,2,3,3,4,4,5,5,6,6
maceoff_water_1126	6,6,6,6,6,6,6,6,6,6,6,6,1,1,1,1,1,1,1,1,1,1,1,1,1,1,1,1,1,1,1,1,1,1,1,1	0.0,0.0,0.0,0.0,0.0,0.0,0.0,0.0,0.0,0.0,0.0,0.0,0.0,0.0,0.0,0.0,0.0,0.0,0.0,0.0,0.0,0.0,0.0,0.0,0.0,0.0,0.0,0.0,0.0,0.0,0.0,0.0,0.0,0.0,0.0,0.0	0,0,0,0,0,0,0,0,0,0,0,0,0,0,0,0,0,0,0,0,0,0,0,0,0,0,0,0,0,0,0,0,0,0,0,0	2,2,2,2,2,2,2,2,2,2,2,2,1,1,1,1,1,1,1,1,1,1,1,1,1,1,1,1,1,1,1,1,1,1,1,1	1/13,1/14,2/15,2/16,3/17,3/18,4/19,4/20,5/21,5/22,6/23,6/24,7/25,7/26,8/27,8/28,9/29,9/30,10/31,10/32,11/33,11/34,12/35,12/36	13/1/14,15/2/16,17/3/18,19/4/20,21/5/22,23/6/24,25/7/26,27/8/28,29/9/30,31/10/32,33/11/34,35/12/36	-	-	1,2,3,4,5,6,7,8,9,10,11,12,1,1,2,2,3,3,4,4,5,5,6,6,7,7,8,8,9,9,10,10,11,11,12,12
maceoff_water_1127	6,6,6,6,6,6,6,1,1,1,1,1,1,1,1,1,1,1,1,1,1	0.0,0.0,0.0,0.0,0.0,0.0,0.0,0.0,0.0,0.0,0.0,0.0,0.0,0.0,0.0,0.0,0.0,0.0,0.0,0.0,0.0	0,0,0,0,0,0,0,0,0,0,0,0,0,0,0,0,0,0,0,0,0	2,2,2,2,2,2,2,1,1,1,1,1,1,1,1,1,1,1,1,1,1	1/8,1/9,2/10,2/11,3/12,3/13,4/14,4/15,5/16,5/17,6/18,6/19,7/20,7/21	8/1/9,10/2/11,12/3/13,14/4/15,16/5/17,18/6/19,20/7/21	-	-	1,2,3,4,5,6,7,1,1,2,2,3,3,4,4,5,5,6,6,7,7
maceoff_water_1128	6,6,6,6,6,6,6,6,6,6,6,6,1,1,1,1,1,1,1,1,1,1,1,1,1,1,1,1,1,1,1,1,1,1,1,1	0.0,0.0,0.0,0.0,0.0,0.0,0.0,0.0,0.0,0.0,0.0,0.0,0.0,0.0,0.0,0.0,0.0,0.0,0.0,0.0,0.0,0.0,0.0,0.0,0.0,0.0,0.0,0.0,0.0,0.0,0.0,0.0,0.0,0.0,0.0,0.0	0,0,0,0,0,0,0,0,0,0,0,0,0,0,0,0,0,0,0,0,0,0,0,0,0,0,0,0,0,0,0,0,0,0,0,0	2,2,2,2,2,2,2,2,2,2,2,2,1,1,1,1,1,1,1,1,1,1,1,1,1,1,1,1,1,1,1,1,1,1,1,1	1/13,1/14,2/15,2/16,3/17,3/18,4/19,4/20,5/21,5/22,6/23,6/24,7/25,7/26,8/27,8/28,9/29,9/30,10/31,10/32,11/33,11/34,12/35,12/36	13/1/14,15/2/16,17/3/18,19/4/20,21/5/22,23/6/24,25/7/26,27/8/28,29/9/30,31/10/32,33/11/34,35/12/36	-	-	1,2,3,4,5,6,7,8,9,10,11,12,1,1,2,2,3,3,4,4,5,5,6,6,7,7,8,8,9,9,10,10,11,11,12,12
maceoff_water_1129	6,6,6,6,6,6,6,1,1,1,1,1,1,1,1,1,1,1,1,1,1	0.0,0.0,0.0,0.0,0.0,0.0,0.0,0.0,0.0,0.0,0.0,0.0,0.0,0.0,0.0,0.0,0.0,0.0,0.0,0.0,0.0	0,0,0,0,0,0,0,0,0,0,0,0,0,0,0,0,0,0,0,0,0	2,2,2,2,2,2,2,1,1,1,1,1,1,1,1,1,1,1,1,1,1	1/8,1/9,2/10,2/11,3/12,3/13,4/14,4/15,5/16,5/17,6/18,6/19,7/20,7/21	8/1/9,10/2/11,12/3/13,14/4/15,16/5/17,18/6/19,20/7/21	-	-	1,2,3,4,5,6,7,1,1,2,2,3,3,4,4,5,5,6,6,7,7
maceoff_water_1130	6,6,6,6,6,1,1,1,1,1,1,1,1,1,1	0.0,0.0,0.0,0.0,0.0,0.0,0.0,0.0,0.0,0.0,0.0,0.0,0.0,0.0,0.0	0,0,0,0,0,0,0,0,0,0,0,0,0,0,0	2,2,2,2,2,1,1,1,1,1,1,1,1,1,1	1/6,1/7,2/8,2/9,3/10,3/11,4/12,4/13,5/14,5/15	6/1/7,8/2/9,10/3/11,12/4/13,14/5/15	-	-	1,2,3,4,5,1,1,2,2,3,3,4,4,5,5
maceoff_water_1131	6,6,6,6,6,6,6,6,6,6,1,1,1,1,1,1,1,1,1,1,1,1,1,1,1,1,1,1,1,1	0.0,0.0,0.0,0.0,0.0,0.0,0.0,0.0,0.0,0.0,0.0,0.0,0.0,0.0,0.0,0.0,0.0,0.0,0.0,0.0,0.0,0.0,0.0,0.0,0.0,0.0,0.0,0.0,0.0,0.0	0,0,0,0,0,0,0,0,0,0,0,0,0,0,0,0,0,0,0,0,0,0,0,0,0,0,0,0,0,0	2,2,2,2,2,2,2,2,2,2,1,1,1,1,1,1,1,1,1,1,1,1,1,1,1,1,1,1,1,1	1/11,1/12,2/13,2/14,3/15,3/16,4/17,4/18,5/19,5/20,6/21,6/22,7/23,7/24,8/25,8/26,9/27,9/28,10/29,10/30	11/1/12,13/2/14,15/3/16,17/4/18,19/5/20,21/6/22,23/7/24,25/8/26,27/9/28,29/10/30	-	-	1,2,3,4,5,6,7,8,9,10,1,1,2,2,3,3,4,4,5,5,6,6,7,7,8,8,9,9,10,10
maceoff_water_1132	6,6,6,1,1,1,1,1,1	0.0,0.0,0.0,0.0,0.0,0.0,0.0,0.0,0.0	0,0,0,0,0,0,0,0,0	2,2,2,1,1,1,1,1,1	1/4,1/5,2/6,2/7,3/8,3/9	4/1/5,6/2/7,8/3/9	-	-	1,2,3,1,1,2,2,3,3
maceoff_water_1133	6,6,1,1,1,1	0.0,0.0,0.0,0.0,0.0,0.0	0,0,0,0,0,0	2,2,1,1,1,1	1/3,1/4,2/5,2/6	3/1/4,5/2/6	-	-	1,2,1,1,2,2
maceoff_water_1134	6,6,6,6,6,6,6,6,6,6,6,6,6,6,6,6,6,6,6,6,6,6,6,6,6,1,1,1,1,1,1,1,1,1,1,1,1,1,1,1,1,1,1,1,1,1,1,1,1,1,1,1,1,1,1,1,1,1,1,1,1,1,1,1,1,1,1,1,1,1,1,1,1,1,1	0.0,0.0,0.0,0.0,0.0,0.0,0.0,0.0,0.0,0.0,0.0,0.0,0.0,0.0,0.0,0.0,0.0,0.0,0.0,0.0,0.0,0.0,0.0,0.0,0.0,0.0,0.0,0.0,0.0,0.0,0.0,0.0,0.0,0.0,0.0,0.0,0.0,0.0,0.0,0.0,0.0,0.0,0.0,0.0,0.0,0.0,0.0,0.0,0.0,0.0,0.0,0.0,0.0,0.0,0.0,0.0,0.0,0.0,0.0,0.0,0.0,0.0,0.0,0.0,0.0,0.0,0.0,0.0,0.0,0.0,0.0,0.0,0.0,0.0,0.0	0,0,0,0,0,0,0,0,0,0,0,0,0,0,0,0,0,0,0,0,0,0,0,0,0,0,0,0,0,0,0,0,0,0,0,0,0,0,0,0,0,0,0,0,0,0,0,0,0,0,0,0,0,0,0,0,0,0,0,0,0,0,0,0,0,0,0,0,0,0,0,0,0,0,0	2,2,2,2,2,2,2,2,2,2,2,2,2,2,2,2,2,2,2,2,2,2,2,2,2,1,1,1,1,1,1,1,1,1,1,1,1,1,1,1,1,1,1,1,1,1,1,1,1,1,1,1,1,1,1,1,1,1,1,1,1,1,1,1,1,1,1,1,1,1,1,1,1,1,1	1/26,1/27,2/28,2/29,3/30,3/31,4/32,4/33,5/34,5/35,6/36,6/37,7/38,7/39,8/40,8/41,9/42,9/43,10/44,10/45,11/46,11/47,12/48,12/49,13/50,13/51,14/52,14/53,15/54,15/55,16/56,16/57,17/58,17/59,18/60,18/61,19/62,19/63,20/64,20/65,21/66,21/67,22/68,22/69,23/70,23/71,24/72,24/73,25/74,25/75	26/1/27,28/2/29,30/3/31,32/4/33,34/5/35,36/6/37,38/7/39,40/8/41,42/9/43,44/10/45,46/11/47,48/12/49,50/13/51,52/14/53,54/15/55,56/16/57,58/17/59,60/18/61,62/19/63,64/20/65,66/21/67,68/22/69,70/23/71,72/24/73,74/25/75	-	-	1,2,3,4,5,6,7,8,9,10,11,12,13,14,15,16,17,18,19,20,21,22,23,24,25,1,1,2,2,3,3,4,4,5,5,6,6,7,7,8,8,9,9,10,10,11,11,12,12,13,13,14,14,15,15,16,16,17,17,18,18,19,19,20,20,21,21,22,22,23,23,24,24,25,25
maceoff_water_1135	6,6,6,6,6,1,1,1,1,1,1,1,1,1,1	0.0,0.0,0.0,0.0,0.0,0.0,0.0,0.0,0.0,0.0,0.0,0.0,0.0,0.0,0.0	0,0,0,0,0,0,0,0,0,0,0,0,0,0,0	2,2,2,2,2,1,1,1,1,1,1,1,1,1,1	1/6,1/7,2/8,2/9,3/10,3/11,4/12,4/13,5/14,5/15	6/1/7,8/2/9,10/3/11,12/4/13,14/5/15	-	-	1,2,3,4,5,1,1,2,2,3,3,4,4,5,5
maceoff_water_1136	6,6,6,6,6,6,6,6,6,1,1,1,1,1,1,1,1,1,1,1,1,1,1,1,1,1,1	0.0,0.0,0.0,0.0,0.0,0.0,0.0,0.0,0.0,0.0,0.0,0.0,0.0,0.0,0.0,0.0,0.0,0.0,0.0,0.0,0.0,0.0,0.0,0.0,0.0,0.0,0.0	0,0,0,0,0,0,0,0,0,0,0,0,0,0,0,0,0,0,0,0,0,0,0,0,0,0,0	2,2,2,2,2,2,2,2,2,1,1,1,1,1,1,1,1,1,1,1,1,1,1,1,1,1,1	1/10,1/11,2/12,2/13,3/14,3/15,4/16,4/17,5/18,5/19,6/20,6/21,7/22,7/23,8/24,8/25,9/26,9/27	10/1/11,12/2/13,14/3/15,16/4/17,18/5/19,20/6/21,22/7/23,24/8/25,26/9/27	-	-	1,2,3,4,5,6,7,8,9,1,1,2,2,3,3,4,4,5,5,6,6,7,7,8,8,9,9
maceoff_water_1137	6,6,6,6,6,6,6,1,1,1,1,1,1,1,1,1,1,1,1,1,1	0.0,0.0,0.0,0.0,0.0,0.0,0.0,0.0,0.0,0.0,0.0,0.0,0.0,0.0,0.0,0.0,0.0,0.0,0.0,0.0,0.0	0,0,0,0,0,0,0,0,0,0,0,0,0,0,0,0,0,0,0,0,0	2,2,2,2,2,2,2,1,1,1,1,1,1,1,1,1,1,1,1,1,1	1/8,1/9,2/10,2/11,3/12,3/13,4/14,4/15,5/16,5/17,6/18,6/19,7/20,7/21	8/1/9,10/2/11,12/3/13,14/4/15,16/5/17,18/6/19,20/7/21	-	-	1,2,3,4,5,6,7,1,1,2,2,3,3,4,4,5,5,6,6,7,7
maceoff_water_1138	6,6,1,1,1,1	0.0,0.0,0.0,0.0,0.0,0.0	0,0,0,0,0,0	2,2,1,1,1,1	1/3,1/4,2/5,2/6	3/1/4,5/2/6	-	-	1,2,1,1,2,2
maceoff_water_1139	6,6,6,6,6,6,6,6,1,1,1,1,1,1,1,1,1,1,1,1,1,1,1,1	0.0,0.0,0.0,0.0,0.0,0.0,0.0,0.0,0.0,0.0,0.0,0.0,0.0,0.0,0.0,0.0,0.0,0.0,0.0,0.0,0.0,0.0,0.0,0.0	0,0,0,0,0,0,0,0,0,0,0,0,0,0,0,0,0,0,0,0,0,0,0,0	2,2,2,2,2,2,2,2,1,1,1,1,1,1,1,1,1,1,1,1,1,1,1,1	1/9,1/10,2/11,2/12,3/13,3/14,4/15,4/16,5/17,5/18,6/19,6/20,7/21,7/22,8/23,8/24	9/1/10,11/2/12,13/3/14,15/4/16,17/5/18,19/6/20,21/7/22,23/8/24	-	-	1,2,3,4,5,6,7,8,1,1,2,2,3,3,4,4,5,5,6,6,7,7,8,8
maceoff_water_1140	6,6,6,6,6,1,1,1,1,1,1,1,1,1,1	0.0,0.0,0.0,0.0,0.0,0.0,0.0,0.0,0.0,0.0,0.0,0.0,0.0,0.0,0.0	0,0,0,0,0,0,0,0,0,0,0,0,0,0,0	2,2,2,2,2,1,1,1,1,1,1,1,1,1,1	1/6,1/7,2/8,2/9,3/10,3/11,4/12,4/13,5/14,5/15	6/1/7,8/2/9,10/3/11,12/4/13,14/5/15	-	-	1,2,3,4,5,1,1,2,2,3,3,4,4,5,5
maceoff_water_1141	6,6,6,6,6,6,6,6,6,6,1,1,1,1,1,1,1,1,1,1,1,1,1,1,1,1,1,1,1,1	0.0,0.0,0.0,0.0,0.0,0.0,0.0,0.0,0.0,0.0,0.0,0.0,0.0,0.0,0.0,0.0,0.0,0.0,0.0,0.0,0.0,0.0,0.0,0.0,0.0,0.0,0.0,0.0,0.0,0.0	0,0,0,0,0,0,0,0,0,0,0,0,0,0,0,0,0,0,0,0,0,0,0,0,0,0,0,0,0,0	2,2,2,2,2,2,2,2,2,2,1,1,1,1,1,1,1,1,1,1,1,1,1,1,1,1,1,1,1,1	1/11,1/12,2/13,2/14,3/15,3/16,4/17,4/18,5/19,5/20,6/21,6/22,7/23,7/24,8/25,8/26,9/27,9/28,10/29,10/30	11/1/12,13/2/14,15/3/16,17/4/18,19/5/20,21/6/22,23/7/24,25/8/26,27/9/28,29/10/30	-	-	1,2,3,4,5,6,7,8,9,10,1,1,2,2,3,3,4,4,5,5,6,6,7,7,8,8,9,9,10,10
maceoff_water_1142	6,6,6,6,6,6,6,6,6,6,6,1,1,1,1,1,1,1,1,1,1,1,1,1,1,1,1,1,1,1,1,1,1	0.0,0.0,0.0,0.0,0.0,0.0,0.0,0.0,0.0,0.0,0.0,0.0,0.0,0.0,0.0,0.0,0.0,0.0,0.0,0.0,0.0,0.0,0.0,0.0,0.0,0.0,0.0,0.0,0.0,0.0,0.0,0.0,0.0	0,0,0,0,0,0,0,0,0,0,0,0,0,0,0,0,0,0,0,0,0,0,0,0,0,0,0,0,0,0,0,0,0	2,2,2,2,2,2,2,2,2,2,2,1,1,1,1,1,1,1,1,1,1,1,1,1,1,1,1,1,1,1,1,1,1	1/12,1/13,2/14,2/15,3/16,3/17,4/18,4/19,5/20,5/21,6/22,6/23,7/24,7/25,8/26,8/27,9/28,9/29,10/30,10/31,11/32,11/33	12/1/13,14/2/15,16/3/17,18/4/19,20/5/21,22/6/23,24/7/25,26/8/27,28/9/29,30/10/31,32/11/33	-	-	1,2,3,4,5,6,7,8,9,10,11,1,1,2,2,3,3,4,4,5,5,6,6,7,7,8,8,9,9,10,10,11,11
maceoff_water_1143	6,6,6,6,1,1,1,1,1,1,1,1	0.0,0.0,0.0,0.0,0.0,0.0,0.0,0.0,0.0,0.0,0.0,0.0	0,0,0,0,0,0,0,0,0,0,0,0	2,2,2,2,1,1,1,1,1,1,1,1	1/5,1/6,2/7,2/8,3/9,3/10,4/11,4/12	5/1/6,7/2/8,9/3/10,11/4/12	-	-	1,2,3,4,1,1,2,2,3,3,4,4
maceoff_water_1144	6,1,1	0.0,0.0,0.0	0,0,0	2,1,1	1/2,1/3	2/1/3	-	-	1,1,1
maceoff_water_1145	6,6,1,1,1,1	0.0,0.0,0.0,0.0,0.0,0.0	0,0,0,0,0,0	2,2,1,1,1,1	1/3,1/4,2/5,2/6	3/1/4,5/2/6	-	-	1,2,1,1,2,2
maceoff_water_1146	6,6,6,6,6,6,6,1,1,1,1,1,1,1,1,1,1,1,1,1,1	0.0,0.0,0.0,0.0,0.0,0.0,0.0,0.0,0.0,0.0,0.0,0.0,0.0,0.0,0.0,0.0,0.0,0.0,0.0,0.0,0.0	0,0,0,0,0,0,0,0,0,0,0,0,0,0,0,0,0,0,0,0,0	2,2,2,2,2,2,2,1,1,1,1,1,1,1,1,1,1,1,1,1,1	1/8,1/9,2/10,2/11,3/12,3/13,4/14,4/15,5/16,5/17,6/18,6/19,7/20,7/21	8/1/9,10/2/11,12/3/13,14/4/15,16/5/17,18/6/19,20/7/21	-	-	1,2,3,4,5,6,7,1,1,2,2,3,3,4,4,5,5,6,6,7,7
maceoff_water_1147	6,1,1	0.0,0.0,0.0	0,0,0	2,1,1	1/2,1/3	2/1/3	-	-	1,1,1
maceoff_water_1148	6,6,6,6,6,6,1,1,1,1,1,1,1,1,1,1,1,1	0.0,0.0,0.0,0.0,0.0,0.0,0.0,0.0,0.0,0.0,0.0,0.0,0.0,0.0,0.0,0.0,0.0,0.0	0,0,0,0,0,0,0,0,0,0,0,0,0,0,0,0,0,0	2,2,2,2,2,2,1,1,1,1,1,1,1,1,1,1,1,1	1/7,1/8,2/9,2/10,3/11,3/12,4/13,4/14,5/15,5/16,6/17,6/18	7/1/8,9/2/10,11/3/12,13/4/14,15/5/16,17/6/18	-	-	1,2,3,4,5,6,1,1,2,2,3,3,4,4,5,5,6,6
maceoff_water_1149	6,6,1,1,1,1	0.0,0.0,0.0,0.0,0.0,0.0	0,0,0,0,0,0	2,2,1,1,1,1	1/3,1/4,2/5,2/6	3/1/4,5/2/6	-	-	1,2,1,1,2,2
maceoff_water_1150	6,6,6,6,6,6,6,6,6,1,1,1,1,1,1,1,1,1,1,1,1,1,1,1,1,1,1	0.0,0.0,0.0,0.0,0.0,0.0,0.0,0.0,0.0,0.0,0.0,0.0,0.0,0.0,0.0,0.0,0.0,0.0,0.0,0.0,0.0,0.0,0.0,0.0,0.0,0.0,0.0	0,0,0,0,0,0,0,0,0,0,0,0,0,0,0,0,0,0,0,0,0,0,0,0,0,0,0	2,2,2,2,2,2,2,2,2,1,1,1,1,1,1,1,1,1,1,1,1,1,1,1,1,1,1	1/10,1/11,2/12,2/13,3/14,3/15,4/16,4/17,5/18,5/19,6/20,6/21,7/22,7/23,8/24,8/25,9/26,9/27	10/1/11,12/2/13,14/3/15,16/4/17,18/5/19,20/6/21,22/7/23,24/8/25,26/9/27	-	-	1,2,3,4,5,6,7,8,9,1,1,2,2,3,3,4,4,5,5,6,6,7,7,8,8,9,9
maceoff_water_1151	6,6,6,6,6,6,6,6,6,6,6,1,1,1,1,1,1,1,1,1,1,1,1,1,1,1,1,1,1,1,1,1,1	0.0,0.0,0.0,0.0,0.0,0.0,0.0,0.0,0.0,0.0,0.0,0.0,0.0,0.0,0.0,0.0,0.0,0.0,0.0,0.0,0.0,0.0,0.0,0.0,0.0,0.0,0.0,0.0,0.0,0.0,0.0,0.0,0.0	0,0,0,0,0,0,0,0,0,0,0,0,0,0,0,0,0,0,0,0,0,0,0,0,0,0,0,0,0,0,0,0,0	2,2,2,2,2,2,2,2,2,2,2,1,1,1,1,1,1,1,1,1,1,1,1,1,1,1,1,1,1,1,1,1,1	1/12,1/13,2/14,2/15,3/16,3/17,4/18,4/19,5/20,5/21,6/22,6/23,7/24,7/25,8/26,8/27,9/28,9/29,10/30,10/31,11/32,11/33	12/1/13,14/2/15,16/3/17,18/4/19,20/5/21,22/6/23,24/7/25,26/8/27,28/9/29,30/10/31,32/11/33	-	-	1,2,3,4,5,6,7,8,9,10,11,1,1,2,2,3,3,4,4,5,5,6,6,7,7,8,8,9,9,10,10,11,11
maceoff_water_1152	6,6,1,1,1,1	0.0,0.0,0.0,0.0,0.0,0.0	0,0,0,0,0,0	2,2,1,1,1,1	1/3,1/4,2/5,2/6	3/1/4,5/2/6	-	-	1,2,1,1,2,2
maceoff_water_1153	6,6,6,6,1,1,1,1,1,1,1,1	0.0,0.0,0.0,0.0,0.0,0.0,0.0,0.0,0.0,0.0,0.0,0.0	0,0,0,0,0,0,0,0,0,0,0,0	2,2,2,2,1,1,1,1,1,1,1,1	1/5,1/6,2/7,2/8,3/9,3/10,4/11,4/12	5/1/6,7/2/8,9/3/10,11/4/12	-	-	1,2,3,4,1,1,2,2,3,3,4,4
maceoff_water_1154	6,6,6,6,6,6,6,6,6,6,6,6,1,1,1,1,1,1,1,1,1,1,1,1,1,1,1,1,1,1,1,1,1,1,1,1	0.0,0.0,0.0,0.0,0.0,0.0,0.0,0.0,0.0,0.0,0.0,0.0,0.0,0.0,0.0,0.0,0.0,0.0,0.0,0.0,0.0,0.0,0.0,0.0,0.0,0.0,0.0,0.0,0.0,0.0,0.0,0.0,0.0,0.0,0.0,0.0	0,0,0,0,0,0,0,0,0,0,0,0,0,0,0,0,0,0,0,0,0,0,0,0,0,0,0,0,0,0,0,0,0,0,0,0	2,2,2,2,2,2,2,2,2,2,2,2,1,1,1,1,1,1,1,1,1,1,1,1,1,1,1,1,1,1,1,1,1,1,1,1	1/13,1/14,2/15,2/16,3/17,3/18,4/19,4/20,5/21,5/22,6/23,6/24,7/25,7/26,8/27,8/28,9/29,9/30,10/31,10/32,11/33,11/34,12/35,12/36	13/1/14,15/2/16,17/3/18,19/4/20,21/5/22,23/6/24,25/7/26,27/8/28,29/9/30,31/10/32,33/11/34,35/12/36	-	-	1,2,3,4,5,6,7,8,9,10,11,12,1,1,2,2,3,3,4,4,5,5,6,6,7,7,8,8,9,9,10,10,11,11,12,12
maceoff_water_1155	6,6,6,6,6,6,6,6,6,6,6,6,1,1,1,1,1,1,1,1,1,1,1,1,1,1,1,1,1,1,1,1,1,1,1,1	0.0,0.0,0.0,0.0,0.0,0.0,0.0,0.0,0.0,0.0,0.0,0.0,0.0,0.0,0.0,0.0,0.0,0.0,0.0,0.0,0.0,0.0,0.0,0.0,0.0,0.0,0.0,0.0,0.0,0.0,0.0,0.0,0.0,0.0,0.0,0.0	0,0,0,0,0,0,0,0,0,0,0,0,0,0,0,0,0,0,0,0,0,0,0,0,0,0,0,0,0,0,0,0,0,0,0,0	2,2,2,2,2,2,2,2,2,2,2,2,1,1,1,1,1,1,1,1,1,1,1,1,1,1,1,1,1,1,1,1,1,1,1,1	1/13,1/14,2/15,2/16,3/17,3/18,4/19,4/20,5/21,5/22,6/23,6/24,7/25,7/26,8/27,8/28,9/29,9/30,10/31,10/32,11/33,11/34,12/35,12/36	13/1/14,15/2/16,17/3/18,19/4/20,21/5/22,23/6/24,25/7/26,27/8/28,29/9/30,31/10/32,33/11/34,35/12/36	-	-	1,2,3,4,5,6,7,8,9,10,11,12,1,1,2,2,3,3,4,4,5,5,6,6,7,7,8,8,9,9,10,10,11,11,12,12
maceoff_water_1156	6,6,6,6,6,6,1,1,1,1,1,1,1,1,1,1,1,1	0.0,0.0,0.0,0.0,0.0,0.0,0.0,0.0,0.0,0.0,0.0,0.0,0.0,0.0,0.0,0.0,0.0,0.0	0,0,0,0,0,0,0,0,0,0,0,0,0,0,0,0,0,0	2,2,2,2,2,2,1,1,1,1,1,1,1,1,1,1,1,1	1/7,1/8,2/9,2/10,3/11,3/12,4/13,4/14,5/15,5/16,6/17,6/18	7/1/8,9/2/10,11/3/12,13/4/14,15/5/16,17/6/18	-	-	1,2,3,4,5,6,1,1,2,2,3,3,4,4,5,5,6,6
maceoff_water_1157	6,6,1,1,1,1	0.0,0.0,0.0,0.0,0.0,0.0	0,0,0,0,0,0	2,2,1,1,1,1	1/3,1/4,2/5,2/6	3/1/4,5/2/6	-	-	1,2,1,1,2,2
maceoff_water_1158	6,6,6,6,6,6,6,6,6,6,6,6,1,1,1,1,1,1,1,1,1,1,1,1,1,1,1,1,1,1,1,1,1,1,1,1	0.0,0.0,0.0,0.0,0.0,0.0,0.0,0.0,0.0,0.0,0.0,0.0,0.0,0.0,0.0,0.0,0.0,0.0,0.0,0.0,0.0,0.0,0.0,0.0,0.0,0.0,0.0,0.0,0.0,0.0,0.0,0.0,0.0,0.0,0.0,0.0	0,0,0,0,0,0,0,0,0,0,0,0,0,0,0,0,0,0,0,0,0,0,0,0,0,0,0,0,0,0,0,0,0,0,0,0	2,2,2,2,2,2,2,2,2,2,2,2,1,1,1,1,1,1,1,1,1,1,1,1,1,1,1,1,1,1,1,1,1,1,1,1	1/13,1/14,2/15,2/16,3/17,3/18,4/19,4/20,5/21,5/22,6/23,6/24,7/25,7/26,8/27,8/28,9/29,9/30,10/31,10/32,11/33,11/34,12/35,12/36	13/1/14,15/2/16,17/3/18,19/4/20,21/5/22,23/6/24,25/7/26,27/8/28,29/9/30,31/10/32,33/11/34,35/12/36	-	-	1,2,3,4,5,6,7,8,9,10,11,12,1,1,2,2,3,3,4,4,5,5,6,6,7,7,8,8,9,9,10,10,11,11,12,12
maceoff_water_1159	6,6,6,6,6,6,6,1,1,1,1,1,1,1,1,1,1,1,1,1,1	0.0,0.0,0.0,0.0,0.0,0.0,0.0,0.0,0.0,0.0,0.0,0.0,0.0,0.0,0.0,0.0,0.0,0.0,0.0,0.0,0.0	0,0,0,0,0,0,0,0,0,0,0,0,0,0,0,0,0,0,0,0,0	2,2,2,2,2,2,2,1,1,1,1,1,1,1,1,1,1,1,1,1,1	1/8,1/9,2/10,2/11,3/12,3/13,4/14,4/15,5/16,5/17,6/18,6/19,7/20,7/21	8/1/9,10/2/11,12/3/13,14/4/15,16/5/17,18/6/19,20/7/21	-	-	1,2,3,4,5,6,7,1,1,2,2,3,3,4,4,5,5,6,6,7,7
maceoff_water_1160	6,1,1	0.0,0.0,0.0	0,0,0	2,1,1	1/2,1/3	2/1/3	-	-	1,1,1
maceoff_water_1161	6,6,6,6,6,6,6,6,6,6,6,6,1,1,1,1,1,1,1,1,1,1,1,1,1,1,1,1,1,1,1,1,1,1,1,1	0.0,0.0,0.0,0.0,0.0,0.0,0.0,0.0,0.0,0.0,0.0,0.0,0.0,0.0,0.0,0.0,0.0,0.0,0.0,0.0,0.0,0.0,0.0,0.0,0.0,0.0,0.0,0.0,0.0,0.0,0.0,0.0,0.0,0.0,0.0,0.0	0,0,0,0,0,0,0,0,0,0,0,0,0,0,0,0,0,0,0,0,0,0,0,0,0,0,0,0,0,0,0,0,0,0,0,0	2,2,2,2,2,2,2,2,2,2,2,2,1,1,1,1,1,1,1,1,1,1,1,1,1,1,1,1,1,1,1,1,1,1,1,1	1/13,1/14,2/15,2/16,3/17,3/18,4/19,4/20,5/21,5/22,6/23,6/24,7/25,7/26,8/27,8/28,9/29,9/30,10/31,10/32,11/33,11/34,12/35,12/36	13/1/14,15/2/16,17/3/18,19/4/20,21/5/22,23/6/24,25/7/26,27/8/28,29/9/30,31/10/32,33/11/34,35/12/36	-	-	1,2,3,4,5,6,7,8,9,10,11,12,1,1,2,2,3,3,4,4,5,5,6,6,7,7,8,8,9,9,10,10,11,11,12,12
maceoff_water_1162	6,6,1,1,1,1	0.0,0.0,0.0,0.0,0.0,0.0	0,0,0,0,0,0	2,2,1,1,1,1	1/3,1/4,2/5,2/6	3/1/4,5/2/6	-	-	1,2,1,1,2,2
maceoff_water_1163	6,6,6,6,1,1,1,1,1,1,1,1	0.0,0.0,0.0,0.0,0.0,0.0,0.0,0.0,0.0,0.0,0.0,0.0	0,0,0,0,0,0,0,0,0,0,0,0	2,2,2,2,1,1,1,1,1,1,1,1	1/5,1/6,2/7,2/8,3/9,3/10,4/11,4/12	5/1/6,7/2/8,9/3/10,11/4/12	-	-	1,2,3,4,1,1,2,2,3,3,4,4
maceoff_water_1164	6,6,6,6,6,6,6,6,1,1,1,1,1,1,1,1,1,1,1,1,1,1,1,1	0.0,0.0,0.0,0.0,0.0,0.0,0.0,0.0,0.0,0.0,0.0,0.0,0.0,0.0,0.0,0.0,0.0,0.0,0.0,0.0,0.0,0.0,0.0,0.0	0,0,0,0,0,0,0,0,0,0,0,0,0,0,0,0,0,0,0,0,0,0,0,0	2,2,2,2,2,2,2,2,1,1,1,1,1,1,1,1,1,1,1,1,1,1,1,1	1/9,1/10,2/11,2/12,3/13,3/14,4/15,4/16,5/17,5/18,6/19,6/20,7/21,7/22,8/23,8/24	9/1/10,11/2/12,13/3/14,15/4/16,17/5/18,19/6/20,21/7/22,23/8/24	-	-	1,2,3,4,5,6,7,8,1,1,2,2,3,3,4,4,5,5,6,6,7,7,8,8
maceoff_water_1165	6,6,6,6,1,1,1,1,1,1,1,1	0.0,0.0,0.0,0.0,0.0,0.0,0.0,0.0,0.0,0.0,0.0,0.0	0,0,0,0,0,0,0,0,0,0,0,0	2,2,2,2,1,1,1,1,1,1,1,1	1/5,1/6,2/7,2/8,3/9,3/10,4/11,4/12	5/1/6,7/2/8,9/3/10,11/4/12	-	-	1,2,3,4,1,1,2,2,3,3,4,4
maceoff_water_1166	6,6,6,6,6,6,6,6,1,1,1,1,1,1,1,1,1,1,1,1,1,1,1,1	0.0,0.0,0.0,0.0,0.0,0.0,0.0,0.0,0.0,0.0,0.0,0.0,0.0,0.0,0.0,0.0,0.0,0.0,0.0,0.0,0.0,0.0,0.0,0.0	0,0,0,0,0,0,0,0,0,0,0,0,0,0,0,0,0,0,0,0,0,0,0,0	2,2,2,2,2,2,2,2,1,1,1,1,1,1,1,1,1,1,1,1,1,1,1,1	1/9,1/10,2/11,2/12,3/13,3/14,4/15,4/16,5/17,5/18,6/19,6/20,7/21,7/22,8/23,8/24	9/1/10,11/2/12,13/3/14,15/4/16,17/5/18,19/6/20,21/7/22,23/8/24	-	-	1,2,3,4,5,6,7,8,1,1,2,2,3,3,4,4,5,5,6,6,7,7,8,8
maceoff_water_1167	6,6,6,6,6,6,6,1,1,1,1,1,1,1,1,1,1,1,1,1,1	0.0,0.0,0.0,0.0,0.0,0.0,0.0,0.0,0.0,0.0,0.0,0.0,0.0,0.0,0.0,0.0,0.0,0.0,0.0,0.0,0.0	0,0,0,0,0,0,0,0,0,0,0,0,0,0,0,0,0,0,0,0,0	2,2,2,2,2,2,2,1,1,1,1,1,1,1,1,1,1,1,1,1,1	1/8,1/9,2/10,2/11,3/12,3/13,4/14,4/15,5/16,5/17,6/18,6/19,7/20,7/21	8/1/9,10/2/11,12/3/13,14/4/15,16/5/17,18/6/19,20/7/21	-	-	1,2,3,4,5,6,7,1,1,2,2,3,3,4,4,5,5,6,6,7,7
maceoff_water_1168	6,6,6,1,1,1,1,1,1	0.0,0.0,0.0,0.0,0.0,0.0,0.0,0.0,0.0	0,0,0,0,0,0,0,0,0	2,2,2,1,1,1,1,1,1	1/4,1/5,2/6,2/7,3/8,3/9	4/1/5,6/2/7,8/3/9	-	-	1,2,3,1,1,2,2,3,3
maceoff_water_1169	6,6,6,6,6,6,1,1,1,1,1,1,1,1,1,1,1,1	0.0,0.0,0.0,0.0,0.0,0.0,0.0,0.0,0.0,0.0,0.0,0.0,0.0,0.0,0.0,0.0,0.0,0.0	0,0,0,0,0,0,0,0,0,0,0,0,0,0,0,0,0,0	2,2,2,2,2,2,1,1,1,1,1,1,1,1,1,1,1,1	1/7,1/8,2/9,2/10,3/11,3/12,4/13,4/14,5/15,5/16,6/17,6/18	7/1/8,9/2/10,11/3/12,13/4/14,15/5/16,17/6/18	-	-	1,2,3,4,5,6,1,1,2,2,3,3,4,4,5,5,6,6
maceoff_water_1170	6,6,6,6,6,6,6,6,6,6,6,6,1,1,1,1,1,1,1,1,1,1,1,1,1,1,1,1,1,1,1,1,1,1,1,1	0.0,0.0,0.0,0.0,0.0,0.0,0.0,0.0,0.0,0.0,0.0,0.0,0.0,0.0,0.0,0.0,0.0,0.0,0.0,0.0,0.0,0.0,0.0,0.0,0.0,0.0,0.0,0.0,0.0,0.0,0.0,0.0,0.0,0.0,0.0,0.0	0,0,0,0,0,0,0,0,0,0,0,0,0,0,0,0,0,0,0,0,0,0,0,0,0,0,0,0,0,0,0,0,0,0,0,0	2,2,2,2,2,2,2,2,2,2,2,2,1,1,1,1,1,1,1,1,1,1,1,1,1,1,1,1,1,1,1,1,1,1,1,1	1/13,1/14,2/15,2/16,3/17,3/18,4/19,4/20,5/21,5/22,6/23,6/24,7/25,7/26,8/27,8/28,9/29,9/30,10/31,10/32,11/33,11/34,12/35,12/36	13/1/14,15/2/16,17/3/18,19/4/20,21/5/22,23/6/24,25/7/26,27/8/28,29/9/30,31/10/32,33/11/34,35/12/36	-	-	1,2,3,4,5,6,7,8,9,10,11,12,1,1,2,2,3,3,4,4,5,5,6,6,7,7,8,8,9,9,10,10,11,11,12,12
maceoff_water_1171	6,6,6,6,1,1,1,1,1,1,1,1	0.0,0.0,0.0,0.0,0.0,0.0,0.0,0.0,0.0,0.0,0.0,0.0	0,0,0,0,0,0,0,0,0,0,0,0	2,2,2,2,1,1,1,1,1,1,1,1	1/5,1/6,2/7,2/8,3/9,3/10,4/11,4/12	5/1/6,7/2/8,9/3/10,11/4/12	-	-	1,2,3,4,1,1,2,2,3,3,4,4
maceoff_water_1172	6,1,1	0.0,0.0,0.0	0,0,0	2,1,1	1/2,1/3	2/1/3	-	-	1,1,1
maceoff_water_1173	6,1,1	0.0,0.0,0.0	0,0,0	2,1,1	1/2,1/3	2/1/3	-	-	1,1,1
maceoff_water_1174	6,6,6,1,1,1,1,1,1	0.0,0.0,0.0,0.0,0.0,0.0,0.0,0.0,0.0	0,0,0,0,0,0,0,0,0	2,2,2,1,1,1,1,1,1	1/4,1/5,2/6,2/7,3/8,3/9	4/1/5,6/2/7,8/3/9	-	-	1,2,3,1,1,2,2,3,3
maceoff_water_1175	6,6,6,1,1,1,1,1,1	0.0,0.0,0.0,0.0,0.0,0.0,0.0,0.0,0.0	0,0,0,0,0,0,0,0,0	2,2,2,1,1,1,1,1,1	1/4,1/5,2/6,2/7,3/8,3/9	4/1/5,6/2/7,8/3/9	-	-	1,2,3,1,1,2,2,3,3
maceoff_water_1176	6,6,6,6,6,6,6,6,6,1,1,1,1,1,1,1,1,1,1,1,1,1,1,1,1,1,1	0.0,0.0,0.0,0.0,0.0,0.0,0.0,0.0,0.0,0.0,0.0,0.0,0.0,0.0,0.0,0.0,0.0,0.0,0.0,0.0,0.0,0.0,0.0,0.0,0.0,0.0,0.0	0,0,0,0,0,0,0,0,0,0,0,0,0,0,0,0,0,0,0,0,0,0,0,0,0,0,0	2,2,2,2,2,2,2,2,2,1,1,1,1,1,1,1,1,1,1,1,1,1,1,1,1,1,1	1/10,1/11,2/12,2/13,3/14,3/15,4/16,4/17,5/18,5/19,6/20,6/21,7/22,7/23,8/24,8/25,9/26,9/27	10/1/11,12/2/13,14/3/15,16/4/17,18/5/19,20/6/21,22/7/23,24/8/25,26/9/27	-	-	1,2,3,4,5,6,7,8,9,1,1,2,2,3,3,4,4,5,5,6,6,7,7,8,8,9,9
maceoff_water_1177	6,6,6,6,6,6,6,6,6,6,6,6,1,1,1,1,1,1,1,1,1,1,1,1,1,1,1,1,1,1,1,1,1,1,1,1	0.0,0.0,0.0,0.0,0.0,0.0,0.0,0.0,0.0,0.0,0.0,0.0,0.0,0.0,0.0,0.0,0.0,0.0,0.0,0.0,0.0,0.0,0.0,0.0,0.0,0.0,0.0,0.0,0.0,0.0,0.0,0.0,0.0,0.0,0.0,0.0	0,0,0,0,0,0,0,0,0,0,0,0,0,0,0,0,0,0,0,0,0,0,0,0,0,0,0,0,0,0,0,0,0,0,0,0	2,2,2,2,2,2,2,2,2,2,2,2,1,1,1,1,1,1,1,1,1,1,1,1,1,1,1,1,1,1,1,1,1,1,1,1	1/13,1/14,2/15,2/16,3/17,3/18,4/19,4/20,5/21,5/22,6/23,6/24,7/25,7/26,8/27,8/28,9/29,9/30,10/31,10/32,11/33,11/34,12/35,12/36	13/1/14,15/2/16,17/3/18,19/4/20,21/5/22,23/6/24,25/7/26,27/8/28,29/9/30,31/10/32,33/11/34,35/12/36	-	-	1,2,3,4,5,6,7,8,9,10,11,12,1,1,2,2,3,3,4,4,5,5,6,6,7,7,8,8,9,9,10,10,11,11,12,12
maceoff_water_1178	6,1,1	0.0,0.0,0.0	0,0,0	2,1,1	1/2,1/3	2/1/3	-	-	1,1,1
maceoff_water_1179	6,6,6,6,6,6,6,6,6,6,1,1,1,1,1,1,1,1,1,1,1,1,1,1,1,1,1,1,1,1	0.0,0.0,0.0,0.0,0.0,0.0,0.0,0.0,0.0,0.0,0.0,0.0,0.0,0.0,0.0,0.0,0.0,0.0,0.0,0.0,0.0,0.0,0.0,0.0,0.0,0.0,0.0,0.0,0.0,0.0	0,0,0,0,0,0,0,0,0,0,0,0,0,0,0,0,0,0,0,0,0,0,0,0,0,0,0,0,0,0	2,2,2,2,2,2,2,2,2,2,1,1,1,1,1,1,1,1,1,1,1,1,1,1,1,1,1,1,1,1	1/11,1/12,2/13,2/14,3/15,3/16,4/17,4/18,5/19,5/20,6/21,6/22,7/23,7/24,8/25,8/26,9/27,9/28,10/29,10/30	11/1/12,13/2/14,15/3/16,17/4/18,19/5/20,21/6/22,23/7/24,25/8/26,27/9/28,29/10/30	-	-	1,2,3,4,5,6,7,8,9,10,1,1,2,2,3,3,4,4,5,5,6,6,7,7,8,8,9,9,10,10
maceoff_water_1180	6,6,6,6,1,1,1,1,1,1,1,1	0.0,0.0,0.0,0.0,0.0,0.0,0.0,0.0,0.0,0.0,0.0,0.0	0,0,0,0,0,0,0,0,0,0,0,0	2,2,2,2,1,1,1,1,1,1,1,1	1/5,1/6,2/7,2/8,3/9,3/10,4/11,4/12	5/1/6,7/2/8,9/3/10,11/4/12	-	-	1,2,3,4,1,1,2,2,3,3,4,4
maceoff_water_1181	6,6,6,1,1,1,1,1,1	0.0,0.0,0.0,0.0,0.0,0.0,0.0,0.0,0.0	0,0,0,0,0,0,0,0,0	2,2,2,1,1,1,1,1,1	1/4,1/5,2/6,2/7,3/8,3/9	4/1/5,6/2/7,8/3/9	-	-	1,2,3,1,1,2,2,3,3
maceoff_water_1182	6,6,6,6,6,6,6,1,1,1,1,1,1,1,1,1,1,1,1,1,1	0.0,0.0,0.0,0.0,0.0,0.0,0.0,0.0,0.0,0.0,0.0,0.0,0.0,0.0,0.0,0.0,0.0,0.0,0.0,0.0,0.0	0,0,0,0,0,0,0,0,0,0,0,0,0,0,0,0,0,0,0,0,0	2,2,2,2,2,2,2,1,1,1,1,1,1,1,1,1,1,1,1,1,1	1/8,1/9,2/10,2/11,3/12,3/13,4/14,4/15,5/16,5/17,6/18,6/19,7/20,7/21	8/1/9,10/2/11,12/3/13,14/4/15,16/5/17,18/6/19,20/7/21	-	-	1,2,3,4,5,6,7,1,1,2,2,3,3,4,4,5,5,6,6,7,7
maceoff_water_1183	6,6,1,1,1,1	0.0,0.0,0.0,0.0,0.0,0.0	0,0,0,0,0,0	2,2,1,1,1,1	1/3,1/4,2/5,2/6	3/1/4,5/2/6	-	-	1,2,1,1,2,2
maceoff_water_1184	6,6,6,6,6,6,6,6,6,1,1,1,1,1,1,1,1,1,1,1,1,1,1,1,1,1,1	0.0,0.0,0.0,0.0,0.0,0.0,0.0,0.0,0.0,0.0,0.0,0.0,0.0,0.0,0.0,0.0,0.0,0.0,0.0,0.0,0.0,0.0,0.0,0.0,0.0,0.0,0.0	0,0,0,0,0,0,0,0,0,0,0,0,0,0,0,0,0,0,0,0,0,0,0,0,0,0,0	2,2,2,2,2,2,2,2,2,1,1,1,1,1,1,1,1,1,1,1,1,1,1,1,1,1,1	1/10,1/11,2/12,2/13,3/14,3/15,4/16,4/17,5/18,5/19,6/20,6/21,7/22,7/23,8/24,8/25,9/26,9/27	10/1/11,12/2/13,14/3/15,16/4/17,18/5/19,20/6/21,22/7/23,24/8/25,26/9/27	-	-	1,2,3,4,5,6,7,8,9,1,1,2,2,3,3,4,4,5,5,6,6,7,7,8,8,9,9
maceoff_water_1185	6,6,6,6,6,1,1,1,1,1,1,1,1,1,1	0.0,0.0,0.0,0.0,0.0,0.0,0.0,0.0,0.0,0.0,0.0,0.0,0.0,0.0,0.0	0,0,0,0,0,0,0,0,0,0,0,0,0,0,0	2,2,2,2,2,1,1,1,1,1,1,1,1,1,1	1/6,1/7,2/8,2/9,3/10,3/11,4/12,4/13,5/14,5/15	6/1/7,8/2/9,10/3/11,12/4/13,14/5/15	-	-	1,2,3,4,5,1,1,2,2,3,3,4,4,5,5
maceoff_water_1186	6,6,6,6,6,6,1,1,1,1,1,1,1,1,1,1,1,1	0.0,0.0,0.0,0.0,0.0,0.0,0.0,0.0,0.0,0.0,0.0,0.0,0.0,0.0,0.0,0.0,0.0,0.0	0,0,0,0,0,0,0,0,0,0,0,0,0,0,0,0,0,0	2,2,2,2,2,2,1,1,1,1,1,1,1,1,1,1,1,1	1/7,1/8,2/9,2/10,3/11,3/12,4/13,4/14,5/15,5/16,6/17,6/18	7/1/8,9/2/10,11/3/12,13/4/14,15/5/16,17/6/18	-	-	1,2,3,4,5,6,1,1,2,2,3,3,4,4,5,5,6,6
maceoff_water_1187	6,6,6,6,6,6,1,1,1,1,1,1,1,1,1,1,1,1	0.0,0.0,0.0,0.0,0.0,0.0,0.0,0.0,0.0,0.0,0.0,0.0,0.0,0.0,0.0,0.0,0.0,0.0	0,0,0,0,0,0,0,0,0,0,0,0,0,0,0,0,0,0	2,2,2,2,2,2,1,1,1,1,1,1,1,1,1,1,1,1	1/7,1/8,2/9,2/10,3/11,3/12,4/13,4/14,5/15,5/16,6/17,6/18	7/1/8,9/2/10,11/3/12,13/4/14,15/5/16,17/6/18	-	-	1,2,3,4,5,6,1,1,2,2,3,3,4,4,5,5,6,6
maceoff_water_1188	6,6,1,1,1,1	0.0,0.0,0.0,0.0,0.0,0.0	0,0,0,0,0,0	2,2,1,1,1,1	1/3,1/4,2/5,2/6	3/1/4,5/2/6	-	-	1,2,1,1,2,2
maceoff_water_1189	6,6,6,6,6,6,6,1,1,1,1,1,1,1,1,1,1,1,1,1,1	0.0,0.0,0.0,0.0,0.0,0.0,0.0,0.0,0.0,0.0,0.0,0.0,0.0,0.0,0.0,0.0,0.0,0.0,0.0,0.0,0.0	0,0,0,0,0,0,0,0,0,0,0,0,0,0,0,0,0,0,0,0,0	2,2,2,2,2,2,2,1,1,1,1,1,1,1,1,1,1,1,1,1,1	1/8,1/9,2/10,2/11,3/12,3/13,4/14,4/15,5/16,5/17,6/18,6/19,7/20,7/21	8/1/9,10/2/11,12/3/13,14/4/15,16/5/17,18/6/19,20/7/21	-	-	1,2,3,4,5,6,7,1,1,2,2,3,3,4,4,5,5,6,6,7,7
maceoff_water_1190	6,6,6,6,1,1,1,1,1,1,1,1	0.0,0.0,0.0,0.0,0.0,0.0,0.0,0.0,0.0,0.0,0.0,0.0	0,0,0,0,0,0,0,0,0,0,0,0	2,2,2,2,1,1,1,1,1,1,1,1	1/5,1/6,2/7,2/8,3/9,3/10,4/11,4/12	5/1/6,7/2/8,9/3/10,11/4/12	-	-	1,2,3,4,1,1,2,2,3,3,4,4
maceoff_water_1191	6,6,6,6,6,6,6,6,6,6,1,1,1,1,1,1,1,1,1,1,1,1,1,1,1,1,1,1,1,1	0.0,0.0,0.0,0.0,0.0,0.0,0.0,0.0,0.0,0.0,0.0,0.0,0.0,0.0,0.0,0.0,0.0,0.0,0.0,0.0,0.0,0.0,0.0,0.0,0.0,0.0,0.0,0.0,0.0,0.0	0,0,0,0,0,0,0,0,0,0,0,0,0,0,0,0,0,0,0,0,0,0,0,0,0,0,0,0,0,0	2,2,2,2,2,2,2,2,2,2,1,1,1,1,1,1,1,1,1,1,1,1,1,1,1,1,1,1,1,1	1/11,1/12,2/13,2/14,3/15,3/16,4/17,4/18,5/19,5/20,6/21,6/22,7/23,7/24,8/25,8/26,9/27,9/28,10/29,10/30	11/1/12,13/2/14,15/3/16,17/4/18,19/5/20,21/6/22,23/7/24,25/8/26,27/9/28,29/10/30	-	-	1,2,3,4,5,6,7,8,9,10,1,1,2,2,3,3,4,4,5,5,6,6,7,7,8,8,9,9,10,10
maceoff_water_1192	6,6,6,6,6,1,1,1,1,1,1,1,1,1,1	0.0,0.0,0.0,0.0,0.0,0.0,0.0,0.0,0.0,0.0,0.0,0.0,0.0,0.0,0.0	0,0,0,0,0,0,0,0,0,0,0,0,0,0,0	2,2,2,2,2,1,1,1,1,1,1,1,1,1,1	1/6,1/7,2/8,2/9,3/10,3/11,4/12,4/13,5/14,5/15	6/1/7,8/2/9,10/3/11,12/4/13,14/5/15	-	-	1,2,3,4,5,1,1,2,2,3,3,4,4,5,5
maceoff_water_1193	6,6,6,6,6,6,1,1,1,1,1,1,1,1,1,1,1,1	0.0,0.0,0.0,0.0,0.0,0.0,0.0,0.0,0.0,0.0,0.0,0.0,0.0,0.0,0.0,0.0,0.0,0.0	0,0,0,0,0,0,0,0,0,0,0,0,0,0,0,0,0,0	2,2,2,2,2,2,1,1,1,1,1,1,1,1,1,1,1,1	1/7,1/8,2/9,2/10,3/11,3/12,4/13,4/14,5/15,5/16,6/17,6/18	7/1/8,9/2/10,11/3/12,13/4/14,15/5/16,17/6/18	-	-	1,2,3,4,5,6,1,1,2,2,3,3,4,4,5,5,6,6
maceoff_water_1194	6,6,6,6,6,1,1,1,1,1,1,1,1,1,1	0.0,0.0,0.0,0.0,0.0,0.0,0.0,0.0,0.0,0.0,0.0,0.0,0.0,0.0,0.0	0,0,0,0,0,0,0,0,0,0,0,0,0,0,0	2,2,2,2,2,1,1,1,1,1,1,1,1,1,1	1/6,1/7,2/8,2/9,3/10,3/11,4/12,4/13,5/14,5/15	6/1/7,8/2/9,10/3/11,12/4/13,14/5/15	-	-	1,2,3,4,5,1,1,2,2,3,3,4,4,5,5
maceoff_water_1195	6,6,6,6,1,1,1,1,1,1,1,1	0.0,0.0,0.0,0.0,0.0,0.0,0.0,0.0,0.0,0.0,0.0,0.0	0,0,0,0,0,0,0,0,0,0,0,0	2,2,2,2,1,1,1,1,1,1,1,1	1/5,1/6,2/7,2/8,3/9,3/10,4/11,4/12	5/1/6,7/2/8,9/3/10,11/4/12	-	-	1,2,3,4,1,1,2,2,3,3,4,4
maceoff_water_1196	6,6,6,6,6,6,6,6,6,6,6,6,1,1,1,1,1,1,1,1,1,1,1,1,1,1,1,1,1,1,1,1,1,1,1,1	0.0,0.0,0.0,0.0,0.0,0.0,0.0,0.0,0.0,0.0,0.0,0.0,0.0,0.0,0.0,0.0,0.0,0.0,0.0,0.0,0.0,0.0,0.0,0.0,0.0,0.0,0.0,0.0,0.0,0.0,0.0,0.0,0.0,0.0,0.0,0.0	0,0,0,0,0,0,0,0,0,0,0,0,0,0,0,0,0,0,0,0,0,0,0,0,0,0,0,0,0,0,0,0,0,0,0,0	2,2,2,2,2,2,2,2,2,2,2,2,1,1,1,1,1,1,1,1,1,1,1,1,1,1,1,1,1,1,1,1,1,1,1,1	1/13,1/14,2/15,2/16,3/17,3/18,4/19,4/20,5/21,5/22,6/23,6/24,7/25,7/26,8/27,8/28,9/29,9/30,10/31,10/32,11/33,11/34,12/35,12/36	13/1/14,15/2/16,17/3/18,19/4/20,21/5/22,23/6/24,25/7/26,27/8/28,29/9/30,31/10/32,33/11/34,35/12/36	-	-	1,2,3,4,5,6,7,8,9,10,11,12,1,1,2,2,3,3,4,4,5,5,6,6,7,7,8,8,9,9,10,10,11,11,12,12
maceoff_water_1197	6,6,6,6,1,1,1,1,1,1,1,1	0.0,0.0,0.0,0.0,0.0,0.0,0.0,0.0,0.0,0.0,0.0,0.0	0,0,0,0,0,0,0,0,0,0,0,0	2,2,2,2,1,1,1,1,1,1,1,1	1/5,1/6,2/7,2/8,3/9,3/10,4/11,4/12	5/1/6,7/2/8,9/3/10,11/4/12	-	-	1,2,3,4,1,1,2,2,3,3,4,4
maceoff_water_1198	6,6,6,6,6,1,1,1,1,1,1,1,1,1,1	0.0,0.0,0.0,0.0,0.0,0.0,0.0,0.0,0.0,0.0,0.0,0.0,0.0,0.0,0.0	0,0,0,0,0,0,0,0,0,0,0,0,0,0,0	2,2,2,2,2,1,1,1,1,1,1,1,1,1,1	1/6,1/7,2/8,2/9,3/10,3/11,4/12,4/13,5/14,5/15	6/1/7,8/2/9,10/3/11,12/4/13,14/5/15	-	-	1,2,3,4,5,1,1,2,2,3,3,4,4,5,5
maceoff_water_1199	6,6,6,1,1,1,1,1,1	0.0,0.0,0.0,0.0,0.0,0.0,0.0,0.0,0.0	0,0,0,0,0,0,0,0,0	2,2,2,1,1,1,1,1,1	1/4,1/5,2/6,2/7,3/8,3/9	4/1/5,6/2/7,8/3/9	-	-	1,2,3,1,1,2,2,3,3
maceoff_water_1200	6,6,6,6,6,1,1,1,1,1,1,1,1,1,1	0.0,0.0,0.0,0.0,0.0,0.0,0.0,0.0,0.0,0.0,0.0,0.0,0.0,0.0,0.0	0,0,0,0,0,0,0,0,0,0,0,0,0,0,0	2,2,2,2,2,1,1,1,1,1,1,1,1,1,1	1/6,1/7,2/8,2/9,3/10,3/11,4/12,4/13,5/14,5/15	6/1/7,8/2/9,10/3/11,12/4/13,14/5/15	-	-	1,2,3,4,5,1,1,2,2,3,3,4,4,5,5
maceoff_water_1201	6,6,6,6,6,1,1,1,1,1,1,1,1,1,1	0.0,0.0,0.0,0.0,0.0,0.0,0.0,0.0,0.0,0.0,0.0,0.0,0.0,0.0,0.0	0,0,0,0,0,0,0,0,0,0,0,0,0,0,0	2,2,2,2,2,1,1,1,1,1,1,1,1,1,1	1/6,1/7,2/8,2/9,3/10,3/11,4/12,4/13,5/14,5/15	6/1/7,8/2/9,10/3/11,12/4/13,14/5/15	-	-	1,2,3,4,5,1,1,2,2,3,3,4,4,5,5
maceoff_water_1202	6,6,1,1,1,1	0.0,0.0,0.0,0.0,0.0,0.0	0,0,0,0,0,0	2,2,1,1,1,1	1/3,1/4,2/5,2/6	3/1/4,5/2/6	-	-	1,2,1,1,2,2
maceoff_water_1203	6,6,6,6,6,6,6,6,6,6,6,1,1,1,1,1,1,1,1,1,1,1,1,1,1,1,1,1,1,1,1,1,1	0.0,0.0,0.0,0.0,0.0,0.0,0.0,0.0,0.0,0.0,0.0,0.0,0.0,0.0,0.0,0.0,0.0,0.0,0.0,0.0,0.0,0.0,0.0,0.0,0.0,0.0,0.0,0.0,0.0,0.0,0.0,0.0,0.0	0,0,0,0,0,0,0,0,0,0,0,0,0,0,0,0,0,0,0,0,0,0,0,0,0,0,0,0,0,0,0,0,0	2,2,2,2,2,2,2,2,2,2,2,1,1,1,1,1,1,1,1,1,1,1,1,1,1,1,1,1,1,1,1,1,1	1/12,1/13,2/14,2/15,3/16,3/17,4/18,4/19,5/20,5/21,6/22,6/23,7/24,7/25,8/26,8/27,9/28,9/29,10/30,10/31,11/32,11/33	12/1/13,14/2/15,16/3/17,18/4/19,20/5/21,22/6/23,24/7/25,26/8/27,28/9/29,30/10/31,32/11/33	-	-	1,2,3,4,5,6,7,8,9,10,11,1,1,2,2,3,3,4,4,5,5,6,6,7,7,8,8,9,9,10,10,11,11
maceoff_water_1204	6,6,6,6,1,1,1,1,1,1,1,1	0.0,0.0,0.0,0.0,0.0,0.0,0.0,0.0,0.0,0.0,0.0,0.0	0,0,0,0,0,0,0,0,0,0,0,0	2,2,2,2,1,1,1,1,1,1,1,1	1/5,1/6,2/7,2/8,3/9,3/10,4/11,4/12	5/1/6,7/2/8,9/3/10,11/4/12	-	-	1,2,3,4,1,1,2,2,3,3,4,4
maceoff_water_1205	6,6,6,1,1,1,1,1,1	0.0,0.0,0.0,0.0,0.0,0.0,0.0,0.0,0.0	0,0,0,0,0,0,0,0,0	2,2,2,1,1,1,1,1,1	1/4,1/5,2/6,2/7,3/8,3/9	4/1/5,6/2/7,8/3/9	-	-	1,2,3,1,1,2,2,3,3
maceoff_water_1206	6,6,6,6,6,1,1,1,1,1,1,1,1,1,1	0.0,0.0,0.0,0.0,0.0,0.0,0.0,0.0,0.0,0.0,0.0,0.0,0.0,0.0,0.0	0,0,0,0,0,0,0,0,0,0,0,0,0,0,0	2,2,2,2,2,1,1,1,1,1,1,1,1,1,1	1/6,1/7,2/8,2/9,3/10,3/11,4/12,4/13,5/14,5/15	6/1/7,8/2/9,10/3/11,12/4/13,14/5/15	-	-	1,2,3,4,5,1,1,2,2,3,3,4,4,5,5
maceoff_water_1207	6,6,6,6,6,6,6,6,6,6,6,6,1,1,1,1,1,1,1,1,1,1,1,1,1,1,1,1,1,1,1,1,1,1,1,1	0.0,0.0,0.0,0.0,0.0,0.0,0.0,0.0,0.0,0.0,0.0,0.0,0.0,0.0,0.0,0.0,0.0,0.0,0.0,0.0,0.0,0.0,0.0,0.0,0.0,0.0,0.0,0.0,0.0,0.0,0.0,0.0,0.0,0.0,0.0,0.0	0,0,0,0,0,0,0,0,0,0,0,0,0,0,0,0,0,0,0,0,0,0,0,0,0,0,0,0,0,0,0,0,0,0,0,0	2,2,2,2,2,2,2,2,2,2,2,2,1,1,1,1,1,1,1,1,1,1,1,1,1,1,1,1,1,1,1,1,1,1,1,1	1/13,1/14,2/15,2/16,3/17,3/18,4/19,4/20,5/21,5/22,6/23,6/24,7/25,7/26,8/27,8/28,9/29,9/30,10/31,10/32,11/33,11/34,12/35,12/36	13/1/14,15/2/16,17/3/18,19/4/20,21/5/22,23/6/24,25/7/26,27/8/28,29/9/30,31/10/32,33/11/34,35/12/36	-	-	1,2,3,4,5,6,7,8,9,10,11,12,1,1,2,2,3,3,4,4,5,5,6,6,7,7,8,8,9,9,10,10,11,11,12,12
maceoff_water_1208	6,6,6,1,1,1,1,1,1	0.0,0.0,0.0,0.0,0.0,0.0,0.0,0.0,0.0	0,0,0,0,0,0,0,0,0	2,2,2,1,1,1,1,1,1	1/4,1/5,2/6,2/7,3/8,3/9	4/1/5,6/2/7,8/3/9	-	-	1,2,3,1,1,2,2,3,3
maceoff_water_1209	6,6,1,1,1,1	0.0,0.0,0.0,0.0,0.0,0.0	0,0,0,0,0,0	2,2,1,1,1,1	1/3,1/4,2/5,2/6	3/1/4,5/2/6	-	-	1,2,1,1,2,2
maceoff_water_1210	6,6,6,6,6,6,6,6,1,1,1,1,1,1,1,1,1,1,1,1,1,1,1,1	0.0,0.0,0.0,0.0,0.0,0.0,0.0,0.0,0.0,0.0,0.0,0.0,0.0,0.0,0.0,0.0,0.0,0.0,0.0,0.0,0.0,0.0,0.0,0.0	0,0,0,0,0,0,0,0,0,0,0,0,0,0,0,0,0,0,0,0,0,0,0,0	2,2,2,2,2,2,2,2,1,1,1,1,1,1,1,1,1,1,1,1,1,1,1,1	1/9,1/10,2/11,2/12,3/13,3/14,4/15,4/16,5/17,5/18,6/19,6/20,7/21,7/22,8/23,8/24	9/1/10,11/2/12,13/3/14,15/4/16,17/5/18,19/6/20,21/7/22,23/8/24	-	-	1,2,3,4,5,6,7,8,1,1,2,2,3,3,4,4,5,5,6,6,7,7,8,8
maceoff_water_1211	6,6,6,6,6,6,6,6,1,1,1,1,1,1,1,1,1,1,1,1,1,1,1,1	0.0,0.0,0.0,0.0,0.0,0.0,0.0,0.0,0.0,0.0,0.0,0.0,0.0,0.0,0.0,0.0,0.0,0.0,0.0,0.0,0.0,0.0,0.0,0.0	0,0,0,0,0,0,0,0,0,0,0,0,0,0,0,0,0,0,0,0,0,0,0,0	2,2,2,2,2,2,2,2,1,1,1,1,1,1,1,1,1,1,1,1,1,1,1,1	1/9,1/10,2/11,2/12,3/13,3/14,4/15,4/16,5/17,5/18,6/19,6/20,7/21,7/22,8/23,8/24	9/1/10,11/2/12,13/3/14,15/4/16,17/5/18,19/6/20,21/7/22,23/8/24	-	-	1,2,3,4,5,6,7,8,1,1,2,2,3,3,4,4,5,5,6,6,7,7,8,8
maceoff_water_1212	6,6,6,1,1,1,1,1,1	0.0,0.0,0.0,0.0,0.0,0.0,0.0,0.0,0.0	0,0,0,0,0,0,0,0,0	2,2,2,1,1,1,1,1,1	1/4,1/5,2/6,2/7,3/8,3/9	4/1/5,6/2/7,8/3/9	-	-	1,2,3,1,1,2,2,3,3
maceoff_water_1213	6,6,6,6,6,6,6,6,1,1,1,1,1,1,1,1,1,1,1,1,1,1,1,1	0.0,0.0,0.0,0.0,0.0,0.0,0.0,0.0,0.0,0.0,0.0,0.0,0.0,0.0,0.0,0.0,0.0,0.0,0.0,0.0,0.0,0.0,0.0,0.0	0,0,0,0,0,0,0,0,0,0,0,0,0,0,0,0,0,0,0,0,0,0,0,0	2,2,2,2,2,2,2,2,1,1,1,1,1,1,1,1,1,1,1,1,1,1,1,1	1/9,1/10,2/11,2/12,3/13,3/14,4/15,4/16,5/17,5/18,6/19,6/20,7/21,7/22,8/23,8/24	9/1/10,11/2/12,13/3/14,15/4/16,17/5/18,19/6/20,21/7/22,23/8/24	-	-	1,2,3,4,5,6,7,8,1,1,2,2,3,3,4,4,5,5,6,6,7,7,8,8
maceoff_water_1214	6,6,6,6,1,1,1,1,1,1,1,1	0.0,0.0,0.0,0.0,0.0,0.0,0.0,0.0,0.0,0.0,0.0,0.0	0,0,0,0,0,0,0,0,0,0,0,0	2,2,2,2,1,1,1,1,1,1,1,1	1/5,1/6,2/7,2/8,3/9,3/10,4/11,4/12	5/1/6,7/2/8,9/3/10,11/4/12	-	-	1,2,3,4,1,1,2,2,3,3,4,4
maceoff_water_1215	6,6,6,6,6,1,1,1,1,1,1,1,1,1,1	0.0,0.0,0.0,0.0,0.0,0.0,0.0,0.0,0.0,0.0,0.0,0.0,0.0,0.0,0.0	0,0,0,0,0,0,0,0,0,0,0,0,0,0,0	2,2,2,2,2,1,1,1,1,1,1,1,1,1,1	1/6,1/7,2/8,2/9,3/10,3/11,4/12,4/13,5/14,5/15	6/1/7,8/2/9,10/3/11,12/4/13,14/5/15	-	-	1,2,3,4,5,1,1,2,2,3,3,4,4,5,5
maceoff_water_1216	6,6,6,6,6,1,1,1,1,1,1,1,1,1,1	0.0,0.0,0.0,0.0,0.0,0.0,0.0,0.0,0.0,0.0,0.0,0.0,0.0,0.0,0.0	0,0,0,0,0,0,0,0,0,0,0,0,0,0,0	2,2,2,2,2,1,1,1,1,1,1,1,1,1,1	1/6,1/7,2/8,2/9,3/10,3/11,4/12,4/13,5/14,5/15	6/1/7,8/2/9,10/3/11,12/4/13,14/5/15	-	-	1,2,3,4,5,1,1,2,2,3,3,4,4,5,5
maceoff_water_1217	6,6,6,1,1,1,1,1,1	0.0,0.0,0.0,0.0,0.0,0.0,0.0,0.0,0.0	0,0,0,0,0,0,0,0,0	2,2,2,1,1,1,1,1,1	1/4,1/5,2/6,2/7,3/8,3/9	4/1/5,6/2/7,8/3/9	-	-	1,2,3,1,1,2,2,3,3
maceoff_water_1218	6,6,6,6,6,6,6,6,6,6,1,1,1,1,1,1,1,1,1,1,1,1,1,1,1,1,1,1,1,1	0.0,0.0,0.0,0.0,0.0,0.0,0.0,0.0,0.0,0.0,0.0,0.0,0.0,0.0,0.0,0.0,0.0,0.0,0.0,0.0,0.0,0.0,0.0,0.0,0.0,0.0,0.0,0.0,0.0,0.0	0,0,0,0,0,0,0,0,0,0,0,0,0,0,0,0,0,0,0,0,0,0,0,0,0,0,0,0,0,0	2,2,2,2,2,2,2,2,2,2,1,1,1,1,1,1,1,1,1,1,1,1,1,1,1,1,1,1,1,1	1/11,1/12,2/13,2/14,3/15,3/16,4/17,4/18,5/19,5/20,6/21,6/22,7/23,7/24,8/25,8/26,9/27,9/28,10/29,10/30	11/1/12,13/2/14,15/3/16,17/4/18,19/5/20,21/6/22,23/7/24,25/8/26,27/9/28,29/10/30	-	-	1,2,3,4,5,6,7,8,9,10,1,1,2,2,3,3,4,4,5,5,6,6,7,7,8,8,9,9,10,10
maceoff_water_1219	6,6,6,6,1,1,1,1,1,1,1,1	0.0,0.0,0.0,0.0,0.0,0.0,0.0,0.0,0.0,0.0,0.0,0.0	0,0,0,0,0,0,0,0,0,0,0,0	2,2,2,2,1,1,1,1,1,1,1,1	1/5,1/6,2/7,2/8,3/9,3/10,4/11,4/12	5/1/6,7/2/8,9/3/10,11/4/12	-	-	1,2,3,4,1,1,2,2,3,3,4,4
maceoff_water_1220	6,6,6,6,1,1,1,1,1,1,1,1	0.0,0.0,0.0,0.0,0.0,0.0,0.0,0.0,0.0,0.0,0.0,0.0	0,0,0,0,0,0,0,0,0,0,0,0	2,2,2,2,1,1,1,1,1,1,1,1	1/5,1/6,2/7,2/8,3/9,3/10,4/11,4/12	5/1/6,7/2/8,9/3/10,11/4/12	-	-	1,2,3,4,1,1,2,2,3,3,4,4
maceoff_water_1221	6,6,6,6,6,6,6,6,6,6,6,1,1,1,1,1,1,1,1,1,1,1,1,1,1,1,1,1,1,1,1,1,1	0.0,0.0,0.0,0.0,0.0,0.0,0.0,0.0,0.0,0.0,0.0,0.0,0.0,0.0,0.0,0.0,0.0,0.0,0.0,0.0,0.0,0.0,0.0,0.0,0.0,0.0,0.0,0.0,0.0,0.0,0.0,0.0,0.0	0,0,0,0,0,0,0,0,0,0,0,0,0,0,0,0,0,0,0,0,0,0,0,0,0,0,0,0,0,0,0,0,0	2,2,2,2,2,2,2,2,2,2,2,1,1,1,1,1,1,1,1,1,1,1,1,1,1,1,1,1,1,1,1,1,1	1/12,1/13,2/14,2/15,3/16,3/17,4/18,4/19,5/20,5/21,6/22,6/23,7/24,7/25,8/26,8/27,9/28,9/29,10/30,10/31,11/32,11/33	12/1/13,14/2/15,16/3/17,18/4/19,20/5/21,22/6/23,24/7/25,26/8/27,28/9/29,30/10/31,32/11/33	-	-	1,2,3,4,5,6,7,8,9,10,11,1,1,2,2,3,3,4,4,5,5,6,6,7,7,8,8,9,9,10,10,11,11
maceoff_water_1222	6,1,1	0.0,0.0,0.0	0,0,0	2,1,1	1/2,1/3	2/1/3	-	-	1,1,1
maceoff_water_1223	6,6,1,1,1,1	0.0,0.0,0.0,0.0,0.0,0.0	0,0,0,0,0,0	2,2,1,1,1,1	1/3,1/4,2/5,2/6	3/1/4,5/2/6	-	-	1,2,1,1,2,2
maceoff_water_1224	6,6,6,6,6,6,6,6,6,6,6,6,1,1,1,1,1,1,1,1,1,1,1,1,1,1,1,1,1,1,1,1,1,1,1,1	0.0,0.0,0.0,0.0,0.0,0.0,0.0,0.0,0.0,0.0,0.0,0.0,0.0,0.0,0.0,0.0,0.0,0.0,0.0,0.0,0.0,0.0,0.0,0.0,0.0,0.0,0.0,0.0,0.0,0.0,0.0,0.0,0.0,0.0,0.0,0.0	0,0,0,0,0,0,0,0,0,0,0,0,0,0,0,0,0,0,0,0,0,0,0,0,0,0,0,0,0,0,0,0,0,0,0,0	2,2,2,2,2,2,2,2,2,2,2,2,1,1,1,1,1,1,1,1,1,1,1,1,1,1,1,1,1,1,1,1,1,1,1,1	1/13,1/14,2/15,2/16,3/17,3/18,4/19,4/20,5/21,5/22,6/23,6/24,7/25,7/26,8/27,8/28,9/29,9/30,10/31,10/32,11/33,11/34,12/35,12/36	13/1/14,15/2/16,17/3/18,19/4/20,21/5/22,23/6/24,25/7/26,27/8/28,29/9/30,31/10/32,33/11/34,35/12/36	-	-	1,2,3,4,5,6,7,8,9,10,11,12,1,1,2,2,3,3,4,4,5,5,6,6,7,7,8,8,9,9,10,10,11,11,12,12
maceoff_water_1225	6,6,6,1,1,1,1,1,1	0.0,0.0,0.0,0.0,0.0,0.0,0.0,0.0,0.0	0,0,0,0,0,0,0,0,0	2,2,2,1,1,1,1,1,1	1/4,1/5,2/6,2/7,3/8,3/9	4/1/5,6/2/7,8/3/9	-	-	1,2,3,1,1,2,2,3,3
maceoff_water_1226	6,6,6,6,6,1,1,1,1,1,1,1,1,1,1	0.0,0.0,0.0,0.0,0.0,0.0,0.0,0.0,0.0,0.0,0.0,0.0,0.0,0.0,0.0	0,0,0,0,0,0,0,0,0,0,0,0,0,0,0	2,2,2,2,2,1,1,1,1,1,1,1,1,1,1	1/6,1/7,2/8,2/9,3/10,3/11,4/12,4/13,5/14,5/15	6/1/7,8/2/9,10/3/11,12/4/13,14/5/15	-	-	1,2,3,4,5,1,1,2,2,3,3,4,4,5,5
maceoff_water_1227	6,1,1	0.0,0.0,0.0	0,0,0	2,1,1	1/2,1/3	2/1/3	-	-	1,1,1
maceoff_water_1228	6,6,6,1,1,1,1,1,1	0.0,0.0,0.0,0.0,0.0,0.0,0.0,0.0,0.0	0,0,0,0,0,0,0,0,0	2,2,2,1,1,1,1,1,1	1/4,1/5,2/6,2/7,3/8,3/9	4/1/5,6/2/7,8/3/9	-	-	1,2,3,1,1,2,2,3,3
maceoff_water_1229	6,6,6,6,6,6,6,6,6,6,6,1,1,1,1,1,1,1,1,1,1,1,1,1,1,1,1,1,1,1,1,1,1	0.0,0.0,0.0,0.0,0.0,0.0,0.0,0.0,0.0,0.0,0.0,0.0,0.0,0.0,0.0,0.0,0.0,0.0,0.0,0.0,0.0,0.0,0.0,0.0,0.0,0.0,0.0,0.0,0.0,0.0,0.0,0.0,0.0	0,0,0,0,0,0,0,0,0,0,0,0,0,0,0,0,0,0,0,0,0,0,0,0,0,0,0,0,0,0,0,0,0	2,2,2,2,2,2,2,2,2,2,2,1,1,1,1,1,1,1,1,1,1,1,1,1,1,1,1,1,1,1,1,1,1	1/12,1/13,2/14,2/15,3/16,3/17,4/18,4/19,5/20,5/21,6/22,6/23,7/24,7/25,8/26,8/27,9/28,9/29,10/30,10/31,11/32,11/33	12/1/13,14/2/15,16/3/17,18/4/19,20/5/21,22/6/23,24/7/25,26/8/27,28/9/29,30/10/31,32/11/33	-	-	1,2,3,4,5,6,7,8,9,10,11,1,1,2,2,3,3,4,4,5,5,6,6,7,7,8,8,9,9,10,10,11,11
maceoff_water_1230	6,6,6,6,6,6,6,6,6,6,1,1,1,1,1,1,1,1,1,1,1,1,1,1,1,1,1,1,1,1	0.0,0.0,0.0,0.0,0.0,0.0,0.0,0.0,0.0,0.0,0.0,0.0,0.0,0.0,0.0,0.0,0.0,0.0,0.0,0.0,0.0,0.0,0.0,0.0,0.0,0.0,0.0,0.0,0.0,0.0	0,0,0,0,0,0,0,0,0,0,0,0,0,0,0,0,0,0,0,0,0,0,0,0,0,0,0,0,0,0	2,2,2,2,2,2,2,2,2,2,1,1,1,1,1,1,1,1,1,1,1,1,1,1,1,1,1,1,1,1	1/11,1/12,2/13,2/14,3/15,3/16,4/17,4/18,5/19,5/20,6/21,6/22,7/23,7/24,8/25,8/26,9/27,9/28,10/29,10/30	11/1/12,13/2/14,15/3/16,17/4/18,19/5/20,21/6/22,23/7/24,25/8/26,27/9/28,29/10/30	-	-	1,2,3,4,5,6,7,8,9,10,1,1,2,2,3,3,4,4,5,5,6,6,7,7,8,8,9,9,10,10
maceoff_water_1231	6,6,1,1,1,1	0.0,0.0,0.0,0.0,0.0,0.0	0,0,0,0,0,0	2,2,1,1,1,1	1/3,1/4,2/5,2/6	3/1/4,5/2/6	-	-	1,2,1,1,2,2
maceoff_water_1232	6,6,1,1,1,1	0.0,0.0,0.0,0.0,0.0,0.0	0,0,0,0,0,0	2,2,1,1,1,1	1/3,1/4,2/5,2/6	3/1/4,5/2/6	-	-	1,2,1,1,2,2
maceoff_water_1233	6,6,6,6,1,1,1,1,1,1,1,1	0.0,0.0,0.0,0.0,0.0,0.0,0.0,0.0,0.0,0.0,0.0,0.0	0,0,0,0,0,0,0,0,0,0,0,0	2,2,2,2,1,1,1,1,1,1,1,1	1/5,1/6,2/7,2/8,3/9,3/10,4/11,4/12	5/1/6,7/2/8,9/3/10,11/4/12	-	-	1,2,3,4,1,1,2,2,3,3,4,4
maceoff_water_1234	6,6,6,6,6,6,6,6,6,6,6,1,1,1,1,1,1,1,1,1,1,1,1,1,1,1,1,1,1,1,1,1,1	0.0,0.0,0.0,0.0,0.0,0.0,0.0,0.0,0.0,0.0,0.0,0.0,0.0,0.0,0.0,0.0,0.0,0.0,0.0,0.0,0.0,0.0,0.0,0.0,0.0,0.0,0.0,0.0,0.0,0.0,0.0,0.0,0.0	0,0,0,0,0,0,0,0,0,0,0,0,0,0,0,0,0,0,0,0,0,0,0,0,0,0,0,0,0,0,0,0,0	2,2,2,2,2,2,2,2,2,2,2,1,1,1,1,1,1,1,1,1,1,1,1,1,1,1,1,1,1,1,1,1,1	1/12,1/13,2/14,2/15,3/16,3/17,4/18,4/19,5/20,5/21,6/22,6/23,7/24,7/25,8/26,8/27,9/28,9/29,10/30,10/31,11/32,11/33	12/1/13,14/2/15,16/3/17,18/4/19,20/5/21,22/6/23,24/7/25,26/8/27,28/9/29,30/10/31,32/11/33	-	-	1,2,3,4,5,6,7,8,9,10,11,1,1,2,2,3,3,4,4,5,5,6,6,7,7,8,8,9,9,10,10,11,11
maceoff_water_1235	6,6,6,1,1,1,1,1,1	0.0,0.0,0.0,0.0,0.0,0.0,0.0,0.0,0.0	0,0,0,0,0,0,0,0,0	2,2,2,1,1,1,1,1,1	1/4,1/5,2/6,2/7,3/8,3/9	4/1/5,6/2/7,8/3/9	-	-	1,2,3,1,1,2,2,3,3
maceoff_water_1236	6,6,6,6,6,6,1,1,1,1,1,1,1,1,1,1,1,1	0.0,0.0,0.0,0.0,0.0,0.0,0.0,0.0,0.0,0.0,0.0,0.0,0.0,0.0,0.0,0.0,0.0,0.0	0,0,0,0,0,0,0,0,0,0,0,0,0,0,0,0,0,0	2,2,2,2,2,2,1,1,1,1,1,1,1,1,1,1,1,1	1/7,1/8,2/9,2/10,3/11,3/12,4/13,4/14,5/15,5/16,6/17,6/18	7/1/8,9/2/10,11/3/12,13/4/14,15/5/16,17/6/18	-	-	1,2,3,4,5,6,1,1,2,2,3,3,4,4,5,5,6,6
maceoff_water_1237	6,6,6,6,6,6,6,6,6,6,6,1,1,1,1,1,1,1,1,1,1,1,1,1,1,1,1,1,1,1,1,1,1	0.0,0.0,0.0,0.0,0.0,0.0,0.0,0.0,0.0,0.0,0.0,0.0,0.0,0.0,0.0,0.0,0.0,0.0,0.0,0.0,0.0,0.0,0.0,0.0,0.0,0.0,0.0,0.0,0.0,0.0,0.0,0.0,0.0	0,0,0,0,0,0,0,0,0,0,0,0,0,0,0,0,0,0,0,0,0,0,0,0,0,0,0,0,0,0,0,0,0	2,2,2,2,2,2,2,2,2,2,2,1,1,1,1,1,1,1,1,1,1,1,1,1,1,1,1,1,1,1,1,1,1	1/12,1/13,2/14,2/15,3/16,3/17,4/18,4/19,5/20,5/21,6/22,6/23,7/24,7/25,8/26,8/27,9/28,9/29,10/30,10/31,11/32,11/33	12/1/13,14/2/15,16/3/17,18/4/19,20/5/21,22/6/23,24/7/25,26/8/27,28/9/29,30/10/31,32/11/33	-	-	1,2,3,4,5,6,7,8,9,10,11,1,1,2,2,3,3,4,4,5,5,6,6,7,7,8,8,9,9,10,10,11,11
maceoff_water_1238	6,6,6,6,6,6,6,6,6,6,6,1,1,1,1,1,1,1,1,1,1,1,1,1,1,1,1,1,1,1,1,1,1	0.0,0.0,0.0,0.0,0.0,0.0,0.0,0.0,0.0,0.0,0.0,0.0,0.0,0.0,0.0,0.0,0.0,0.0,0.0,0.0,0.0,0.0,0.0,0.0,0.0,0.0,0.0,0.0,0.0,0.0,0.0,0.0,0.0	0,0,0,0,0,0,0,0,0,0,0,0,0,0,0,0,0,0,0,0,0,0,0,0,0,0,0,0,0,0,0,0,0	2,2,2,2,2,2,2,2,2,2,2,1,1,1,1,1,1,1,1,1,1,1,1,1,1,1,1,1,1,1,1,1,1	1/12,1/13,2/14,2/15,3/16,3/17,4/18,4/19,5/20,5/21,6/22,6/23,7/24,7/25,8/26,8/27,9/28,9/29,10/30,10/31,11/32,11/33	12/1/13,14/2/15,16/3/17,18/4/19,20/5/21,22/6/23,24/7/25,26/8/27,28/9/29,30/10/31,32/11/33	-	-	1,2,3,4,5,6,7,8,9,10,11,1,1,2,2,3,3,4,4,5,5,6,6,7,7,8,8,9,9,10,10,11,11
maceoff_water_1239	6,6,1,1,1,1	0.0,0.0,0.0,0.0,0.0,0.0	0,0,0,0,0,0	2,2,1,1,1,1	1/3,1/4,2/5,2/6	3/1/4,5/2/6	-	-	1,2,1,1,2,2
maceoff_water_1240	6,6,6,6,6,1,1,1,1,1,1,1,1,1,1	0.0,0.0,0.0,0.0,0.0,0.0,0.0,0.0,0.0,0.0,0.0,0.0,0.0,0.0,0.0	0,0,0,0,0,0,0,0,0,0,0,0,0,0,0	2,2,2,2,2,1,1,1,1,1,1,1,1,1,1	1/6,1/7,2/8,2/9,3/10,3/11,4/12,4/13,5/14,5/15	6/1/7,8/2/9,10/3/11,12/4/13,14/5/15	-	-	1,2,3,4,5,1,1,2,2,3,3,4,4,5,5
maceoff_water_1241	6,6,6,6,6,6,6,6,1,1,1,1,1,1,1,1,1,1,1,1,1,1,1,1	0.0,0.0,0.0,0.0,0.0,0.0,0.0,0.0,0.0,0.0,0.0,0.0,0.0,0.0,0.0,0.0,0.0,0.0,0.0,0.0,0.0,0.0,0.0,0.0	0,0,0,0,0,0,0,0,0,0,0,0,0,0,0,0,0,0,0,0,0,0,0,0	2,2,2,2,2,2,2,2,1,1,1,1,1,1,1,1,1,1,1,1,1,1,1,1	1/9,1/10,2/11,2/12,3/13,3/14,4/15,4/16,5/17,5/18,6/19,6/20,7/21,7/22,8/23,8/24	9/1/10,11/2/12,13/3/14,15/4/16,17/5/18,19/6/20,21/7/22,23/8/24	-	-	1,2,3,4,5,6,7,8,1,1,2,2,3,3,4,4,5,5,6,6,7,7,8,8
maceoff_water_1242	6,6,6,6,6,6,6,6,6,6,6,1,1,1,1,1,1,1,1,1,1,1,1,1,1,1,1,1,1,1,1,1,1	0.0,0.0,0.0,0.0,0.0,0.0,0.0,0.0,0.0,0.0,0.0,0.0,0.0,0.0,0.0,0.0,0.0,0.0,0.0,0.0,0.0,0.0,0.0,0.0,0.0,0.0,0.0,0.0,0.0,0.0,0.0,0.0,0.0	0,0,0,0,0,0,0,0,0,0,0,0,0,0,0,0,0,0,0,0,0,0,0,0,0,0,0,0,0,0,0,0,0	2,2,2,2,2,2,2,2,2,2,2,1,1,1,1,1,1,1,1,1,1,1,1,1,1,1,1,1,1,1,1,1,1	1/12,1/13,2/14,2/15,3/16,3/17,4/18,4/19,5/20,5/21,6/22,6/23,7/24,7/25,8/26,8/27,9/28,9/29,10/30,10/31,11/32,11/33	12/1/13,14/2/15,16/3/17,18/4/19,20/5/21,22/6/23,24/7/25,26/8/27,28/9/29,30/10/31,32/11/33	-	-	1,2,3,4,5,6,7,8,9,10,11,1,1,2,2,3,3,4,4,5,5,6,6,7,7,8,8,9,9,10,10,11,11
maceoff_water_1243	6,6,6,6,6,6,1,1,1,1,1,1,1,1,1,1,1,1	0.0,0.0,0.0,0.0,0.0,0.0,0.0,0.0,0.0,0.0,0.0,0.0,0.0,0.0,0.0,0.0,0.0,0.0	0,0,0,0,0,0,0,0,0,0,0,0,0,0,0,0,0,0	2,2,2,2,2,2,1,1,1,1,1,1,1,1,1,1,1,1	1/7,1/8,2/9,2/10,3/11,3/12,4/13,4/14,5/15,5/16,6/17,6/18	7/1/8,9/2/10,11/3/12,13/4/14,15/5/16,17/6/18	-	-	1,2,3,4,5,6,1,1,2,2,3,3,4,4,5,5,6,6
maceoff_water_1244	6,6,6,6,6,6,6,6,6,6,6,1,1,1,1,1,1,1,1,1,1,1,1,1,1,1,1,1,1,1,1,1,1	0.0,0.0,0.0,0.0,0.0,0.0,0.0,0.0,0.0,0.0,0.0,0.0,0.0,0.0,0.0,0.0,0.0,0.0,0.0,0.0,0.0,0.0,0.0,0.0,0.0,0.0,0.0,0.0,0.0,0.0,0.0,0.0,0.0	0,0,0,0,0,0,0,0,0,0,0,0,0,0,0,0,0,0,0,0,0,0,0,0,0,0,0,0,0,0,0,0,0	2,2,2,2,2,2,2,2,2,2,2,1,1,1,1,1,1,1,1,1,1,1,1,1,1,1,1,1,1,1,1,1,1	1/12,1/13,2/14,2/15,3/16,3/17,4/18,4/19,5/20,5/21,6/22,6/23,7/24,7/25,8/26,8/27,9/28,9/29,10/30,10/31,11/32,11/33	12/1/13,14/2/15,16/3/17,18/4/19,20/5/21,22/6/23,24/7/25,26/8/27,28/9/29,30/10/31,32/11/33	-	-	1,2,3,4,5,6,7,8,9,10,11,1,1,2,2,3,3,4,4,5,5,6,6,7,7,8,8,9,9,10,10,11,11
maceoff_water_1245	6,1,1	0.0,0.0,0.0	0,0,0	2,1,1	1/2,1/3	2/1/3	-	-	1,1,1
maceoff_water_1246	6,6,6,6,6,6,1,1,1,1,1,1,1,1,1,1,1,1	0.0,0.0,0.0,0.0,0.0,0.0,0.0,0.0,0.0,0.0,0.0,0.0,0.0,0.0,0.0,0.0,0.0,0.0	0,0,0,0,0,0,0,0,0,0,0,0,0,0,0,0,0,0	2,2,2,2,2,2,1,1,1,1,1,1,1,1,1,1,1,1	1/7,1/8,2/9,2/10,3/11,3/12,4/13,4/14,5/15,5/16,6/17,6/18	7/1/8,9/2/10,11/3/12,13/4/14,15/5/16,17/6/18	-	-	1,2,3,4,5,6,1,1,2,2,3,3,4,4,5,5,6,6
maceoff_water_1247	6,6,6,1,1,1,1,1,1	0.0,0.0,0.0,0.0,0.0,0.0,0.0,0.0,0.0	0,0,0,0,0,0,0,0,0	2,2,2,1,1,1,1,1,1	1/4,1/5,2/6,2/7,3/8,3/9	4/1/5,6/2/7,8/3/9	-	-	1,2,3,1,1,2,2,3,3
maceoff_water_1248	6,6,6,6,6,6,6,1,1,1,1,1,1,1,1,1,1,1,1,1,1	0.0,0.0,0.0,0.0,0.0,0.0,0.0,0.0,0.0,0.0,0.0,0.0,0.0,0.0,0.0,0.0,0.0,0.0,0.0,0.0,0.0	0,0,0,0,0,0,0,0,0,0,0,0,0,0,0,0,0,0,0,0,0	2,2,2,2,2,2,2,1,1,1,1,1,1,1,1,1,1,1,1,1,1	1/8,1/9,2/10,2/11,3/12,3/13,4/14,4/15,5/16,5/17,6/18,6/19,7/20,7/21	8/1/9,10/2/11,12/3/13,14/4/15,16/5/17,18/6/19,20/7/21	-	-	1,2,3,4,5,6,7,1,1,2,2,3,3,4,4,5,5,6,6,7,7
maceoff_water_1249	6,6,6,6,6,6,6,6,6,6,6,6,1,1,1,1,1,1,1,1,1,1,1,1,1,1,1,1,1,1,1,1,1,1,1,1	0.0,0.0,0.0,0.0,0.0,0.0,0.0,0.0,0.0,0.0,0.0,0.0,0.0,0.0,0.0,0.0,0.0,0.0,0.0,0.0,0.0,0.0,0.0,0.0,0.0,0.0,0.0,0.0,0.0,0.0,0.0,0.0,0.0,0.0,0.0,0.0	0,0,0,0,0,0,0,0,0,0,0,0,0,0,0,0,0,0,0,0,0,0,0,0,0,0,0,0,0,0,0,0,0,0,0,0	2,2,2,2,2,2,2,2,2,2,2,2,1,1,1,1,1,1,1,1,1,1,1,1,1,1,1,1,1,1,1,1,1,1,1,1	1/13,1/14,2/15,2/16,3/17,3/18,4/19,4/20,5/21,5/22,6/23,6/24,7/25,7/26,8/27,8/28,9/29,9/30,10/31,10/32,11/33,11/34,12/35,12/36	13/1/14,15/2/16,17/3/18,19/4/20,21/5/22,23/6/24,25/7/26,27/8/28,29/9/30,31/10/32,33/11/34,35/12/36	-	-	1,2,3,4,5,6,7,8,9,10,11,12,1,1,2,2,3,3,4,4,5,5,6,6,7,7,8,8,9,9,10,10,11,11,12,12
maceoff_water_1250	6,6,6,6,1,1,1,1,1,1,1,1	0.0,0.0,0.0,0.0,0.0,0.0,0.0,0.0,0.0,0.0,0.0,0.0	0,0,0,0,0,0,0,0,0,0,0,0	2,2,2,2,1,1,1,1,1,1,1,1	1/5,1/6,2/7,2/8,3/9,3/10,4/11,4/12	5/1/6,7/2/8,9/3/10,11/4/12	-	-	1,2,3,4,1,1,2,2,3,3,4,4
maceoff_water_1251	6,6,6,6,6,6,1,1,1,1,1,1,1,1,1,1,1,1	0.0,0.0,0.0,0.0,0.0,0.0,0.0,0.0,0.0,0.0,0.0,0.0,0.0,0.0,0.0,0.0,0.0,0.0	0,0,0,0,0,0,0,0,0,0,0,0,0,0,0,0,0,0	2,2,2,2,2,2,1,1,1,1,1,1,1,1,1,1,1,1	1/7,1/8,2/9,2/10,3/11,3/12,4/13,4/14,5/15,5/16,6/17,6/18	7/1/8,9/2/10,11/3/12,13/4/14,15/5/16,17/6/18	-	-	1,2,3,4,5,6,1,1,2,2,3,3,4,4,5,5,6,6
maceoff_water_1252	6,6,6,6,6,6,6,6,6,6,1,1,1,1,1,1,1,1,1,1,1,1,1,1,1,1,1,1,1,1	0.0,0.0,0.0,0.0,0.0,0.0,0.0,0.0,0.0,0.0,0.0,0.0,0.0,0.0,0.0,0.0,0.0,0.0,0.0,0.0,0.0,0.0,0.0,0.0,0.0,0.0,0.0,0.0,0.0,0.0	0,0,0,0,0,0,0,0,0,0,0,0,0,0,0,0,0,0,0,0,0,0,0,0,0,0,0,0,0,0	2,2,2,2,2,2,2,2,2,2,1,1,1,1,1,1,1,1,1,1,1,1,1,1,1,1,1,1,1,1	1/11,1/12,2/13,2/14,3/15,3/16,4/17,4/18,5/19,5/20,6/21,6/22,7/23,7/24,8/25,8/26,9/27,9/28,10/29,10/30	11/1/12,13/2/14,15/3/16,17/4/18,19/5/20,21/6/22,23/7/24,25/8/26,27/9/28,29/10/30	-	-	1,2,3,4,5,6,7,8,9,10,1,1,2,2,3,3,4,4,5,5,6,6,7,7,8,8,9,9,10,10
maceoff_water_1253	6,6,6,6,6,6,6,6,6,6,1,1,1,1,1,1,1,1,1,1,1,1,1,1,1,1,1,1,1,1	0.0,0.0,0.0,0.0,0.0,0.0,0.0,0.0,0.0,0.0,0.0,0.0,0.0,0.0,0.0,0.0,0.0,0.0,0.0,0.0,0.0,0.0,0.0,0.0,0.0,0.0,0.0,0.0,0.0,0.0	0,0,0,0,0,0,0,0,0,0,0,0,0,0,0,0,0,0,0,0,0,0,0,0,0,0,0,0,0,0	2,2,2,2,2,2,2,2,2,2,1,1,1,1,1,1,1,1,1,1,1,1,1,1,1,1,1,1,1,1	1/11,1/12,2/13,2/14,3/15,3/16,4/17,4/18,5/19,5/20,6/21,6/22,7/23,7/24,8/25,8/26,9/27,9/28,10/29,10/30	11/1/12,13/2/14,15/3/16,17/4/18,19/5/20,21/6/22,23/7/24,25/8/26,27/9/28,29/10/30	-	-	1,2,3,4,5,6,7,8,9,10,1,1,2,2,3,3,4,4,5,5,6,6,7,7,8,8,9,9,10,10
maceoff_water_1254	6,6,6,6,6,6,6,6,6,6,1,1,1,1,1,1,1,1,1,1,1,1,1,1,1,1,1,1,1,1	0.0,0.0,0.0,0.0,0.0,0.0,0.0,0.0,0.0,0.0,0.0,0.0,0.0,0.0,0.0,0.0,0.0,0.0,0.0,0.0,0.0,0.0,0.0,0.0,0.0,0.0,0.0,0.0,0.0,0.0	0,0,0,0,0,0,0,0,0,0,0,0,0,0,0,0,0,0,0,0,0,0,0,0,0,0,0,0,0,0	2,2,2,2,2,2,2,2,2,2,1,1,1,1,1,1,1,1,1,1,1,1,1,1,1,1,1,1,1,1	1/11,1/12,2/13,2/14,3/15,3/16,4/17,4/18,5/19,5/20,6/21,6/22,7/23,7/24,8/25,8/26,9/27,9/28,10/29,10/30	11/1/12,13/2/14,15/3/16,17/4/18,19/5/20,21/6/22,23/7/24,25/8/26,27/9/28,29/10/30	-	-	1,2,3,4,5,6,7,8,9,10,1,1,2,2,3,3,4,4,5,5,6,6,7,7,8,8,9,9,10,10
maceoff_water_1255	6,6,6,6,6,6,6,6,6,6,6,6,6,6,6,6,6,6,6,6,6,6,6,6,6,6,6,6,6,6,6,6,6,6,6,6,6,6,6,6,6,6,6,6,6,6,6,6,6,6,1,1,1,1,1,1,1,1,1,1,1,1,1,1,1,1,1,1,1,1,1,1,1,1,1,1,1,1,1,1,1,1,1,1,1,1,1,1,1,1,1,1,1,1,1,1,1,1,1,1,1,1,1,1,1,1,1,1,1,1,1,1,1,1,1,1,1,1,1,1,1,1,1,1,1,1,1,1,1,1,1,1,1,1,1,1,1,1,1,1,1,1,1,1,1,1,1,1,1,1	0.0,0.0,0.0,0.0,0.0,0.0,0.0,0.0,0.0,0.0,0.0,0.0,0.0,0.0,0.0,0.0,0.0,0.0,0.0,0.0,0.0,0.0,0.0,0.0,0.0,0.0,0.0,0.0,0.0,0.0,0.0,0.0,0.0,0.0,0.0,0.0,0.0,0.0,0.0,0.0,0.0,0.0,0.0,0.0,0.0,0.0,0.0,0.0,0.0,0.0,0.0,0.0,0.0,0.0,0.0,0.0,0.0,0.0,0.0,0.0,0.0,0.0,0.0,0.0,0.0,0.0,0.0,0.0,0.0,0.0,0.0,0.0,0.0,0.0,0.0,0.0,0.0,0.0,0.0,0.0,0.0,0.0,0.0,0.0,0.0,0.0,0.0,0.0,0.0,0.0,0.0,0.0,0.0,0.0,0.0,0.0,0.0,0.0,0.0,0.0,0.0,0.0,0.0,0.0,0.0,0.0,0.0,0.0,0.0,0.0,0.0,0.0,0.0,0.0,0.0,0.0,0.0,0.0,0.0,0.0,0.0,0.0,0.0,0.0,0.0,0.0,0.0,0.0,0.0,0.0,0.0,0.0,0.0,0.0,0.0,0.0,0.0,0.0,0.0,0.0,0.0,0.0,0.0,0.0,0.0,0.0,0.0,0.0,0.0,0.0	0,0,0,0,0,0,0,0,0,0,0,0,0,0,0,0,0,0,0,0,0,0,0,0,0,0,0,0,0,0,0,0,0,0,0,0,0,0,0,0,0,0,0,0,0,0,0,0,0,0,0,0,0,0,0,0,0,0,0,0,0,0,0,0,0,0,0,0,0,0,0,0,0,0,0,0,0,0,0,0,0,0,0,0,0,0,0,0,0,0,0,0,0,0,0,0,0,0,0,0,0,0,0,0,0,0,0,0,0,0,0,0,0,0,0,0,0,0,0,0,0,0,0,0,0,0,0,0,0,0,0,0,0,0,0,0,0,0,0,0,0,0,0,0,0,0,0,0,0,0	2,2,2,2,2,2,2,2,2,2,2,2,2,2,2,2,2,2,2,2,2,2,2,2,2,2,2,2,2,2,2,2,2,2,2,2,2,2,2,2,2,2,2,2,2,2,2,2,2,2,1,1,1,1,1,1,1,1,1,1,1,1,1,1,1,1,1,1,1,1,1,1,1,1,1,1,1,1,1,1,1,1,1,1,1,1,1,1,1,1,1,1,1,1,1,1,1,1,1,1,1,1,1,1,1,1,1,1,1,1,1,1,1,1,1,1,1,1,1,1,1,1,1,1,1,1,1,1,1,1,1,1,1,1,1,1,1,1,1,1,1,1,1,1,1,1,1,1,1,1	1/51,1/52,2/53,2/54,3/55,3/56,4/57,4/58,5/59,5/60,6/61,6/62,7/63,7/64,8/65,8/66,9/67,9/68,10/69,10/70,11/71,11/72,12/73,12/74,13/75,13/76,14/77,14/78,15/79,15/80,16/81,16/82,17/83,17/84,18/85,18/86,19/87,19/88,20/89,20/90,21/91,21/92,22/93,22/94,23/95,23/96,24/97,24/98,25/99,25/100,26/101,26/102,27/103,27/104,28/105,28/106,29/107,29/108,30/109,30/110,31/111,31/112,32/113,32/114,33/115,33/116,34/117,34/118,35/119,35/120,36/121,36/122,37/123,37/124,38/125,38/126,39/127,39/128,40/129,40/130,41/131,41/132,42/133,42/134,43/135,43/136,44/137,44/138,45/139,45/140,46/141,46/142,47/143,47/144,48/145,48/146,49/147,49/148,50/149,50/150	51/1/52,53/2/54,55/3/56,57/4/58,59/5/60,61/6/62,63/7/64,65/8/66,67/9/68,69/10/70,71/11/72,73/12/74,75/13/76,77/14/78,79/15/80,81/16/82,83/17/84,85/18/86,87/19/88,89/20/90,91/21/92,93/22/94,95/23/96,97/24/98,99/25/100,101/26/102,103/27/104,105/28/106,107/29/108,109/30/110,111/31/112,113/32/114,115/33/116,117/34/118,119/35/120,121/36/122,123/37/124,125/38/126,127/39/128,129/40/130,131/41/132,133/42/134,135/43/136,137/44/138,139/45/140,141/46/142,143/47/144,145/48/146,147/49/148,149/50/150	-	-	1,2,3,4,5,6,7,8,9,10,11,12,13,14,15,16,17,18,19,20,21,22,23,24,25,26,27,28,29,30,31,32,33,34,35,36,37,38,39,40,41,42,43,44,45,46,47,48,49,50,1,1,2,2,3,3,4,4,5,5,6,6,7,7,8,8,9,9,10,10,11,11,12,12,13,13,14,14,15,15,16,16,17,17,18,18,19,19,20,20,21,21,22,22,23,23,24,24,25,25,26,26,27,27,28,28,29,29,30,30,31,31,32,32,33,33,34,34,35,35,36,36,37,37,38,38,39,39,40,40,41,41,42,42,43,43,44,44,45,45,46,46,47,47,48,48,49,49,50,50
maceoff_water_1256	6,6,6,6,6,1,1,1,1,1,1,1,1,1,1	0.0,0.0,0.0,0.0,0.0,0.0,0.0,0.0,0.0,0.0,0.0,0.0,0.0,0.0,0.0	0,0,0,0,0,0,0,0,0,0,0,0,0,0,0	2,2,2,2,2,1,1,1,1,1,1,1,1,1,1	1/6,1/7,2/8,2/9,3/10,3/11,4/12,4/13,5/14,5/15	6/1/7,8/2/9,10/3/11,12/4/13,14/5/15	-	-	1,2,3,4,5,1,1,2,2,3,3,4,4,5,5
maceoff_water_1257	6,1,1	0.0,0.0,0.0	0,0,0	2,1,1	1/2,1/3	2/1/3	-	-	1,1,1
maceoff_water_1258	6,1,1	0.0,0.0,0.0	0,0,0	2,1,1	1/2,1/3	2/1/3	-	-	1,1,1
maceoff_water_1259	6,6,6,6,1,1,1,1,1,1,1,1	0.0,0.0,0.0,0.0,0.0,0.0,0.0,0.0,0.0,0.0,0.0,0.0	0,0,0,0,0,0,0,0,0,0,0,0	2,2,2,2,1,1,1,1,1,1,1,1	1/5,1/6,2/7,2/8,3/9,3/10,4/11,4/12	5/1/6,7/2/8,9/3/10,11/4/12	-	-	1,2,3,4,1,1,2,2,3,3,4,4
maceoff_water_1260	6,6,6,6,6,6,6,6,6,1,1,1,1,1,1,1,1,1,1,1,1,1,1,1,1,1,1	0.0,0.0,0.0,0.0,0.0,0.0,0.0,0.0,0.0,0.0,0.0,0.0,0.0,0.0,0.0,0.0,0.0,0.0,0.0,0.0,0.0,0.0,0.0,0.0,0.0,0.0,0.0	0,0,0,0,0,0,0,0,0,0,0,0,0,0,0,0,0,0,0,0,0,0,0,0,0,0,0	2,2,2,2,2,2,2,2,2,1,1,1,1,1,1,1,1,1,1,1,1,1,1,1,1,1,1	1/10,1/11,2/12,2/13,3/14,3/15,4/16,4/17,5/18,5/19,6/20,6/21,7/22,7/23,8/24,8/25,9/26,9/27	10/1/11,12/2/13,14/3/15,16/4/17,18/5/19,20/6/21,22/7/23,24/8/25,26/9/27	-	-	1,2,3,4,5,6,7,8,9,1,1,2,2,3,3,4,4,5,5,6,6,7,7,8,8,9,9
maceoff_water_1261	6,6,6,6,6,6,6,6,1,1,1,1,1,1,1,1,1,1,1,1,1,1,1,1	0.0,0.0,0.0,0.0,0.0,0.0,0.0,0.0,0.0,0.0,0.0,0.0,0.0,0.0,0.0,0.0,0.0,0.0,0.0,0.0,0.0,0.0,0.0,0.0	0,0,0,0,0,0,0,0,0,0,0,0,0,0,0,0,0,0,0,0,0,0,0,0	2,2,2,2,2,2,2,2,1,1,1,1,1,1,1,1,1,1,1,1,1,1,1,1	1/9,1/10,2/11,2/12,3/13,3/14,4/15,4/16,5/17,5/18,6/19,6/20,7/21,7/22,8/23,8/24	9/1/10,11/2/12,13/3/14,15/4/16,17/5/18,19/6/20,21/7/22,23/8/24	-	-	1,2,3,4,5,6,7,8,1,1,2,2,3,3,4,4,5,5,6,6,7,7,8,8
maceoff_water_1262	6,1,1	0.0,0.0,0.0	0,0,0	2,1,1	1/2,1/3	2/1/3	-	-	1,1,1
maceoff_water_1263	6,6,6,6,6,6,6,6,6,6,6,6,1,1,1,1,1,1,1,1,1,1,1,1,1,1,1,1,1,1,1,1,1,1,1,1	0.0,0.0,0.0,0.0,0.0,0.0,0.0,0.0,0.0,0.0,0.0,0.0,0.0,0.0,0.0,0.0,0.0,0.0,0.0,0.0,0.0,0.0,0.0,0.0,0.0,0.0,0.0,0.0,0.0,0.0,0.0,0.0,0.0,0.0,0.0,0.0	0,0,0,0,0,0,0,0,0,0,0,0,0,0,0,0,0,0,0,0,0,0,0,0,0,0,0,0,0,0,0,0,0,0,0,0	2,2,2,2,2,2,2,2,2,2,2,2,1,1,1,1,1,1,1,1,1,1,1,1,1,1,1,1,1,1,1,1,1,1,1,1	1/13,1/14,2/15,2/16,3/17,3/18,4/19,4/20,5/21,5/22,6/23,6/24,7/25,7/26,8/27,8/28,9/29,9/30,10/31,10/32,11/33,11/34,12/35,12/36	13/1/14,15/2/16,17/3/18,19/4/20,21/5/22,23/6/24,25/7/26,27/8/28,29/9/30,31/10/32,33/11/34,35/12/36	-	-	1,2,3,4,5,6,7,8,9,10,11,12,1,1,2,2,3,3,4,4,5,5,6,6,7,7,8,8,9,9,10,10,11,11,12,12
maceoff_water_1264	6,6,6,6,6,1,1,1,1,1,1,1,1,1,1	0.0,0.0,0.0,0.0,0.0,0.0,0.0,0.0,0.0,0.0,0.0,0.0,0.0,0.0,0.0	0,0,0,0,0,0,0,0,0,0,0,0,0,0,0	2,2,2,2,2,1,1,1,1,1,1,1,1,1,1	1/6,1/7,2/8,2/9,3/10,3/11,4/12,4/13,5/14,5/15	6/1/7,8/2/9,10/3/11,12/4/13,14/5/15	-	-	1,2,3,4,5,1,1,2,2,3,3,4,4,5,5
maceoff_water_1265	6,1,1	0.0,0.0,0.0	0,0,0	2,1,1	1/2,1/3	2/1/3	-	-	1,1,1
maceoff_water_1266	6,1,1	0.0,0.0,0.0	0,0,0	2,1,1	1/2,1/3	2/1/3	-	-	1,1,1
maceoff_water_1267	6,6,6,6,6,6,6,6,6,6,6,6,1,1,1,1,1,1,1,1,1,1,1,1,1,1,1,1,1,1,1,1,1,1,1,1	0.0,0.0,0.0,0.0,0.0,0.0,0.0,0.0,0.0,0.0,0.0,0.0,0.0,0.0,0.0,0.0,0.0,0.0,0.0,0.0,0.0,0.0,0.0,0.0,0.0,0.0,0.0,0.0,0.0,0.0,0.0,0.0,0.0,0.0,0.0,0.0	0,0,0,0,0,0,0,0,0,0,0,0,0,0,0,0,0,0,0,0,0,0,0,0,0,0,0,0,0,0,0,0,0,0,0,0	2,2,2,2,2,2,2,2,2,2,2,2,1,1,1,1,1,1,1,1,1,1,1,1,1,1,1,1,1,1,1,1,1,1,1,1	1/13,1/14,2/15,2/16,3/17,3/18,4/19,4/20,5/21,5/22,6/23,6/24,7/25,7/26,8/27,8/28,9/29,9/30,10/31,10/32,11/33,11/34,12/35,12/36	13/1/14,15/2/16,17/3/18,19/4/20,21/5/22,23/6/24,25/7/26,27/8/28,29/9/30,31/10/32,33/11/34,35/12/36	-	-	1,2,3,4,5,6,7,8,9,10,11,12,1,1,2,2,3,3,4,4,5,5,6,6,7,7,8,8,9,9,10,10,11,11,12,12
maceoff_water_1268	6,6,6,6,1,1,1,1,1,1,1,1	0.0,0.0,0.0,0.0,0.0,0.0,0.0,0.0,0.0,0.0,0.0,0.0	0,0,0,0,0,0,0,0,0,0,0,0	2,2,2,2,1,1,1,1,1,1,1,1	1/5,1/6,2/7,2/8,3/9,3/10,4/11,4/12	5/1/6,7/2/8,9/3/10,11/4/12	-	-	1,2,3,4,1,1,2,2,3,3,4,4
maceoff_water_1269	6,6,6,1,1,1,1,1,1	0.0,0.0,0.0,0.0,0.0,0.0,0.0,0.0,0.0	0,0,0,0,0,0,0,0,0	2,2,2,1,1,1,1,1,1	1/4,1/5,2/6,2/7,3/8,3/9	4/1/5,6/2/7,8/3/9	-	-	1,2,3,1,1,2,2,3,3
maceoff_water_1270	6,6,1,1,1,1	0.0,0.0,0.0,0.0,0.0,0.0	0,0,0,0,0,0	2,2,1,1,1,1	1/3,1/4,2/5,2/6	3/1/4,5/2/6	-	-	1,2,1,1,2,2
maceoff_water_1271	6,6,6,6,6,6,6,6,6,6,6,6,6,6,6,6,6,6,6,6,6,6,6,6,6,1,1,1,1,1,1,1,1,1,1,1,1,1,1,1,1,1,1,1,1,1,1,1,1,1,1,1,1,1,1,1,1,1,1,1,1,1,1,1,1,1,1,1,1,1,1,1,1,1,1	0.0,0.0,0.0,0.0,0.0,0.0,0.0,0.0,0.0,0.0,0.0,0.0,0.0,0.0,0.0,0.0,0.0,0.0,0.0,0.0,0.0,0.0,0.0,0.0,0.0,0.0,0.0,0.0,0.0,0.0,0.0,0.0,0.0,0.0,0.0,0.0,0.0,0.0,0.0,0.0,0.0,0.0,0.0,0.0,0.0,0.0,0.0,0.0,0.0,0.0,0.0,0.0,0.0,0.0,0.0,0.0,0.0,0.0,0.0,0.0,0.0,0.0,0.0,0.0,0.0,0.0,0.0,0.0,0.0,0.0,0.0,0.0,0.0,0.0,0.0	0,0,0,0,0,0,0,0,0,0,0,0,0,0,0,0,0,0,0,0,0,0,0,0,0,0,0,0,0,0,0,0,0,0,0,0,0,0,0,0,0,0,0,0,0,0,0,0,0,0,0,0,0,0,0,0,0,0,0,0,0,0,0,0,0,0,0,0,0,0,0,0,0,0,0	2,2,2,2,2,2,2,2,2,2,2,2,2,2,2,2,2,2,2,2,2,2,2,2,2,1,1,1,1,1,1,1,1,1,1,1,1,1,1,1,1,1,1,1,1,1,1,1,1,1,1,1,1,1,1,1,1,1,1,1,1,1,1,1,1,1,1,1,1,1,1,1,1,1,1	1/26,1/27,2/28,2/29,3/30,3/31,4/32,4/33,5/34,5/35,6/36,6/37,7/38,7/39,8/40,8/41,9/42,9/43,10/44,10/45,11/46,11/47,12/48,12/49,13/50,13/51,14/52,14/53,15/54,15/55,16/56,16/57,17/58,17/59,18/60,18/61,19/62,19/63,20/64,20/65,21/66,21/67,22/68,22/69,23/70,23/71,24/72,24/73,25/74,25/75	26/1/27,28/2/29,30/3/31,32/4/33,34/5/35,36/6/37,38/7/39,40/8/41,42/9/43,44/10/45,46/11/47,48/12/49,50/13/51,52/14/53,54/15/55,56/16/57,58/17/59,60/18/61,62/19/63,64/20/65,66/21/67,68/22/69,70/23/71,72/24/73,74/25/75	-	-	1,2,3,4,5,6,7,8,9,10,11,12,13,14,15,16,17,18,19,20,21,22,23,24,25,1,1,2,2,3,3,4,4,5,5,6,6,7,7,8,8,9,9,10,10,11,11,12,12,13,13,14,14,15,15,16,16,17,17,18,18,19,19,20,20,21,21,22,22,23,23,24,24,25,25
maceoff_water_1272	6,6,1,1,1,1	0.0,0.0,0.0,0.0,0.0,0.0	0,0,0,0,0,0	2,2,1,1,1,1	1/3,1/4,2/5,2/6	3/1/4,5/2/6	-	-	1,2,1,1,2,2
maceoff_water_1273	6,6,6,6,6,6,1,1,1,1,1,1,1,1,1,1,1,1	0.0,0.0,0.0,0.0,0.0,0.0,0.0,0.0,0.0,0.0,0.0,0.0,0.0,0.0,0.0,0.0,0.0,0.0	0,0,0,0,0,0,0,0,0,0,0,0,0,0,0,0,0,0	2,2,2,2,2,2,1,1,1,1,1,1,1,1,1,1,1,1	1/7,1/8,2/9,2/10,3/11,3/12,4/13,4/14,5/15,5/16,6/17,6/18	7/1/8,9/2/10,11/3/12,13/4/14,15/5/16,17/6/18	-	-	1,2,3,4,5,6,1,1,2,2,3,3,4,4,5,5,6,6
maceoff_water_1274	6,1,1	0.0,0.0,0.0	0,0,0	2,1,1	1/2,1/3	2/1/3	-	-	1,1,1
maceoff_water_1275	6,6,6,6,6,6,6,6,1,1,1,1,1,1,1,1,1,1,1,1,1,1,1,1	0.0,0.0,0.0,0.0,0.0,0.0,0.0,0.0,0.0,0.0,0.0,0.0,0.0,0.0,0.0,0.0,0.0,0.0,0.0,0.0,0.0,0.0,0.0,0.0	0,0,0,0,0,0,0,0,0,0,0,0,0,0,0,0,0,0,0,0,0,0,0,0	2,2,2,2,2,2,2,2,1,1,1,1,1,1,1,1,1,1,1,1,1,1,1,1	1/9,1/10,2/11,2/12,3/13,3/14,4/15,4/16,5/17,5/18,6/19,6/20,7/21,7/22,8/23,8/24	9/1/10,11/2/12,13/3/14,15/4/16,17/5/18,19/6/20,21/7/22,23/8/24	-	-	1,2,3,4,5,6,7,8,1,1,2,2,3,3,4,4,5,5,6,6,7,7,8,8
maceoff_water_1276	6,6,6,1,1,1,1,1,1	0.0,0.0,0.0,0.0,0.0,0.0,0.0,0.0,0.0	0,0,0,0,0,0,0,0,0	2,2,2,1,1,1,1,1,1	1/4,1/5,2/6,2/7,3/8,3/9	4/1/5,6/2/7,8/3/9	-	-	1,2,3,1,1,2,2,3,3
maceoff_water_1277	6,6,6,6,6,6,6,6,6,6,1,1,1,1,1,1,1,1,1,1,1,1,1,1,1,1,1,1,1,1	0.0,0.0,0.0,0.0,0.0,0.0,0.0,0.0,0.0,0.0,0.0,0.0,0.0,0.0,0.0,0.0,0.0,0.0,0.0,0.0,0.0,0.0,0.0,0.0,0.0,0.0,0.0,0.0,0.0,0.0	0,0,0,0,0,0,0,0,0,0,0,0,0,0,0,0,0,0,0,0,0,0,0,0,0,0,0,0,0,0	2,2,2,2,2,2,2,2,2,2,1,1,1,1,1,1,1,1,1,1,1,1,1,1,1,1,1,1,1,1	1/11,1/12,2/13,2/14,3/15,3/16,4/17,4/18,5/19,5/20,6/21,6/22,7/23,7/24,8/25,8/26,9/27,9/28,10/29,10/30	11/1/12,13/2/14,15/3/16,17/4/18,19/5/20,21/6/22,23/7/24,25/8/26,27/9/28,29/10/30	-	-	1,2,3,4,5,6,7,8,9,10,1,1,2,2,3,3,4,4,5,5,6,6,7,7,8,8,9,9,10,10
maceoff_water_1278	6,6,6,6,6,6,6,1,1,1,1,1,1,1,1,1,1,1,1,1,1	0.0,0.0,0.0,0.0,0.0,0.0,0.0,0.0,0.0,0.0,0.0,0.0,0.0,0.0,0.0,0.0,0.0,0.0,0.0,0.0,0.0	0,0,0,0,0,0,0,0,0,0,0,0,0,0,0,0,0,0,0,0,0	2,2,2,2,2,2,2,1,1,1,1,1,1,1,1,1,1,1,1,1,1	1/8,1/9,2/10,2/11,3/12,3/13,4/14,4/15,5/16,5/17,6/18,6/19,7/20,7/21	8/1/9,10/2/11,12/3/13,14/4/15,16/5/17,18/6/19,20/7/21	-	-	1,2,3,4,5,6,7,1,1,2,2,3,3,4,4,5,5,6,6,7,7
maceoff_water_1279	6,6,6,1,1,1,1,1,1	0.0,0.0,0.0,0.0,0.0,0.0,0.0,0.0,0.0	0,0,0,0,0,0,0,0,0	2,2,2,1,1,1,1,1,1	1/4,1/5,2/6,2/7,3/8,3/9	4/1/5,6/2/7,8/3/9	-	-	1,2,3,1,1,2,2,3,3
maceoff_water_1280	6,6,6,6,6,6,6,6,6,1,1,1,1,1,1,1,1,1,1,1,1,1,1,1,1,1,1	0.0,0.0,0.0,0.0,0.0,0.0,0.0,0.0,0.0,0.0,0.0,0.0,0.0,0.0,0.0,0.0,0.0,0.0,0.0,0.0,0.0,0.0,0.0,0.0,0.0,0.0,0.0	0,0,0,0,0,0,0,0,0,0,0,0,0,0,0,0,0,0,0,0,0,0,0,0,0,0,0	2,2,2,2,2,2,2,2,2,1,1,1,1,1,1,1,1,1,1,1,1,1,1,1,1,1,1	1/10,1/11,2/12,2/13,3/14,3/15,4/16,4/17,5/18,5/19,6/20,6/21,7/22,7/23,8/24,8/25,9/26,9/27	10/1/11,12/2/13,14/3/15,16/4/17,18/5/19,20/6/21,22/7/23,24/8/25,26/9/27	-	-	1,2,3,4,5,6,7,8,9,1,1,2,2,3,3,4,4,5,5,6,6,7,7,8,8,9,9
maceoff_water_1281	6,1,1	0.0,0.0,0.0	0,0,0	2,1,1	1/2,1/3	2/1/3	-	-	1,1,1
maceoff_water_1282	6,6,1,1,1,1	0.0,0.0,0.0,0.0,0.0,0.0	0,0,0,0,0,0	2,2,1,1,1,1	1/3,1/4,2/5,2/6	3/1/4,5/2/6	-	-	1,2,1,1,2,2
maceoff_water_1283	6,6,6,6,6,6,6,6,6,6,6,6,1,1,1,1,1,1,1,1,1,1,1,1,1,1,1,1,1,1,1,1,1,1,1,1	0.0,0.0,0.0,0.0,0.0,0.0,0.0,0.0,0.0,0.0,0.0,0.0,0.0,0.0,0.0,0.0,0.0,0.0,0.0,0.0,0.0,0.0,0.0,0.0,0.0,0.0,0.0,0.0,0.0,0.0,0.0,0.0,0.0,0.0,0.0,0.0	0,0,0,0,0,0,0,0,0,0,0,0,0,0,0,0,0,0,0,0,0,0,0,0,0,0,0,0,0,0,0,0,0,0,0,0	2,2,2,2,2,2,2,2,2,2,2,2,1,1,1,1,1,1,1,1,1,1,1,1,1,1,1,1,1,1,1,1,1,1,1,1	1/13,1/14,2/15,2/16,3/17,3/18,4/19,4/20,5/21,5/22,6/23,6/24,7/25,7/26,8/27,8/28,9/29,9/30,10/31,10/32,11/33,11/34,12/35,12/36	13/1/14,15/2/16,17/3/18,19/4/20,21/5/22,23/6/24,25/7/26,27/8/28,29/9/30,31/10/32,33/11/34,35/12/36	-	-	1,2,3,4,5,6,7,8,9,10,11,12,1,1,2,2,3,3,4,4,5,5,6,6,7,7,8,8,9,9,10,10,11,11,12,12
maceoff_water_1284	6,6,6,6,6,6,6,6,6,1,1,1,1,1,1,1,1,1,1,1,1,1,1,1,1,1,1	0.0,0.0,0.0,0.0,0.0,0.0,0.0,0.0,0.0,0.0,0.0,0.0,0.0,0.0,0.0,0.0,0.0,0.0,0.0,0.0,0.0,0.0,0.0,0.0,0.0,0.0,0.0	0,0,0,0,0,0,0,0,0,0,0,0,0,0,0,0,0,0,0,0,0,0,0,0,0,0,0	2,2,2,2,2,2,2,2,2,1,1,1,1,1,1,1,1,1,1,1,1,1,1,1,1,1,1	1/10,1/11,2/12,2/13,3/14,3/15,4/16,4/17,5/18,5/19,6/20,6/21,7/22,7/23,8/24,8/25,9/26,9/27	10/1/11,12/2/13,14/3/15,16/4/17,18/5/19,20/6/21,22/7/23,24/8/25,26/9/27	-	-	1,2,3,4,5,6,7,8,9,1,1,2,2,3,3,4,4,5,5,6,6,7,7,8,8,9,9
maceoff_water_1285	6,6,6,6,1,1,1,1,1,1,1,1	0.0,0.0,0.0,0.0,0.0,0.0,0.0,0.0,0.0,0.0,0.0,0.0	0,0,0,0,0,0,0,0,0,0,0,0	2,2,2,2,1,1,1,1,1,1,1,1	1/5,1/6,2/7,2/8,3/9,3/10,4/11,4/12	5/1/6,7/2/8,9/3/10,11/4/12	-	-	1,2,3,4,1,1,2,2,3,3,4,4
maceoff_water_1286	6,6,6,6,6,6,6,6,1,1,1,1,1,1,1,1,1,1,1,1,1,1,1,1	0.0,0.0,0.0,0.0,0.0,0.0,0.0,0.0,0.0,0.0,0.0,0.0,0.0,0.0,0.0,0.0,0.0,0.0,0.0,0.0,0.0,0.0,0.0,0.0	0,0,0,0,0,0,0,0,0,0,0,0,0,0,0,0,0,0,0,0,0,0,0,0	2,2,2,2,2,2,2,2,1,1,1,1,1,1,1,1,1,1,1,1,1,1,1,1	1/9,1/10,2/11,2/12,3/13,3/14,4/15,4/16,5/17,5/18,6/19,6/20,7/21,7/22,8/23,8/24	9/1/10,11/2/12,13/3/14,15/4/16,17/5/18,19/6/20,21/7/22,23/8/24	-	-	1,2,3,4,5,6,7,8,1,1,2,2,3,3,4,4,5,5,6,6,7,7,8,8
maceoff_water_1287	6,6,6,6,6,6,6,6,1,1,1,1,1,1,1,1,1,1,1,1,1,1,1,1	0.0,0.0,0.0,0.0,0.0,0.0,0.0,0.0,0.0,0.0,0.0,0.0,0.0,0.0,0.0,0.0,0.0,0.0,0.0,0.0,0.0,0.0,0.0,0.0	0,0,0,0,0,0,0,0,0,0,0,0,0,0,0,0,0,0,0,0,0,0,0,0	2,2,2,2,2,2,2,2,1,1,1,1,1,1,1,1,1,1,1,1,1,1,1,1	1/9,1/10,2/11,2/12,3/13,3/14,4/15,4/16,5/17,5/18,6/19,6/20,7/21,7/22,8/23,8/24	9/1/10,11/2/12,13/3/14,15/4/16,17/5/18,19/6/20,21/7/22,23/8/24	-	-	1,2,3,4,5,6,7,8,1,1,2,2,3,3,4,4,5,5,6,6,7,7,8,8
maceoff_water_1288	6,6,6,6,1,1,1,1,1,1,1,1	0.0,0.0,0.0,0.0,0.0,0.0,0.0,0.0,0.0,0.0,0.0,0.0	0,0,0,0,0,0,0,0,0,0,0,0	2,2,2,2,1,1,1,1,1,1,1,1	1/5,1/6,2/7,2/8,3/9,3/10,4/11,4/12	5/1/6,7/2/8,9/3/10,11/4/12	-	-	1,2,3,4,1,1,2,2,3,3,4,4
maceoff_water_1289	6,6,6,1,1,1,1,1,1	0.0,0.0,0.0,0.0,0.0,0.0,0.0,0.0,0.0	0,0,0,0,0,0,0,0,0	2,2,2,1,1,1,1,1,1	1/4,1/5,2/6,2/7,3/8,3/9	4/1/5,6/2/7,8/3/9	-	-	1,2,3,1,1,2,2,3,3
maceoff_water_1290	6,6,6,6,6,6,6,6,1,1,1,1,1,1,1,1,1,1,1,1,1,1,1,1	0.0,0.0,0.0,0.0,0.0,0.0,0.0,0.0,0.0,0.0,0.0,0.0,0.0,0.0,0.0,0.0,0.0,0.0,0.0,0.0,0.0,0.0,0.0,0.0	0,0,0,0,0,0,0,0,0,0,0,0,0,0,0,0,0,0,0,0,0,0,0,0	2,2,2,2,2,2,2,2,1,1,1,1,1,1,1,1,1,1,1,1,1,1,1,1	1/9,1/10,2/11,2/12,3/13,3/14,4/15,4/16,5/17,5/18,6/19,6/20,7/21,7/22,8/23,8/24	9/1/10,11/2/12,13/3/14,15/4/16,17/5/18,19/6/20,21/7/22,23/8/24	-	-	1,2,3,4,5,6,7,8,1,1,2,2,3,3,4,4,5,5,6,6,7,7,8,8
maceoff_water_1291	6,6,1,1,1,1	0.0,0.0,0.0,0.0,0.0,0.0	0,0,0,0,0,0	2,2,1,1,1,1	1/3,1/4,2/5,2/6	3/1/4,5/2/6	-	-	1,2,1,1,2,2
maceoff_water_1292	6,6,6,6,6,6,6,6,6,6,1,1,1,1,1,1,1,1,1,1,1,1,1,1,1,1,1,1,1,1	0.0,0.0,0.0,0.0,0.0,0.0,0.0,0.0,0.0,0.0,0.0,0.0,0.0,0.0,0.0,0.0,0.0,0.0,0.0,0.0,0.0,0.0,0.0,0.0,0.0,0.0,0.0,0.0,0.0,0.0	0,0,0,0,0,0,0,0,0,0,0,0,0,0,0,0,0,0,0,0,0,0,0,0,0,0,0,0,0,0	2,2,2,2,2,2,2,2,2,2,1,1,1,1,1,1,1,1,1,1,1,1,1,1,1,1,1,1,1,1	1/11,1/12,2/13,2/14,3/15,3/16,4/17,4/18,5/19,5/20,6/21,6/22,7/23,7/24,8/25,8/26,9/27,9/28,10/29,10/30	11/1/12,13/2/14,15/3/16,17/4/18,19/5/20,21/6/22,23/7/24,25/8/26,27/9/28,29/10/30	-	-	1,2,3,4,5,6,7,8,9,10,1,1,2,2,3,3,4,4,5,5,6,6,7,7,8,8,9,9,10,10
maceoff_water_1293	6,6,6,6,1,1,1,1,1,1,1,1	0.0,0.0,0.0,0.0,0.0,0.0,0.0,0.0,0.0,0.0,0.0,0.0	0,0,0,0,0,0,0,0,0,0,0,0	2,2,2,2,1,1,1,1,1,1,1,1	1/5,1/6,2/7,2/8,3/9,3/10,4/11,4/12	5/1/6,7/2/8,9/3/10,11/4/12	-	-	1,2,3,4,1,1,2,2,3,3,4,4
maceoff_water_1294	6,6,1,1,1,1	0.0,0.0,0.0,0.0,0.0,0.0	0,0,0,0,0,0	2,2,1,1,1,1	1/3,1/4,2/5,2/6	3/1/4,5/2/6	-	-	1,2,1,1,2,2
maceoff_water_1295	6,6,6,6,6,6,6,6,6,6,6,6,1,1,1,1,1,1,1,1,1,1,1,1,1,1,1,1,1,1,1,1,1,1,1,1	0.0,0.0,0.0,0.0,0.0,0.0,0.0,0.0,0.0,0.0,0.0,0.0,0.0,0.0,0.0,0.0,0.0,0.0,0.0,0.0,0.0,0.0,0.0,0.0,0.0,0.0,0.0,0.0,0.0,0.0,0.0,0.0,0.0,0.0,0.0,0.0	0,0,0,0,0,0,0,0,0,0,0,0,0,0,0,0,0,0,0,0,0,0,0,0,0,0,0,0,0,0,0,0,0,0,0,0	2,2,2,2,2,2,2,2,2,2,2,2,1,1,1,1,1,1,1,1,1,1,1,1,1,1,1,1,1,1,1,1,1,1,1,1	1/13,1/14,2/15,2/16,3/17,3/18,4/19,4/20,5/21,5/22,6/23,6/24,7/25,7/26,8/27,8/28,9/29,9/30,10/31,10/32,11/33,11/34,12/35,12/36	13/1/14,15/2/16,17/3/18,19/4/20,21/5/22,23/6/24,25/7/26,27/8/28,29/9/30,31/10/32,33/11/34,35/12/36	-	-	1,2,3,4,5,6,7,8,9,10,11,12,1,1,2,2,3,3,4,4,5,5,6,6,7,7,8,8,9,9,10,10,11,11,12,12
maceoff_water_1296	6,6,6,6,6,6,6,1,1,1,1,1,1,1,1,1,1,1,1,1,1	0.0,0.0,0.0,0.0,0.0,0.0,0.0,0.0,0.0,0.0,0.0,0.0,0.0,0.0,0.0,0.0,0.0,0.0,0.0,0.0,0.0	0,0,0,0,0,0,0,0,0,0,0,0,0,0,0,0,0,0,0,0,0	2,2,2,2,2,2,2,1,1,1,1,1,1,1,1,1,1,1,1,1,1	1/8,1/9,2/10,2/11,3/12,3/13,4/14,4/15,5/16,5/17,6/18,6/19,7/20,7/21	8/1/9,10/2/11,12/3/13,14/4/15,16/5/17,18/6/19,20/7/21	-	-	1,2,3,4,5,6,7,1,1,2,2,3,3,4,4,5,5,6,6,7,7
maceoff_water_1297	6,6,6,6,6,6,6,6,6,6,6,1,1,1,1,1,1,1,1,1,1,1,1,1,1,1,1,1,1,1,1,1,1	0.0,0.0,0.0,0.0,0.0,0.0,0.0,0.0,0.0,0.0,0.0,0.0,0.0,0.0,0.0,0.0,0.0,0.0,0.0,0.0,0.0,0.0,0.0,0.0,0.0,0.0,0.0,0.0,0.0,0.0,0.0,0.0,0.0	0,0,0,0,0,0,0,0,0,0,0,0,0,0,0,0,0,0,0,0,0,0,0,0,0,0,0,0,0,0,0,0,0	2,2,2,2,2,2,2,2,2,2,2,1,1,1,1,1,1,1,1,1,1,1,1,1,1,1,1,1,1,1,1,1,1	1/12,1/13,2/14,2/15,3/16,3/17,4/18,4/19,5/20,5/21,6/22,6/23,7/24,7/25,8/26,8/27,9/28,9/29,10/30,10/31,11/32,11/33	12/1/13,14/2/15,16/3/17,18/4/19,20/5/21,22/6/23,24/7/25,26/8/27,28/9/29,30/10/31,32/11/33	-	-	1,2,3,4,5,6,7,8,9,10,11,1,1,2,2,3,3,4,4,5,5,6,6,7,7,8,8,9,9,10,10,11,11
maceoff_water_1298	6,6,6,6,6,6,6,6,1,1,1,1,1,1,1,1,1,1,1,1,1,1,1,1	0.0,0.0,0.0,0.0,0.0,0.0,0.0,0.0,0.0,0.0,0.0,0.0,0.0,0.0,0.0,0.0,0.0,0.0,0.0,0.0,0.0,0.0,0.0,0.0	0,0,0,0,0,0,0,0,0,0,0,0,0,0,0,0,0,0,0,0,0,0,0,0	2,2,2,2,2,2,2,2,1,1,1,1,1,1,1,1,1,1,1,1,1,1,1,1	1/9,1/10,2/11,2/12,3/13,3/14,4/15,4/16,5/17,5/18,6/19,6/20,7/21,7/22,8/23,8/24	9/1/10,11/2/12,13/3/14,15/4/16,17/5/18,19/6/20,21/7/22,23/8/24	-	-	1,2,3,4,5,6,7,8,1,1,2,2,3,3,4,4,5,5,6,6,7,7,8,8
maceoff_water_1299	6,6,6,6,6,6,6,6,6,1,1,1,1,1,1,1,1,1,1,1,1,1,1,1,1,1,1	0.0,0.0,0.0,0.0,0.0,0.0,0.0,0.0,0.0,0.0,0.0,0.0,0.0,0.0,0.0,0.0,0.0,0.0,0.0,0.0,0.0,0.0,0.0,0.0,0.0,0.0,0.0	0,0,0,0,0,0,0,0,0,0,0,0,0,0,0,0,0,0,0,0,0,0,0,0,0,0,0	2,2,2,2,2,2,2,2,2,1,1,1,1,1,1,1,1,1,1,1,1,1,1,1,1,1,1	1/10,1/11,2/12,2/13,3/14,3/15,4/16,4/17,5/18,5/19,6/20,6/21,7/22,7/23,8/24,8/25,9/26,9/27	10/1/11,12/2/13,14/3/15,16/4/17,18/5/19,20/6/21,22/7/23,24/8/25,26/9/27	-	-	1,2,3,4,5,6,7,8,9,1,1,2,2,3,3,4,4,5,5,6,6,7,7,8,8,9,9
maceoff_water_1300	6,6,6,6,6,6,6,1,1,1,1,1,1,1,1,1,1,1,1,1,1	0.0,0.0,0.0,0.0,0.0,0.0,0.0,0.0,0.0,0.0,0.0,0.0,0.0,0.0,0.0,0.0,0.0,0.0,0.0,0.0,0.0	0,0,0,0,0,0,0,0,0,0,0,0,0,0,0,0,0,0,0,0,0	2,2,2,2,2,2,2,1,1,1,1,1,1,1,1,1,1,1,1,1,1	1/8,1/9,2/10,2/11,3/12,3/13,4/14,4/15,5/16,5/17,6/18,6/19,7/20,7/21	8/1/9,10/2/11,12/3/13,14/4/15,16/5/17,18/6/19,20/7/21	-	-	1,2,3,4,5,6,7,1,1,2,2,3,3,4,4,5,5,6,6,7,7
maceoff_water_1301	6,6,6,6,6,6,6,6,1,1,1,1,1,1,1,1,1,1,1,1,1,1,1,1	0.0,0.0,0.0,0.0,0.0,0.0,0.0,0.0,0.0,0.0,0.0,0.0,0.0,0.0,0.0,0.0,0.0,0.0,0.0,0.0,0.0,0.0,0.0,0.0	0,0,0,0,0,0,0,0,0,0,0,0,0,0,0,0,0,0,0,0,0,0,0,0	2,2,2,2,2,2,2,2,1,1,1,1,1,1,1,1,1,1,1,1,1,1,1,1	1/9,1/10,2/11,2/12,3/13,3/14,4/15,4/16,5/17,5/18,6/19,6/20,7/21,7/22,8/23,8/24	9/1/10,11/2/12,13/3/14,15/4/16,17/5/18,19/6/20,21/7/22,23/8/24	-	-	1,2,3,4,5,6,7,8,1,1,2,2,3,3,4,4,5,5,6,6,7,7,8,8
maceoff_water_1302	6,6,6,6,6,6,6,6,6,6,6,6,6,6,6,6,6,6,6,6,6,6,6,6,6,1,1,1,1,1,1,1,1,1,1,1,1,1,1,1,1,1,1,1,1,1,1,1,1,1,1,1,1,1,1,1,1,1,1,1,1,1,1,1,1,1,1,1,1,1,1,1,1,1,1	0.0,0.0,0.0,0.0,0.0,0.0,0.0,0.0,0.0,0.0,0.0,0.0,0.0,0.0,0.0,0.0,0.0,0.0,0.0,0.0,0.0,0.0,0.0,0.0,0.0,0.0,0.0,0.0,0.0,0.0,0.0,0.0,0.0,0.0,0.0,0.0,0.0,0.0,0.0,0.0,0.0,0.0,0.0,0.0,0.0,0.0,0.0,0.0,0.0,0.0,0.0,0.0,0.0,0.0,0.0,0.0,0.0,0.0,0.0,0.0,0.0,0.0,0.0,0.0,0.0,0.0,0.0,0.0,0.0,0.0,0.0,0.0,0.0,0.0,0.0	0,0,0,0,0,0,0,0,0,0,0,0,0,0,0,0,0,0,0,0,0,0,0,0,0,0,0,0,0,0,0,0,0,0,0,0,0,0,0,0,0,0,0,0,0,0,0,0,0,0,0,0,0,0,0,0,0,0,0,0,0,0,0,0,0,0,0,0,0,0,0,0,0,0,0	2,2,2,2,2,2,2,2,2,2,2,2,2,2,2,2,2,2,2,2,2,2,2,2,2,1,1,1,1,1,1,1,1,1,1,1,1,1,1,1,1,1,1,1,1,1,1,1,1,1,1,1,1,1,1,1,1,1,1,1,1,1,1,1,1,1,1,1,1,1,1,1,1,1,1	1/26,1/27,2/28,2/29,3/30,3/31,4/32,4/33,5/34,5/35,6/36,6/37,7/38,7/39,8/40,8/41,9/42,9/43,10/44,10/45,11/46,11/47,12/48,12/49,13/50,13/51,14/52,14/53,15/54,15/55,16/56,16/57,17/58,17/59,18/60,18/61,19/62,19/63,20/64,20/65,21/66,21/67,22/68,22/69,23/70,23/71,24/72,24/73,25/74,25/75	26/1/27,28/2/29,30/3/31,32/4/33,34/5/35,36/6/37,38/7/39,40/8/41,42/9/43,44/10/45,46/11/47,48/12/49,50/13/51,52/14/53,54/15/55,56/16/57,58/17/59,60/18/61,62/19/63,64/20/65,66/21/67,68/22/69,70/23/71,72/24/73,74/25/75	-	-	1,2,3,4,5,6,7,8,9,10,11,12,13,14,15,16,17,18,19,20,21,22,23,24,25,1,1,2,2,3,3,4,4,5,5,6,6,7,7,8,8,9,9,10,10,11,11,12,12,13,13,14,14,15,15,16,16,17,17,18,18,19,19,20,20,21,21,22,22,23,23,24,24,25,25
maceoff_water_1303	6,6,6,6,6,6,6,6,6,6,6,1,1,1,1,1,1,1,1,1,1,1,1,1,1,1,1,1,1,1,1,1,1	0.0,0.0,0.0,0.0,0.0,0.0,0.0,0.0,0.0,0.0,0.0,0.0,0.0,0.0,0.0,0.0,0.0,0.0,0.0,0.0,0.0,0.0,0.0,0.0,0.0,0.0,0.0,0.0,0.0,0.0,0.0,0.0,0.0	0,0,0,0,0,0,0,0,0,0,0,0,0,0,0,0,0,0,0,0,0,0,0,0,0,0,0,0,0,0,0,0,0	2,2,2,2,2,2,2,2,2,2,2,1,1,1,1,1,1,1,1,1,1,1,1,1,1,1,1,1,1,1,1,1,1	1/12,1/13,2/14,2/15,3/16,3/17,4/18,4/19,5/20,5/21,6/22,6/23,7/24,7/25,8/26,8/27,9/28,9/29,10/30,10/31,11/32,11/33	12/1/13,14/2/15,16/3/17,18/4/19,20/5/21,22/6/23,24/7/25,26/8/27,28/9/29,30/10/31,32/11/33	-	-	1,2,3,4,5,6,7,8,9,10,11,1,1,2,2,3,3,4,4,5,5,6,6,7,7,8,8,9,9,10,10,11,11
maceoff_water_1304	6,6,6,6,6,6,1,1,1,1,1,1,1,1,1,1,1,1	0.0,0.0,0.0,0.0,0.0,0.0,0.0,0.0,0.0,0.0,0.0,0.0,0.0,0.0,0.0,0.0,0.0,0.0	0,0,0,0,0,0,0,0,0,0,0,0,0,0,0,0,0,0	2,2,2,2,2,2,1,1,1,1,1,1,1,1,1,1,1,1	1/7,1/8,2/9,2/10,3/11,3/12,4/13,4/14,5/15,5/16,6/17,6/18	7/1/8,9/2/10,11/3/12,13/4/14,15/5/16,17/6/18	-	-	1,2,3,4,5,6,1,1,2,2,3,3,4,4,5,5,6,6
maceoff_water_1305	6,6,6,6,6,6,6,6,6,1,1,1,1,1,1,1,1,1,1,1,1,1,1,1,1,1,1	0.0,0.0,0.0,0.0,0.0,0.0,0.0,0.0,0.0,0.0,0.0,0.0,0.0,0.0,0.0,0.0,0.0,0.0,0.0,0.0,0.0,0.0,0.0,0.0,0.0,0.0,0.0	0,0,0,0,0,0,0,0,0,0,0,0,0,0,0,0,0,0,0,0,0,0,0,0,0,0,0	2,2,2,2,2,2,2,2,2,1,1,1,1,1,1,1,1,1,1,1,1,1,1,1,1,1,1	1/10,1/11,2/12,2/13,3/14,3/15,4/16,4/17,5/18,5/19,6/20,6/21,7/22,7/23,8/24,8/25,9/26,9/27	10/1/11,12/2/13,14/3/15,16/4/17,18/5/19,20/6/21,22/7/23,24/8/25,26/9/27	-	-	1,2,3,4,5,6,7,8,9,1,1,2,2,3,3,4,4,5,5,6,6,7,7,8,8,9,9
maceoff_water_1306	6,6,6,6,6,6,6,1,1,1,1,1,1,1,1,1,1,1,1,1,1	0.0,0.0,0.0,0.0,0.0,0.0,0.0,0.0,0.0,0.0,0.0,0.0,0.0,0.0,0.0,0.0,0.0,0.0,0.0,0.0,0.0	0,0,0,0,0,0,0,0,0,0,0,0,0,0,0,0,0,0,0,0,0	2,2,2,2,2,2,2,1,1,1,1,1,1,1,1,1,1,1,1,1,1	1/8,1/9,2/10,2/11,3/12,3/13,4/14,4/15,5/16,5/17,6/18,6/19,7/20,7/21	8/1/9,10/2/11,12/3/13,14/4/15,16/5/17,18/6/19,20/7/21	-	-	1,2,3,4,5,6,7,1,1,2,2,3,3,4,4,5,5,6,6,7,7
maceoff_water_1307	6,6,6,6,6,6,6,1,1,1,1,1,1,1,1,1,1,1,1,1,1	0.0,0.0,0.0,0.0,0.0,0.0,0.0,0.0,0.0,0.0,0.0,0.0,0.0,0.0,0.0,0.0,0.0,0.0,0.0,0.0,0.0	0,0,0,0,0,0,0,0,0,0,0,0,0,0,0,0,0,0,0,0,0	2,2,2,2,2,2,2,1,1,1,1,1,1,1,1,1,1,1,1,1,1	1/8,1/9,2/10,2/11,3/12,3/13,4/14,4/15,5/16,5/17,6/18,6/19,7/20,7/21	8/1/9,10/2/11,12/3/13,14/4/15,16/5/17,18/6/19,20/7/21	-	-	1,2,3,4,5,6,7,1,1,2,2,3,3,4,4,5,5,6,6,7,7
maceoff_water_1308	6,6,6,6,6,6,6,6,1,1,1,1,1,1,1,1,1,1,1,1,1,1,1,1	0.0,0.0,0.0,0.0,0.0,0.0,0.0,0.0,0.0,0.0,0.0,0.0,0.0,0.0,0.0,0.0,0.0,0.0,0.0,0.0,0.0,0.0,0.0,0.0	0,0,0,0,0,0,0,0,0,0,0,0,0,0,0,0,0,0,0,0,0,0,0,0	2,2,2,2,2,2,2,2,1,1,1,1,1,1,1,1,1,1,1,1,1,1,1,1	1/9,1/10,2/11,2/12,3/13,3/14,4/15,4/16,5/17,5/18,6/19,6/20,7/21,7/22,8/23,8/24	9/1/10,11/2/12,13/3/14,15/4/16,17/5/18,19/6/20,21/7/22,23/8/24	-	-	1,2,3,4,5,6,7,8,1,1,2,2,3,3,4,4,5,5,6,6,7,7,8,8
maceoff_water_1309	6,6,6,6,1,1,1,1,1,1,1,1	0.0,0.0,0.0,0.0,0.0,0.0,0.0,0.0,0.0,0.0,0.0,0.0	0,0,0,0,0,0,0,0,0,0,0,0	2,2,2,2,1,1,1,1,1,1,1,1	1/5,1/6,2/7,2/8,3/9,3/10,4/11,4/12	5/1/6,7/2/8,9/3/10,11/4/12	-	-	1,2,3,4,1,1,2,2,3,3,4,4
maceoff_water_1310	6,6,6,6,6,6,6,6,1,1,1,1,1,1,1,1,1,1,1,1,1,1,1,1	0.0,0.0,0.0,0.0,0.0,0.0,0.0,0.0,0.0,0.0,0.0,0.0,0.0,0.0,0.0,0.0,0.0,0.0,0.0,0.0,0.0,0.0,0.0,0.0	0,0,0,0,0,0,0,0,0,0,0,0,0,0,0,0,0,0,0,0,0,0,0,0	2,2,2,2,2,2,2,2,1,1,1,1,1,1,1,1,1,1,1,1,1,1,1,1	1/9,1/10,2/11,2/12,3/13,3/14,4/15,4/16,5/17,5/18,6/19,6/20,7/21,7/22,8/23,8/24	9/1/10,11/2/12,13/3/14,15/4/16,17/5/18,19/6/20,21/7/22,23/8/24	-	-	1,2,3,4,5,6,7,8,1,1,2,2,3,3,4,4,5,5,6,6,7,7,8,8
maceoff_water_1311	6,6,1,1,1,1	0.0,0.0,0.0,0.0,0.0,0.0	0,0,0,0,0,0	2,2,1,1,1,1	1/3,1/4,2/5,2/6	3/1/4,5/2/6	-	-	1,2,1,1,2,2
maceoff_water_1312	6,1,1	0.0,0.0,0.0	0,0,0	2,1,1	1/2,1/3	2/1/3	-	-	1,1,1
maceoff_water_1313	6,6,6,6,1,1,1,1,1,1,1,1	0.0,0.0,0.0,0.0,0.0,0.0,0.0,0.0,0.0,0.0,0.0,0.0	0,0,0,0,0,0,0,0,0,0,0,0	2,2,2,2,1,1,1,1,1,1,1,1	1/5,1/6,2/7,2/8,3/9,3/10,4/11,4/12	5/1/6,7/2/8,9/3/10,11/4/12	-	-	1,2,3,4,1,1,2,2,3,3,4,4
maceoff_water_1314	6,1,1	0.0,0.0,0.0	0,0,0	2,1,1	1/2,1/3	2/1/3	-	-	1,1,1
maceoff_water_1315	6,6,6,6,6,6,6,6,6,6,6,1,1,1,1,1,1,1,1,1,1,1,1,1,1,1,1,1,1,1,1,1,1	0.0,0.0,0.0,0.0,0.0,0.0,0.0,0.0,0.0,0.0,0.0,0.0,0.0,0.0,0.0,0.0,0.0,0.0,0.0,0.0,0.0,0.0,0.0,0.0,0.0,0.0,0.0,0.0,0.0,0.0,0.0,0.0,0.0	0,0,0,0,0,0,0,0,0,0,0,0,0,0,0,0,0,0,0,0,0,0,0,0,0,0,0,0,0,0,0,0,0	2,2,2,2,2,2,2,2,2,2,2,1,1,1,1,1,1,1,1,1,1,1,1,1,1,1,1,1,1,1,1,1,1	1/12,1/13,2/14,2/15,3/16,3/17,4/18,4/19,5/20,5/21,6/22,6/23,7/24,7/25,8/26,8/27,9/28,9/29,10/30,10/31,11/32,11/33	12/1/13,14/2/15,16/3/17,18/4/19,20/5/21,22/6/23,24/7/25,26/8/27,28/9/29,30/10/31,32/11/33	-	-	1,2,3,4,5,6,7,8,9,10,11,1,1,2,2,3,3,4,4,5,5,6,6,7,7,8,8,9,9,10,10,11,11
maceoff_water_1316	6,6,6,6,6,6,1,1,1,1,1,1,1,1,1,1,1,1	0.0,0.0,0.0,0.0,0.0,0.0,0.0,0.0,0.0,0.0,0.0,0.0,0.0,0.0,0.0,0.0,0.0,0.0	0,0,0,0,0,0,0,0,0,0,0,0,0,0,0,0,0,0	2,2,2,2,2,2,1,1,1,1,1,1,1,1,1,1,1,1	1/7,1/8,2/9,2/10,3/11,3/12,4/13,4/14,5/15,5/16,6/17,6/18	7/1/8,9/2/10,11/3/12,13/4/14,15/5/16,17/6/18	-	-	1,2,3,4,5,6,1,1,2,2,3,3,4,4,5,5,6,6
maceoff_water_1317	6,6,6,6,6,6,6,6,6,6,1,1,1,1,1,1,1,1,1,1,1,1,1,1,1,1,1,1,1,1	0.0,0.0,0.0,0.0,0.0,0.0,0.0,0.0,0.0,0.0,0.0,0.0,0.0,0.0,0.0,0.0,0.0,0.0,0.0,0.0,0.0,0.0,0.0,0.0,0.0,0.0,0.0,0.0,0.0,0.0	0,0,0,0,0,0,0,0,0,0,0,0,0,0,0,0,0,0,0,0,0,0,0,0,0,0,0,0,0,0	2,2,2,2,2,2,2,2,2,2,1,1,1,1,1,1,1,1,1,1,1,1,1,1,1,1,1,1,1,1	1/11,1/12,2/13,2/14,3/15,3/16,4/17,4/18,5/19,5/20,6/21,6/22,7/23,7/24,8/25,8/26,9/27,9/28,10/29,10/30	11/1/12,13/2/14,15/3/16,17/4/18,19/5/20,21/6/22,23/7/24,25/8/26,27/9/28,29/10/30	-	-	1,2,3,4,5,6,7,8,9,10,1,1,2,2,3,3,4,4,5,5,6,6,7,7,8,8,9,9,10,10
maceoff_water_1318	6,6,6,6,6,6,6,6,6,6,6,6,6,6,6,6,6,6,6,6,6,6,6,6,6,1,1,1,1,1,1,1,1,1,1,1,1,1,1,1,1,1,1,1,1,1,1,1,1,1,1,1,1,1,1,1,1,1,1,1,1,1,1,1,1,1,1,1,1,1,1,1,1,1,1	0.0,0.0,0.0,0.0,0.0,0.0,0.0,0.0,0.0,0.0,0.0,0.0,0.0,0.0,0.0,0.0,0.0,0.0,0.0,0.0,0.0,0.0,0.0,0.0,0.0,0.0,0.0,0.0,0.0,0.0,0.0,0.0,0.0,0.0,0.0,0.0,0.0,0.0,0.0,0.0,0.0,0.0,0.0,0.0,0.0,0.0,0.0,0.0,0.0,0.0,0.0,0.0,0.0,0.0,0.0,0.0,0.0,0.0,0.0,0.0,0.0,0.0,0.0,0.0,0.0,0.0,0.0,0.0,0.0,0.0,0.0,0.0,0.0,0.0,0.0	0,0,0,0,0,0,0,0,0,0,0,0,0,0,0,0,0,0,0,0,0,0,0,0,0,0,0,0,0,0,0,0,0,0,0,0,0,0,0,0,0,0,0,0,0,0,0,0,0,0,0,0,0,0,0,0,0,0,0,0,0,0,0,0,0,0,0,0,0,0,0,0,0,0,0	2,2,2,2,2,2,2,2,2,2,2,2,2,2,2,2,2,2,2,2,2,2,2,2,2,1,1,1,1,1,1,1,1,1,1,1,1,1,1,1,1,1,1,1,1,1,1,1,1,1,1,1,1,1,1,1,1,1,1,1,1,1,1,1,1,1,1,1,1,1,1,1,1,1,1	1/26,1/27,2/28,2/29,3/30,3/31,4/32,4/33,5/34,5/35,6/36,6/37,7/38,7/39,8/40,8/41,9/42,9/43,10/44,10/45,11/46,11/47,12/48,12/49,13/50,13/51,14/52,14/53,15/54,15/55,16/56,16/57,17/58,17/59,18/60,18/61,19/62,19/63,20/64,20/65,21/66,21/67,22/68,22/69,23/70,23/71,24/72,24/73,25/74,25/75	26/1/27,28/2/29,30/3/31,32/4/33,34/5/35,36/6/37,38/7/39,40/8/41,42/9/43,44/10/45,46/11/47,48/12/49,50/13/51,52/14/53,54/15/55,56/16/57,58/17/59,60/18/61,62/19/63,64/20/65,66/21/67,68/22/69,70/23/71,72/24/73,74/25/75	-	-	1,2,3,4,5,6,7,8,9,10,11,12,13,14,15,16,17,18,19,20,21,22,23,24,25,1,1,2,2,3,3,4,4,5,5,6,6,7,7,8,8,9,9,10,10,11,11,12,12,13,13,14,14,15,15,16,16,17,17,18,18,19,19,20,20,21,21,22,22,23,23,24,24,25,25
maceoff_water_1319	6,6,6,6,6,6,6,6,6,6,6,6,6,6,6,6,6,6,6,6,6,6,6,6,6,1,1,1,1,1,1,1,1,1,1,1,1,1,1,1,1,1,1,1,1,1,1,1,1,1,1,1,1,1,1,1,1,1,1,1,1,1,1,1,1,1,1,1,1,1,1,1,1,1,1	0.0,0.0,0.0,0.0,0.0,0.0,0.0,0.0,0.0,0.0,0.0,0.0,0.0,0.0,0.0,0.0,0.0,0.0,0.0,0.0,0.0,0.0,0.0,0.0,0.0,0.0,0.0,0.0,0.0,0.0,0.0,0.0,0.0,0.0,0.0,0.0,0.0,0.0,0.0,0.0,0.0,0.0,0.0,0.0,0.0,0.0,0.0,0.0,0.0,0.0,0.0,0.0,0.0,0.0,0.0,0.0,0.0,0.0,0.0,0.0,0.0,0.0,0.0,0.0,0.0,0.0,0.0,0.0,0.0,0.0,0.0,0.0,0.0,0.0,0.0	0,0,0,0,0,0,0,0,0,0,0,0,0,0,0,0,0,0,0,0,0,0,0,0,0,0,0,0,0,0,0,0,0,0,0,0,0,0,0,0,0,0,0,0,0,0,0,0,0,0,0,0,0,0,0,0,0,0,0,0,0,0,0,0,0,0,0,0,0,0,0,0,0,0,0	2,2,2,2,2,2,2,2,2,2,2,2,2,2,2,2,2,2,2,2,2,2,2,2,2,1,1,1,1,1,1,1,1,1,1,1,1,1,1,1,1,1,1,1,1,1,1,1,1,1,1,1,1,1,1,1,1,1,1,1,1,1,1,1,1,1,1,1,1,1,1,1,1,1,1	1/26,1/27,2/28,2/29,3/30,3/31,4/32,4/33,5/34,5/35,6/36,6/37,7/38,7/39,8/40,8/41,9/42,9/43,10/44,10/45,11/46,11/47,12/48,12/49,13/50,13/51,14/52,14/53,15/54,15/55,16/56,16/57,17/58,17/59,18/60,18/61,19/62,19/63,20/64,20/65,21/66,21/67,22/68,22/69,23/70,23/71,24/72,24/73,25/74,25/75	26/1/27,28/2/29,30/3/31,32/4/33,34/5/35,36/6/37,38/7/39,40/8/41,42/9/43,44/10/45,46/11/47,48/12/49,50/13/51,52/14/53,54/15/55,56/16/57,58/17/59,60/18/61,62/19/63,64/20/65,66/21/67,68/22/69,70/23/71,72/24/73,74/25/75	-	-	1,2,3,4,5,6,7,8,9,10,11,12,13,14,15,16,17,18,19,20,21,22,23,24,25,1,1,2,2,3,3,4,4,5,5,6,6,7,7,8,8,9,9,10,10,11,11,12,12,13,13,14,14,15,15,16,16,17,17,18,18,19,19,20,20,21,21,22,22,23,23,24,24,25,25
maceoff_water_1320	6,6,6,6,6,6,6,6,6,6,6,1,1,1,1,1,1,1,1,1,1,1,1,1,1,1,1,1,1,1,1,1,1	0.0,0.0,0.0,0.0,0.0,0.0,0.0,0.0,0.0,0.0,0.0,0.0,0.0,0.0,0.0,0.0,0.0,0.0,0.0,0.0,0.0,0.0,0.0,0.0,0.0,0.0,0.0,0.0,0.0,0.0,0.0,0.0,0.0	0,0,0,0,0,0,0,0,0,0,0,0,0,0,0,0,0,0,0,0,0,0,0,0,0,0,0,0,0,0,0,0,0	2,2,2,2,2,2,2,2,2,2,2,1,1,1,1,1,1,1,1,1,1,1,1,1,1,1,1,1,1,1,1,1,1	1/12,1/13,2/14,2/15,3/16,3/17,4/18,4/19,5/20,5/21,6/22,6/23,7/24,7/25,8/26,8/27,9/28,9/29,10/30,10/31,11/32,11/33	12/1/13,14/2/15,16/3/17,18/4/19,20/5/21,22/6/23,24/7/25,26/8/27,28/9/29,30/10/31,32/11/33	-	-	1,2,3,4,5,6,7,8,9,10,11,1,1,2,2,3,3,4,4,5,5,6,6,7,7,8,8,9,9,10,10,11,11
maceoff_water_1321	6,6,6,6,1,1,1,1,1,1,1,1	0.0,0.0,0.0,0.0,0.0,0.0,0.0,0.0,0.0,0.0,0.0,0.0	0,0,0,0,0,0,0,0,0,0,0,0	2,2,2,2,1,1,1,1,1,1,1,1	1/5,1/6,2/7,2/8,3/9,3/10,4/11,4/12	5/1/6,7/2/8,9/3/10,11/4/12	-	-	1,2,3,4,1,1,2,2,3,3,4,4
maceoff_water_1322	6,6,6,6,1,1,1,1,1,1,1,1	0.0,0.0,0.0,0.0,0.0,0.0,0.0,0.0,0.0,0.0,0.0,0.0	0,0,0,0,0,0,0,0,0,0,0,0	2,2,2,2,1,1,1,1,1,1,1,1	1/5,1/6,2/7,2/8,3/9,3/10,4/11,4/12	5/1/6,7/2/8,9/3/10,11/4/12	-	-	1,2,3,4,1,1,2,2,3,3,4,4
maceoff_water_1323	6,6,6,6,1,1,1,1,1,1,1,1	0.0,0.0,0.0,0.0,0.0,0.0,0.0,0.0,0.0,0.0,0.0,0.0	0,0,0,0,0,0,0,0,0,0,0,0	2,2,2,2,1,1,1,1,1,1,1,1	1/5,1/6,2/7,2/8,3/9,3/10,4/11,4/12	5/1/6,7/2/8,9/3/10,11/4/12	-	-	1,2,3,4,1,1,2,2,3,3,4,4
maceoff_water_1324	6,6,6,6,6,6,6,6,1,1,1,1,1,1,1,1,1,1,1,1,1,1,1,1	0.0,0.0,0.0,0.0,0.0,0.0,0.0,0.0,0.0,0.0,0.0,0.0,0.0,0.0,0.0,0.0,0.0,0.0,0.0,0.0,0.0,0.0,0.0,0.0	0,0,0,0,0,0,0,0,0,0,0,0,0,0,0,0,0,0,0,0,0,0,0,0	2,2,2,2,2,2,2,2,1,1,1,1,1,1,1,1,1,1,1,1,1,1,1,1	1/9,1/10,2/11,2/12,3/13,3/14,4/15,4/16,5/17,5/18,6/19,6/20,7/21,7/22,8/23,8/24	9/1/10,11/2/12,13/3/14,15/4/16,17/5/18,19/6/20,21/7/22,23/8/24	-	-	1,2,3,4,5,6,7,8,1,1,2,2,3,3,4,4,5,5,6,6,7,7,8,8
maceoff_water_1325	6,6,6,6,1,1,1,1,1,1,1,1	0.0,0.0,0.0,0.0,0.0,0.0,0.0,0.0,0.0,0.0,0.0,0.0	0,0,0,0,0,0,0,0,0,0,0,0	2,2,2,2,1,1,1,1,1,1,1,1	1/5,1/6,2/7,2/8,3/9,3/10,4/11,4/12	5/1/6,7/2/8,9/3/10,11/4/12	-	-	1,2,3,4,1,1,2,2,3,3,4,4
maceoff_water_1326	6,6,6,6,6,6,6,6,6,6,6,1,1,1,1,1,1,1,1,1,1,1,1,1,1,1,1,1,1,1,1,1,1	0.0,0.0,0.0,0.0,0.0,0.0,0.0,0.0,0.0,0.0,0.0,0.0,0.0,0.0,0.0,0.0,0.0,0.0,0.0,0.0,0.0,0.0,0.0,0.0,0.0,0.0,0.0,0.0,0.0,0.0,0.0,0.0,0.0	0,0,0,0,0,0,0,0,0,0,0,0,0,0,0,0,0,0,0,0,0,0,0,0,0,0,0,0,0,0,0,0,0	2,2,2,2,2,2,2,2,2,2,2,1,1,1,1,1,1,1,1,1,1,1,1,1,1,1,1,1,1,1,1,1,1	1/12,1/13,2/14,2/15,3/16,3/17,4/18,4/19,5/20,5/21,6/22,6/23,7/24,7/25,8/26,8/27,9/28,9/29,10/30,10/31,11/32,11/33	12/1/13,14/2/15,16/3/17,18/4/19,20/5/21,22/6/23,24/7/25,26/8/27,28/9/29,30/10/31,32/11/33	-	-	1,2,3,4,5,6,7,8,9,10,11,1,1,2,2,3,3,4,4,5,5,6,6,7,7,8,8,9,9,10,10,11,11
maceoff_water_1327	6,6,6,1,1,1,1,1,1	0.0,0.0,0.0,0.0,0.0,0.0,0.0,0.0,0.0	0,0,0,0,0,0,0,0,0	2,2,2,1,1,1,1,1,1	1/4,1/5,2/6,2/7,3/8,3/9	4/1/5,6/2/7,8/3/9	-	-	1,2,3,1,1,2,2,3,3
maceoff_water_1328	6,6,6,6,1,1,1,1,1,1,1,1	0.0,0.0,0.0,0.0,0.0,0.0,0.0,0.0,0.0,0.0,0.0,0.0	0,0,0,0,0,0,0,0,0,0,0,0	2,2,2,2,1,1,1,1,1,1,1,1	1/5,1/6,2/7,2/8,3/9,3/10,4/11,4/12	5/1/6,7/2/8,9/3/10,11/4/12	-	-	1,2,3,4,1,1,2,2,3,3,4,4
maceoff_water_1329	6,1,1	0.0,0.0,0.0	0,0,0	2,1,1	1/2,1/3	2/1/3	-	-	1,1,1
maceoff_water_1330	6,6,6,6,1,1,1,1,1,1,1,1	0.0,0.0,0.0,0.0,0.0,0.0,0.0,0.0,0.0,0.0,0.0,0.0	0,0,0,0,0,0,0,0,0,0,0,0	2,2,2,2,1,1,1,1,1,1,1,1	1/5,1/6,2/7,2/8,3/9,3/10,4/11,4/12	5/1/6,7/2/8,9/3/10,11/4/12	-	-	1,2,3,4,1,1,2,2,3,3,4,4
maceoff_water_1331	6,6,6,6,6,6,6,6,6,1,1,1,1,1,1,1,1,1,1,1,1,1,1,1,1,1,1	0.0,0.0,0.0,0.0,0.0,0.0,0.0,0.0,0.0,0.0,0.0,0.0,0.0,0.0,0.0,0.0,0.0,0.0,0.0,0.0,0.0,0.0,0.0,0.0,0.0,0.0,0.0	0,0,0,0,0,0,0,0,0,0,0,0,0,0,0,0,0,0,0,0,0,0,0,0,0,0,0	2,2,2,2,2,2,2,2,2,1,1,1,1,1,1,1,1,1,1,1,1,1,1,1,1,1,1	1/10,1/11,2/12,2/13,3/14,3/15,4/16,4/17,5/18,5/19,6/20,6/21,7/22,7/23,8/24,8/25,9/26,9/27	10/1/11,12/2/13,14/3/15,16/4/17,18/5/19,20/6/21,22/7/23,24/8/25,26/9/27	-	-	1,2,3,4,5,6,7,8,9,1,1,2,2,3,3,4,4,5,5,6,6,7,7,8,8,9,9
maceoff_water_1332	6,6,6,1,1,1,1,1,1	0.0,0.0,0.0,0.0,0.0,0.0,0.0,0.0,0.0	0,0,0,0,0,0,0,0,0	2,2,2,1,1,1,1,1,1	1/4,1/5,2/6,2/7,3/8,3/9	4/1/5,6/2/7,8/3/9	-	-	1,2,3,1,1,2,2,3,3
maceoff_water_1333	6,6,6,6,6,6,1,1,1,1,1,1,1,1,1,1,1,1	0.0,0.0,0.0,0.0,0.0,0.0,0.0,0.0,0.0,0.0,0.0,0.0,0.0,0.0,0.0,0.0,0.0,0.0	0,0,0,0,0,0,0,0,0,0,0,0,0,0,0,0,0,0	2,2,2,2,2,2,1,1,1,1,1,1,1,1,1,1,1,1	1/7,1/8,2/9,2/10,3/11,3/12,4/13,4/14,5/15,5/16,6/17,6/18	7/1/8,9/2/10,11/3/12,13/4/14,15/5/16,17/6/18	-	-	1,2,3,4,5,6,1,1,2,2,3,3,4,4,5,5,6,6
maceoff_water_1334	6,6,6,6,6,6,6,6,6,6,6,6,1,1,1,1,1,1,1,1,1,1,1,1,1,1,1,1,1,1,1,1,1,1,1,1	0.0,0.0,0.0,0.0,0.0,0.0,0.0,0.0,0.0,0.0,0.0,0.0,0.0,0.0,0.0,0.0,0.0,0.0,0.0,0.0,0.0,0.0,0.0,0.0,0.0,0.0,0.0,0.0,0.0,0.0,0.0,0.0,0.0,0.0,0.0,0.0	0,0,0,0,0,0,0,0,0,0,0,0,0,0,0,0,0,0,0,0,0,0,0,0,0,0,0,0,0,0,0,0,0,0,0,0	2,2,2,2,2,2,2,2,2,2,2,2,1,1,1,1,1,1,1,1,1,1,1,1,1,1,1,1,1,1,1,1,1,1,1,1	1/13,1/14,2/15,2/16,3/17,3/18,4/19,4/20,5/21,5/22,6/23,6/24,7/25,7/26,8/27,8/28,9/29,9/30,10/31,10/32,11/33,11/34,12/35,12/36	13/1/14,15/2/16,17/3/18,19/4/20,21/5/22,23/6/24,25/7/26,27/8/28,29/9/30,31/10/32,33/11/34,35/12/36	-	-	1,2,3,4,5,6,7,8,9,10,11,12,1,1,2,2,3,3,4,4,5,5,6,6,7,7,8,8,9,9,10,10,11,11,12,12
maceoff_water_1335	6,6,6,6,1,1,1,1,1,1,1,1	0.0,0.0,0.0,0.0,0.0,0.0,0.0,0.0,0.0,0.0,0.0,0.0	0,0,0,0,0,0,0,0,0,0,0,0	2,2,2,2,1,1,1,1,1,1,1,1	1/5,1/6,2/7,2/8,3/9,3/10,4/11,4/12	5/1/6,7/2/8,9/3/10,11/4/12	-	-	1,2,3,4,1,1,2,2,3,3,4,4
maceoff_water_1336	6,6,6,6,6,6,1,1,1,1,1,1,1,1,1,1,1,1	0.0,0.0,0.0,0.0,0.0,0.0,0.0,0.0,0.0,0.0,0.0,0.0,0.0,0.0,0.0,0.0,0.0,0.0	0,0,0,0,0,0,0,0,0,0,0,0,0,0,0,0,0,0	2,2,2,2,2,2,1,1,1,1,1,1,1,1,1,1,1,1	1/7,1/8,2/9,2/10,3/11,3/12,4/13,4/14,5/15,5/16,6/17,6/18	7/1/8,9/2/10,11/3/12,13/4/14,15/5/16,17/6/18	-	-	1,2,3,4,5,6,1,1,2,2,3,3,4,4,5,5,6,6
maceoff_water_1337	6,6,6,6,6,6,1,1,1,1,1,1,1,1,1,1,1,1	0.0,0.0,0.0,0.0,0.0,0.0,0.0,0.0,0.0,0.0,0.0,0.0,0.0,0.0,0.0,0.0,0.0,0.0	0,0,0,0,0,0,0,0,0,0,0,0,0,0,0,0,0,0	2,2,2,2,2,2,1,1,1,1,1,1,1,1,1,1,1,1	1/7,1/8,2/9,2/10,3/11,3/12,4/13,4/14,5/15,5/16,6/17,6/18	7/1/8,9/2/10,11/3/12,13/4/14,15/5/16,17/6/18	-	-	1,2,3,4,5,6,1,1,2,2,3,3,4,4,5,5,6,6
maceoff_water_1338	6,6,6,1,1,1,1,1,1	0.0,0.0,0.0,0.0,0.0,0.0,0.0,0.0,0.0	0,0,0,0,0,0,0,0,0	2,2,2,1,1,1,1,1,1	1/4,1/5,2/6,2/7,3/8,3/9	4/1/5,6/2/7,8/3/9	-	-	1,2,3,1,1,2,2,3,3
maceoff_water_1339	6,1,1	0.0,0.0,0.0	0,0,0	2,1,1	1/2,1/3	2/1/3	-	-	1,1,1
maceoff_water_1340	6,6,6,1,1,1,1,1,1	0.0,0.0,0.0,0.0,0.0,0.0,0.0,0.0,0.0	0,0,0,0,0,0,0,0,0	2,2,2,1,1,1,1,1,1	1/4,1/5,2/6,2/7,3/8,3/9	4/1/5,6/2/7,8/3/9	-	-	1,2,3,1,1,2,2,3,3
maceoff_water_1341	6,6,6,6,6,6,6,1,1,1,1,1,1,1,1,1,1,1,1,1,1	0.0,0.0,0.0,0.0,0.0,0.0,0.0,0.0,0.0,0.0,0.0,0.0,0.0,0.0,0.0,0.0,0.0,0.0,0.0,0.0,0.0	0,0,0,0,0,0,0,0,0,0,0,0,0,0,0,0,0,0,0,0,0	2,2,2,2,2,2,2,1,1,1,1,1,1,1,1,1,1,1,1,1,1	1/8,1/9,2/10,2/11,3/12,3/13,4/14,4/15,5/16,5/17,6/18,6/19,7/20,7/21	8/1/9,10/2/11,12/3/13,14/4/15,16/5/17,18/6/19,20/7/21	-	-	1,2,3,4,5,6,7,1,1,2,2,3,3,4,4,5,5,6,6,7,7
maceoff_water_1342	6,6,6,6,6,6,6,6,6,6,6,1,1,1,1,1,1,1,1,1,1,1,1,1,1,1,1,1,1,1,1,1,1	0.0,0.0,0.0,0.0,0.0,0.0,0.0,0.0,0.0,0.0,0.0,0.0,0.0,0.0,0.0,0.0,0.0,0.0,0.0,0.0,0.0,0.0,0.0,0.0,0.0,0.0,0.0,0.0,0.0,0.0,0.0,0.0,0.0	0,0,0,0,0,0,0,0,0,0,0,0,0,0,0,0,0,0,0,0,0,0,0,0,0,0,0,0,0,0,0,0,0	2,2,2,2,2,2,2,2,2,2,2,1,1,1,1,1,1,1,1,1,1,1,1,1,1,1,1,1,1,1,1,1,1	1/12,1/13,2/14,2/15,3/16,3/17,4/18,4/19,5/20,5/21,6/22,6/23,7/24,7/25,8/26,8/27,9/28,9/29,10/30,10/31,11/32,11/33	12/1/13,14/2/15,16/3/17,18/4/19,20/5/21,22/6/23,24/7/25,26/8/27,28/9/29,30/10/31,32/11/33	-	-	1,2,3,4,5,6,7,8,9,10,11,1,1,2,2,3,3,4,4,5,5,6,6,7,7,8,8,9,9,10,10,11,11
maceoff_water_1343	6,6,6,6,6,6,6,6,6,6,6,6,6,6,6,6,6,6,6,6,6,6,6,6,6,1,1,1,1,1,1,1,1,1,1,1,1,1,1,1,1,1,1,1,1,1,1,1,1,1,1,1,1,1,1,1,1,1,1,1,1,1,1,1,1,1,1,1,1,1,1,1,1,1,1	0.0,0.0,0.0,0.0,0.0,0.0,0.0,0.0,0.0,0.0,0.0,0.0,0.0,0.0,0.0,0.0,0.0,0.0,0.0,0.0,0.0,0.0,0.0,0.0,0.0,0.0,0.0,0.0,0.0,0.0,0.0,0.0,0.0,0.0,0.0,0.0,0.0,0.0,0.0,0.0,0.0,0.0,0.0,0.0,0.0,0.0,0.0,0.0,0.0,0.0,0.0,0.0,0.0,0.0,0.0,0.0,0.0,0.0,0.0,0.0,0.0,0.0,0.0,0.0,0.0,0.0,0.0,0.0,0.0,0.0,0.0,0.0,0.0,0.0,0.0	0,0,0,0,0,0,0,0,0,0,0,0,0,0,0,0,0,0,0,0,0,0,0,0,0,0,0,0,0,0,0,0,0,0,0,0,0,0,0,0,0,0,0,0,0,0,0,0,0,0,0,0,0,0,0,0,0,0,0,0,0,0,0,0,0,0,0,0,0,0,0,0,0,0,0	2,2,2,2,2,2,2,2,2,2,2,2,2,2,2,2,2,2,2,2,2,2,2,2,2,1,1,1,1,1,1,1,1,1,1,1,1,1,1,1,1,1,1,1,1,1,1,1,1,1,1,1,1,1,1,1,1,1,1,1,1,1,1,1,1,1,1,1,1,1,1,1,1,1,1	1/26,1/27,2/28,2/29,3/30,3/31,4/32,4/33,5/34,5/35,6/36,6/37,7/38,7/39,8/40,8/41,9/42,9/43,10/44,10/45,11/46,11/47,12/48,12/49,13/50,13/51,14/52,14/53,15/54,15/55,16/56,16/57,17/58,17/59,18/60,18/61,19/62,19/63,20/64,20/65,21/66,21/67,22/68,22/69,23/70,23/71,24/72,24/73,25/74,25/75	26/1/27,28/2/29,30/3/31,32/4/33,34/5/35,36/6/37,38/7/39,40/8/41,42/9/43,44/10/45,46/11/47,48/12/49,50/13/51,52/14/53,54/15/55,56/16/57,58/17/59,60/18/61,62/19/63,64/20/65,66/21/67,68/22/69,70/23/71,72/24/73,74/25/75	-	-	1,2,3,4,5,6,7,8,9,10,11,12,13,14,15,16,17,18,19,20,21,22,23,24,25,1,1,2,2,3,3,4,4,5,5,6,6,7,7,8,8,9,9,10,10,11,11,12,12,13,13,14,14,15,15,16,16,17,17,18,18,19,19,20,20,21,21,22,22,23,23,24,24,25,25
maceoff_water_1344	6,6,6,6,1,1,1,1,1,1,1,1	0.0,0.0,0.0,0.0,0.0,0.0,0.0,0.0,0.0,0.0,0.0,0.0	0,0,0,0,0,0,0,0,0,0,0,0	2,2,2,2,1,1,1,1,1,1,1,1	1/5,1/6,2/7,2/8,3/9,3/10,4/11,4/12	5/1/6,7/2/8,9/3/10,11/4/12	-	-	1,2,3,4,1,1,2,2,3,3,4,4
maceoff_water_1345	6,6,6,6,6,6,6,6,6,6,6,6,6,6,6,6,6,6,6,6,6,6,6,6,6,1,1,1,1,1,1,1,1,1,1,1,1,1,1,1,1,1,1,1,1,1,1,1,1,1,1,1,1,1,1,1,1,1,1,1,1,1,1,1,1,1,1,1,1,1,1,1,1,1,1	0.0,0.0,0.0,0.0,0.0,0.0,0.0,0.0,0.0,0.0,0.0,0.0,0.0,0.0,0.0,0.0,0.0,0.0,0.0,0.0,0.0,0.0,0.0,0.0,0.0,0.0,0.0,0.0,0.0,0.0,0.0,0.0,0.0,0.0,0.0,0.0,0.0,0.0,0.0,0.0,0.0,0.0,0.0,0.0,0.0,0.0,0.0,0.0,0.0,0.0,0.0,0.0,0.0,0.0,0.0,0.0,0.0,0.0,0.0,0.0,0.0,0.0,0.0,0.0,0.0,0.0,0.0,0.0,0.0,0.0,0.0,0.0,0.0,0.0,0.0	0,0,0,0,0,0,0,0,0,0,0,0,0,0,0,0,0,0,0,0,0,0,0,0,0,0,0,0,0,0,0,0,0,0,0,0,0,0,0,0,0,0,0,0,0,0,0,0,0,0,0,0,0,0,0,0,0,0,0,0,0,0,0,0,0,0,0,0,0,0,0,0,0,0,0	2,2,2,2,2,2,2,2,2,2,2,2,2,2,2,2,2,2,2,2,2,2,2,2,2,1,1,1,1,1,1,1,1,1,1,1,1,1,1,1,1,1,1,1,1,1,1,1,1,1,1,1,1,1,1,1,1,1,1,1,1,1,1,1,1,1,1,1,1,1,1,1,1,1,1	1/26,1/27,2/28,2/29,3/30,3/31,4/32,4/33,5/34,5/35,6/36,6/37,7/38,7/39,8/40,8/41,9/42,9/43,10/44,10/45,11/46,11/47,12/48,12/49,13/50,13/51,14/52,14/53,15/54,15/55,16/56,16/57,17/58,17/59,18/60,18/61,19/62,19/63,20/64,20/65,21/66,21/67,22/68,22/69,23/70,23/71,24/72,24/73,25/74,25/75	26/1/27,28/2/29,30/3/31,32/4/33,34/5/35,36/6/37,38/7/39,40/8/41,42/9/43,44/10/45,46/11/47,48/12/49,50/13/51,52/14/53,54/15/55,56/16/57,58/17/59,60/18/61,62/19/63,64/20/65,66/21/67,68/22/69,70/23/71,72/24/73,74/25/75	-	-	1,2,3,4,5,6,7,8,9,10,11,12,13,14,15,16,17,18,19,20,21,22,23,24,25,1,1,2,2,3,3,4,4,5,5,6,6,7,7,8,8,9,9,10,10,11,11,12,12,13,13,14,14,15,15,16,16,17,17,18,18,19,19,20,20,21,21,22,22,23,23,24,24,25,25
maceoff_water_1346	6,6,6,6,1,1,1,1,1,1,1,1	0.0,0.0,0.0,0.0,0.0,0.0,0.0,0.0,0.0,0.0,0.0,0.0	0,0,0,0,0,0,0,0,0,0,0,0	2,2,2,2,1,1,1,1,1,1,1,1	1/5,1/6,2/7,2/8,3/9,3/10,4/11,4/12	5/1/6,7/2/8,9/3/10,11/4/12	-	-	1,2,3,4,1,1,2,2,3,3,4,4
maceoff_water_1347	6,1,1	0.0,0.0,0.0	0,0,0	2,1,1	1/2,1/3	2/1/3	-	-	1,1,1
maceoff_water_1348	6,6,6,6,1,1,1,1,1,1,1,1	0.0,0.0,0.0,0.0,0.0,0.0,0.0,0.0,0.0,0.0,0.0,0.0	0,0,0,0,0,0,0,0,0,0,0,0	2,2,2,2,1,1,1,1,1,1,1,1	1/5,1/6,2/7,2/8,3/9,3/10,4/11,4/12	5/1/6,7/2/8,9/3/10,11/4/12	-	-	1,2,3,4,1,1,2,2,3,3,4,4
maceoff_water_1349	6,6,6,6,6,6,1,1,1,1,1,1,1,1,1,1,1,1	0.0,0.0,0.0,0.0,0.0,0.0,0.0,0.0,0.0,0.0,0.0,0.0,0.0,0.0,0.0,0.0,0.0,0.0	0,0,0,0,0,0,0,0,0,0,0,0,0,0,0,0,0,0	2,2,2,2,2,2,1,1,1,1,1,1,1,1,1,1,1,1	1/7,1/8,2/9,2/10,3/11,3/12,4/13,4/14,5/15,5/16,6/17,6/18	7/1/8,9/2/10,11/3/12,13/4/14,15/5/16,17/6/18	-	-	1,2,3,4,5,6,1,1,2,2,3,3,4,4,5,5,6,6
maceoff_water_1350	6,6,6,6,6,6,6,6,6,6,6,6,1,1,1,1,1,1,1,1,1,1,1,1,1,1,1,1,1,1,1,1,1,1,1,1	0.0,0.0,0.0,0.0,0.0,0.0,0.0,0.0,0.0,0.0,0.0,0.0,0.0,0.0,0.0,0.0,0.0,0.0,0.0,0.0,0.0,0.0,0.0,0.0,0.0,0.0,0.0,0.0,0.0,0.0,0.0,0.0,0.0,0.0,0.0,0.0	0,0,0,0,0,0,0,0,0,0,0,0,0,0,0,0,0,0,0,0,0,0,0,0,0,0,0,0,0,0,0,0,0,0,0,0	2,2,2,2,2,2,2,2,2,2,2,2,1,1,1,1,1,1,1,1,1,1,1,1,1,1,1,1,1,1,1,1,1,1,1,1	1/13,1/14,2/15,2/16,3/17,3/18,4/19,4/20,5/21,5/22,6/23,6/24,7/25,7/26,8/27,8/28,9/29,9/30,10/31,10/32,11/33,11/34,12/35,12/36	13/1/14,15/2/16,17/3/18,19/4/20,21/5/22,23/6/24,25/7/26,27/8/28,29/9/30,31/10/32,33/11/34,35/12/36	-	-	1,2,3,4,5,6,7,8,9,10,11,12,1,1,2,2,3,3,4,4,5,5,6,6,7,7,8,8,9,9,10,10,11,11,12,12
maceoff_water_1351	6,6,6,6,6,1,1,1,1,1,1,1,1,1,1	0.0,0.0,0.0,0.0,0.0,0.0,0.0,0.0,0.0,0.0,0.0,0.0,0.0,0.0,0.0	0,0,0,0,0,0,0,0,0,0,0,0,0,0,0	2,2,2,2,2,1,1,1,1,1,1,1,1,1,1	1/6,1/7,2/8,2/9,3/10,3/11,4/12,4/13,5/14,5/15	6/1/7,8/2/9,10/3/11,12/4/13,14/5/15	-	-	1,2,3,4,5,1,1,2,2,3,3,4,4,5,5
maceoff_water_1352	6,6,6,6,1,1,1,1,1,1,1,1	0.0,0.0,0.0,0.0,0.0,0.0,0.0,0.0,0.0,0.0,0.0,0.0	0,0,0,0,0,0,0,0,0,0,0,0	2,2,2,2,1,1,1,1,1,1,1,1	1/5,1/6,2/7,2/8,3/9,3/10,4/11,4/12	5/1/6,7/2/8,9/3/10,11/4/12	-	-	1,2,3,4,1,1,2,2,3,3,4,4
maceoff_water_1353	6,1,1	0.0,0.0,0.0	0,0,0	2,1,1	1/2,1/3	2/1/3	-	-	1,1,1
maceoff_water_1354	6,6,1,1,1,1	0.0,0.0,0.0,0.0,0.0,0.0	0,0,0,0,0,0	2,2,1,1,1,1	1/3,1/4,2/5,2/6	3/1/4,5/2/6	-	-	1,2,1,1,2,2
maceoff_water_1355	6,6,6,6,1,1,1,1,1,1,1,1	0.0,0.0,0.0,0.0,0.0,0.0,0.0,0.0,0.0,0.0,0.0,0.0	0,0,0,0,0,0,0,0,0,0,0,0	2,2,2,2,1,1,1,1,1,1,1,1	1/5,1/6,2/7,2/8,3/9,3/10,4/11,4/12	5/1/6,7/2/8,9/3/10,11/4/12	-	-	1,2,3,4,1,1,2,2,3,3,4,4
maceoff_water_1356	6,6,6,6,1,1,1,1,1,1,1,1	0.0,0.0,0.0,0.0,0.0,0.0,0.0,0.0,0.0,0.0,0.0,0.0	0,0,0,0,0,0,0,0,0,0,0,0	2,2,2,2,1,1,1,1,1,1,1,1	1/5,1/6,2/7,2/8,3/9,3/10,4/11,4/12	5/1/6,7/2/8,9/3/10,11/4/12	-	-	1,2,3,4,1,1,2,2,3,3,4,4
maceoff_water_1357	6,6,6,6,1,1,1,1,1,1,1,1	0.0,0.0,0.0,0.0,0.0,0.0,0.0,0.0,0.0,0.0,0.0,0.0	0,0,0,0,0,0,0,0,0,0,0,0	2,2,2,2,1,1,1,1,1,1,1,1	1/5,1/6,2/7,2/8,3/9,3/10,4/11,4/12	5/1/6,7/2/8,9/3/10,11/4/12	-	-	1,2,3,4,1,1,2,2,3,3,4,4
maceoff_water_1358	6,6,6,6,6,6,6,6,6,6,6,1,1,1,1,1,1,1,1,1,1,1,1,1,1,1,1,1,1,1,1,1,1	0.0,0.0,0.0,0.0,0.0,0.0,0.0,0.0,0.0,0.0,0.0,0.0,0.0,0.0,0.0,0.0,0.0,0.0,0.0,0.0,0.0,0.0,0.0,0.0,0.0,0.0,0.0,0.0,0.0,0.0,0.0,0.0,0.0	0,0,0,0,0,0,0,0,0,0,0,0,0,0,0,0,0,0,0,0,0,0,0,0,0,0,0,0,0,0,0,0,0	2,2,2,2,2,2,2,2,2,2,2,1,1,1,1,1,1,1,1,1,1,1,1,1,1,1,1,1,1,1,1,1,1	1/12,1/13,2/14,2/15,3/16,3/17,4/18,4/19,5/20,5/21,6/22,6/23,7/24,7/25,8/26,8/27,9/28,9/29,10/30,10/31,11/32,11/33	12/1/13,14/2/15,16/3/17,18/4/19,20/5/21,22/6/23,24/7/25,26/8/27,28/9/29,30/10/31,32/11/33	-	-	1,2,3,4,5,6,7,8,9,10,11,1,1,2,2,3,3,4,4,5,5,6,6,7,7,8,8,9,9,10,10,11,11
maceoff_water_1359	6,6,6,6,6,6,1,1,1,1,1,1,1,1,1,1,1,1	0.0,0.0,0.0,0.0,0.0,0.0,0.0,0.0,0.0,0.0,0.0,0.0,0.0,0.0,0.0,0.0,0.0,0.0	0,0,0,0,0,0,0,0,0,0,0,0,0,0,0,0,0,0	2,2,2,2,2,2,1,1,1,1,1,1,1,1,1,1,1,1	1/7,1/8,2/9,2/10,3/11,3/12,4/13,4/14,5/15,5/16,6/17,6/18	7/1/8,9/2/10,11/3/12,13/4/14,15/5/16,17/6/18	-	-	1,2,3,4,5,6,1,1,2,2,3,3,4,4,5,5,6,6
maceoff_water_1360	6,1,1	0.0,0.0,0.0	0,0,0	2,1,1	1/2,1/3	2/1/3	-	-	1,1,1
maceoff_water_1361	6,1,1	0.0,0.0,0.0	0,0,0	2,1,1	1/2,1/3	2/1/3	-	-	1,1,1
maceoff_water_1362	6,6,6,6,6,6,6,1,1,1,1,1,1,1,1,1,1,1,1,1,1	0.0,0.0,0.0,0.0,0.0,0.0,0.0,0.0,0.0,0.0,0.0,0.0,0.0,0.0,0.0,0.0,0.0,0.0,0.0,0.0,0.0	0,0,0,0,0,0,0,0,0,0,0,0,0,0,0,0,0,0,0,0,0	2,2,2,2,2,2,2,1,1,1,1,1,1,1,1,1,1,1,1,1,1	1/8,1/9,2/10,2/11,3/12,3/13,4/14,4/15,5/16,5/17,6/18,6/19,7/20,7/21	8/1/9,10/2/11,12/3/13,14/4/15,16/5/17,18/6/19,20/7/21	-	-	1,2,3,4,5,6,7,1,1,2,2,3,3,4,4,5,5,6,6,7,7
maceoff_water_1363	6,6,1,1,1,1	0.0,0.0,0.0,0.0,0.0,0.0	0,0,0,0,0,0	2,2,1,1,1,1	1/3,1/4,2/5,2/6	3/1/4,5/2/6	-	-	1,2,1,1,2,2
maceoff_water_1364	6,6,1,1,1,1	0.0,0.0,0.0,0.0,0.0,0.0	0,0,0,0,0,0	2,2,1,1,1,1	1/3,1/4,2/5,2/6	3/1/4,5/2/6	-	-	1,2,1,1,2,2
maceoff_water_1365	6,6,6,6,6,6,6,6,6,6,6,6,6,6,6,6,6,6,6,6,6,6,6,6,6,1,1,1,1,1,1,1,1,1,1,1,1,1,1,1,1,1,1,1,1,1,1,1,1,1,1,1,1,1,1,1,1,1,1,1,1,1,1,1,1,1,1,1,1,1,1,1,1,1,1	0.0,0.0,0.0,0.0,0.0,0.0,0.0,0.0,0.0,0.0,0.0,0.0,0.0,0.0,0.0,0.0,0.0,0.0,0.0,0.0,0.0,0.0,0.0,0.0,0.0,0.0,0.0,0.0,0.0,0.0,0.0,0.0,0.0,0.0,0.0,0.0,0.0,0.0,0.0,0.0,0.0,0.0,0.0,0.0,0.0,0.0,0.0,0.0,0.0,0.0,0.0,0.0,0.0,0.0,0.0,0.0,0.0,0.0,0.0,0.0,0.0,0.0,0.0,0.0,0.0,0.0,0.0,0.0,0.0,0.0,0.0,0.0,0.0,0.0,0.0	0,0,0,0,0,0,0,0,0,0,0,0,0,0,0,0,0,0,0,0,0,0,0,0,0,0,0,0,0,0,0,0,0,0,0,0,0,0,0,0,0,0,0,0,0,0,0,0,0,0,0,0,0,0,0,0,0,0,0,0,0,0,0,0,0,0,0,0,0,0,0,0,0,0,0	2,2,2,2,2,2,2,2,2,2,2,2,2,2,2,2,2,2,2,2,2,2,2,2,2,1,1,1,1,1,1,1,1,1,1,1,1,1,1,1,1,1,1,1,1,1,1,1,1,1,1,1,1,1,1,1,1,1,1,1,1,1,1,1,1,1,1,1,1,1,1,1,1,1,1	1/26,1/27,2/28,2/29,3/30,3/31,4/32,4/33,5/34,5/35,6/36,6/37,7/38,7/39,8/40,8/41,9/42,9/43,10/44,10/45,11/46,11/47,12/48,12/49,13/50,13/51,14/52,14/53,15/54,15/55,16/56,16/57,17/58,17/59,18/60,18/61,19/62,19/63,20/64,20/65,21/66,21/67,22/68,22/69,23/70,23/71,24/72,24/73,25/74,25/75	26/1/27,28/2/29,30/3/31,32/4/33,34/5/35,36/6/37,38/7/39,40/8/41,42/9/43,44/10/45,46/11/47,48/12/49,50/13/51,52/14/53,54/15/55,56/16/57,58/17/59,60/18/61,62/19/63,64/20/65,66/21/67,68/22/69,70/23/71,72/24/73,74/25/75	-	-	1,2,3,4,5,6,7,8,9,10,11,12,13,14,15,16,17,18,19,20,21,22,23,24,25,1,1,2,2,3,3,4,4,5,5,6,6,7,7,8,8,9,9,10,10,11,11,12,12,13,13,14,14,15,15,16,16,17,17,18,18,19,19,20,20,21,21,22,22,23,23,24,24,25,25
maceoff_water_1366	6,6,6,6,6,6,6,1,1,1,1,1,1,1,1,1,1,1,1,1,1	0.0,0.0,0.0,0.0,0.0,0.0,0.0,0.0,0.0,0.0,0.0,0.0,0.0,0.0,0.0,0.0,0.0,0.0,0.0,0.0,0.0	0,0,0,0,0,0,0,0,0,0,0,0,0,0,0,0,0,0,0,0,0	2,2,2,2,2,2,2,1,1,1,1,1,1,1,1,1,1,1,1,1,1	1/8,1/9,2/10,2/11,3/12,3/13,4/14,4/15,5/16,5/17,6/18,6/19,7/20,7/21	8/1/9,10/2/11,12/3/13,14/4/15,16/5/17,18/6/19,20/7/21	-	-	1,2,3,4,5,6,7,1,1,2,2,3,3,4,4,5,5,6,6,7,7
maceoff_water_1367	6,6,6,6,6,6,1,1,1,1,1,1,1,1,1,1,1,1	0.0,0.0,0.0,0.0,0.0,0.0,0.0,0.0,0.0,0.0,0.0,0.0,0.0,0.0,0.0,0.0,0.0,0.0	0,0,0,0,0,0,0,0,0,0,0,0,0,0,0,0,0,0	2,2,2,2,2,2,1,1,1,1,1,1,1,1,1,1,1,1	1/7,1/8,2/9,2/10,3/11,3/12,4/13,4/14,5/15,5/16,6/17,6/18	7/1/8,9/2/10,11/3/12,13/4/14,15/5/16,17/6/18	-	-	1,2,3,4,5,6,1,1,2,2,3,3,4,4,5,5,6,6
maceoff_water_1368	6,6,6,6,6,6,6,6,6,6,6,6,6,6,6,6,6,6,6,6,6,6,6,6,6,6,6,6,6,6,6,6,6,6,6,6,6,6,6,6,6,6,6,6,6,6,6,6,6,6,1,1,1,1,1,1,1,1,1,1,1,1,1,1,1,1,1,1,1,1,1,1,1,1,1,1,1,1,1,1,1,1,1,1,1,1,1,1,1,1,1,1,1,1,1,1,1,1,1,1,1,1,1,1,1,1,1,1,1,1,1,1,1,1,1,1,1,1,1,1,1,1,1,1,1,1,1,1,1,1,1,1,1,1,1,1,1,1,1,1,1,1,1,1,1,1,1,1,1,1	0.0,0.0,0.0,0.0,0.0,0.0,0.0,0.0,0.0,0.0,0.0,0.0,0.0,0.0,0.0,0.0,0.0,0.0,0.0,0.0,0.0,0.0,0.0,0.0,0.0,0.0,0.0,0.0,0.0,0.0,0.0,0.0,0.0,0.0,0.0,0.0,0.0,0.0,0.0,0.0,0.0,0.0,0.0,0.0,0.0,0.0,0.0,0.0,0.0,0.0,0.0,0.0,0.0,0.0,0.0,0.0,0.0,0.0,0.0,0.0,0.0,0.0,0.0,0.0,0.0,0.0,0.0,0.0,0.0,0.0,0.0,0.0,0.0,0.0,0.0,0.0,0.0,0.0,0.0,0.0,0.0,0.0,0.0,0.0,0.0,0.0,0.0,0.0,0.0,0.0,0.0,0.0,0.0,0.0,0.0,0.0,0.0,0.0,0.0,0.0,0.0,0.0,0.0,0.0,0.0,0.0,0.0,0.0,0.0,0.0,0.0,0.0,0.0,0.0,0.0,0.0,0.0,0.0,0.0,0.0,0.0,0.0,0.0,0.0,0.0,0.0,0.0,0.0,0.0,0.0,0.0,0.0,0.0,0.0,0.0,0.0,0.0,0.0,0.0,0.0,0.0,0.0,0.0,0.0,0.0,0.0,0.0,0.0,0.0,0.0	0,0,0,0,0,0,0,0,0,0,0,0,0,0,0,0,0,0,0,0,0,0,0,0,0,0,0,0,0,0,0,0,0,0,0,0,0,0,0,0,0,0,0,0,0,0,0,0,0,0,0,0,0,0,0,0,0,0,0,0,0,0,0,0,0,0,0,0,0,0,0,0,0,0,0,0,0,0,0,0,0,0,0,0,0,0,0,0,0,0,0,0,0,0,0,0,0,0,0,0,0,0,0,0,0,0,0,0,0,0,0,0,0,0,0,0,0,0,0,0,0,0,0,0,0,0,0,0,0,0,0,0,0,0,0,0,0,0,0,0,0,0,0,0,0,0,0,0,0,0	2,2,2,2,2,2,2,2,2,2,2,2,2,2,2,2,2,2,2,2,2,2,2,2,2,2,2,2,2,2,2,2,2,2,2,2,2,2,2,2,2,2,2,2,2,2,2,2,2,2,1,1,1,1,1,1,1,1,1,1,1,1,1,1,1,1,1,1,1,1,1,1,1,1,1,1,1,1,1,1,1,1,1,1,1,1,1,1,1,1,1,1,1,1,1,1,1,1,1,1,1,1,1,1,1,1,1,1,1,1,1,1,1,1,1,1,1,1,1,1,1,1,1,1,1,1,1,1,1,1,1,1,1,1,1,1,1,1,1,1,1,1,1,1,1,1,1,1,1,1	1/51,1/52,2/53,2/54,3/55,3/56,4/57,4/58,5/59,5/60,6/61,6/62,7/63,7/64,8/65,8/66,9/67,9/68,10/69,10/70,11/71,11/72,12/73,12/74,13/75,13/76,14/77,14/78,15/79,15/80,16/81,16/82,17/83,17/84,18/85,18/86,19/87,19/88,20/89,20/90,21/91,21/92,22/93,22/94,23/95,23/96,24/97,24/98,25/99,25/100,26/101,26/102,27/103,27/104,28/105,28/106,29/107,29/108,30/109,30/110,31/111,31/112,32/113,32/114,33/115,33/116,34/117,34/118,35/119,35/120,36/121,36/122,37/123,37/124,38/125,38/126,39/127,39/128,40/129,40/130,41/131,41/132,42/133,42/134,43/135,43/136,44/137,44/138,45/139,45/140,46/141,46/142,47/143,47/144,48/145,48/146,49/147,49/148,50/149,50/150	51/1/52,53/2/54,55/3/56,57/4/58,59/5/60,61/6/62,63/7/64,65/8/66,67/9/68,69/10/70,71/11/72,73/12/74,75/13/76,77/14/78,79/15/80,81/16/82,83/17/84,85/18/86,87/19/88,89/20/90,91/21/92,93/22/94,95/23/96,97/24/98,99/25/100,101/26/102,103/27/104,105/28/106,107/29/108,109/30/110,111/31/112,113/32/114,115/33/116,117/34/118,119/35/120,121/36/122,123/37/124,125/38/126,127/39/128,129/40/130,131/41/132,133/42/134,135/43/136,137/44/138,139/45/140,141/46/142,143/47/144,145/48/146,147/49/148,149/50/150	-	-	1,2,3,4,5,6,7,8,9,10,11,12,13,14,15,16,17,18,19,20,21,22,23,24,25,26,27,28,29,30,31,32,33,34,35,36,37,38,39,40,41,42,43,44,45,46,47,48,49,50,1,1,2,2,3,3,4,4,5,5,6,6,7,7,8,8,9,9,10,10,11,11,12,12,13,13,14,14,15,15,16,16,17,17,18,18,19,19,20,20,21,21,22,22,23,23,24,24,25,25,26,26,27,27,28,28,29,29,30,30,31,31,32,32,33,33,34,34,35,35,36,36,37,37,38,38,39,39,40,40,41,41,42,42,43,43,44,44,45,45,46,46,47,47,48,48,49,49,50,50
maceoff_water_1369	6,6,6,6,6,6,6,6,1,1,1,1,1,1,1,1,1,1,1,1,1,1,1,1	0.0,0.0,0.0,0.0,0.0,0.0,0.0,0.0,0.0,0.0,0.0,0.0,0.0,0.0,0.0,0.0,0.0,0.0,0.0,0.0,0.0,0.0,0.0,0.0	0,0,0,0,0,0,0,0,0,0,0,0,0,0,0,0,0,0,0,0,0,0,0,0	2,2,2,2,2,2,2,2,1,1,1,1,1,1,1,1,1,1,1,1,1,1,1,1	1/9,1/10,2/11,2/12,3/13,3/14,4/15,4/16,5/17,5/18,6/19,6/20,7/21,7/22,8/23,8/24	9/1/10,11/2/12,13/3/14,15/4/16,17/5/18,19/6/20,21/7/22,23/8/24	-	-	1,2,3,4,5,6,7,8,1,1,2,2,3,3,4,4,5,5,6,6,7,7,8,8
maceoff_water_1370	6,6,1,1,1,1	0.0,0.0,0.0,0.0,0.0,0.0	0,0,0,0,0,0	2,2,1,1,1,1	1/3,1/4,2/5,2/6	3/1/4,5/2/6	-	-	1,2,1,1,2,2
maceoff_water_1371	6,6,6,1,1,1,1,1,1	0.0,0.0,0.0,0.0,0.0,0.0,0.0,0.0,0.0	0,0,0,0,0,0,0,0,0	2,2,2,1,1,1,1,1,1	1/4,1/5,2/6,2/7,3/8,3/9	4/1/5,6/2/7,8/3/9	-	-	1,2,3,1,1,2,2,3,3
maceoff_water_1372	6,6,6,6,1,1,1,1,1,1,1,1	0.0,0.0,0.0,0.0,0.0,0.0,0.0,0.0,0.0,0.0,0.0,0.0	0,0,0,0,0,0,0,0,0,0,0,0	2,2,2,2,1,1,1,1,1,1,1,1	1/5,1/6,2/7,2/8,3/9,3/10,4/11,4/12	5/1/6,7/2/8,9/3/10,11/4/12	-	-	1,2,3,4,1,1,2,2,3,3,4,4
maceoff_water_1373	6,6,6,6,6,6,1,1,1,1,1,1,1,1,1,1,1,1	0.0,0.0,0.0,0.0,0.0,0.0,0.0,0.0,0.0,0.0,0.0,0.0,0.0,0.0,0.0,0.0,0.0,0.0	0,0,0,0,0,0,0,0,0,0,0,0,0,0,0,0,0,0	2,2,2,2,2,2,1,1,1,1,1,1,1,1,1,1,1,1	1/7,1/8,2/9,2/10,3/11,3/12,4/13,4/14,5/15,5/16,6/17,6/18	7/1/8,9/2/10,11/3/12,13/4/14,15/5/16,17/6/18	-	-	1,2,3,4,5,6,1,1,2,2,3,3,4,4,5,5,6,6
maceoff_water_1374	6,6,6,6,6,6,1,1,1,1,1,1,1,1,1,1,1,1	0.0,0.0,0.0,0.0,0.0,0.0,0.0,0.0,0.0,0.0,0.0,0.0,0.0,0.0,0.0,0.0,0.0,0.0	0,0,0,0,0,0,0,0,0,0,0,0,0,0,0,0,0,0	2,2,2,2,2,2,1,1,1,1,1,1,1,1,1,1,1,1	1/7,1/8,2/9,2/10,3/11,3/12,4/13,4/14,5/15,5/16,6/17,6/18	7/1/8,9/2/10,11/3/12,13/4/14,15/5/16,17/6/18	-	-	1,2,3,4,5,6,1,1,2,2,3,3,4,4,5,5,6,6
maceoff_water_1375	6,6,6,6,6,6,6,1,1,1,1,1,1,1,1,1,1,1,1,1,1	0.0,0.0,0.0,0.0,0.0,0.0,0.0,0.0,0.0,0.0,0.0,0.0,0.0,0.0,0.0,0.0,0.0,0.0,0.0,0.0,0.0	0,0,0,0,0,0,0,0,0,0,0,0,0,0,0,0,0,0,0,0,0	2,2,2,2,2,2,2,1,1,1,1,1,1,1,1,1,1,1,1,1,1	1/8,1/9,2/10,2/11,3/12,3/13,4/14,4/15,5/16,5/17,6/18,6/19,7/20,7/21	8/1/9,10/2/11,12/3/13,14/4/15,16/5/17,18/6/19,20/7/21	-	-	1,2,3,4,5,6,7,1,1,2,2,3,3,4,4,5,5,6,6,7,7
maceoff_water_1376	6,6,6,6,6,6,6,6,6,6,1,1,1,1,1,1,1,1,1,1,1,1,1,1,1,1,1,1,1,1	0.0,0.0,0.0,0.0,0.0,0.0,0.0,0.0,0.0,0.0,0.0,0.0,0.0,0.0,0.0,0.0,0.0,0.0,0.0,0.0,0.0,0.0,0.0,0.0,0.0,0.0,0.0,0.0,0.0,0.0	0,0,0,0,0,0,0,0,0,0,0,0,0,0,0,0,0,0,0,0,0,0,0,0,0,0,0,0,0,0	2,2,2,2,2,2,2,2,2,2,1,1,1,1,1,1,1,1,1,1,1,1,1,1,1,1,1,1,1,1	1/11,1/12,2/13,2/14,3/15,3/16,4/17,4/18,5/19,5/20,6/21,6/22,7/23,7/24,8/25,8/26,9/27,9/28,10/29,10/30	11/1/12,13/2/14,15/3/16,17/4/18,19/5/20,21/6/22,23/7/24,25/8/26,27/9/28,29/10/30	-	-	1,2,3,4,5,6,7,8,9,10,1,1,2,2,3,3,4,4,5,5,6,6,7,7,8,8,9,9,10,10
maceoff_water_1377	6,6,6,6,6,6,6,1,1,1,1,1,1,1,1,1,1,1,1,1,1	0.0,0.0,0.0,0.0,0.0,0.0,0.0,0.0,0.0,0.0,0.0,0.0,0.0,0.0,0.0,0.0,0.0,0.0,0.0,0.0,0.0	0,0,0,0,0,0,0,0,0,0,0,0,0,0,0,0,0,0,0,0,0	2,2,2,2,2,2,2,1,1,1,1,1,1,1,1,1,1,1,1,1,1	1/8,1/9,2/10,2/11,3/12,3/13,4/14,4/15,5/16,5/17,6/18,6/19,7/20,7/21	8/1/9,10/2/11,12/3/13,14/4/15,16/5/17,18/6/19,20/7/21	-	-	1,2,3,4,5,6,7,1,1,2,2,3,3,4,4,5,5,6,6,7,7
maceoff_water_1378	6,6,6,6,6,6,6,6,6,1,1,1,1,1,1,1,1,1,1,1,1,1,1,1,1,1,1	0.0,0.0,0.0,0.0,0.0,0.0,0.0,0.0,0.0,0.0,0.0,0.0,0.0,0.0,0.0,0.0,0.0,0.0,0.0,0.0,0.0,0.0,0.0,0.0,0.0,0.0,0.0	0,0,0,0,0,0,0,0,0,0,0,0,0,0,0,0,0,0,0,0,0,0,0,0,0,0,0	2,2,2,2,2,2,2,2,2,1,1,1,1,1,1,1,1,1,1,1,1,1,1,1,1,1,1	1/10,1/11,2/12,2/13,3/14,3/15,4/16,4/17,5/18,5/19,6/20,6/21,7/22,7/23,8/24,8/25,9/26,9/27	10/1/11,12/2/13,14/3/15,16/4/17,18/5/19,20/6/21,22/7/23,24/8/25,26/9/27	-	-	1,2,3,4,5,6,7,8,9,1,1,2,2,3,3,4,4,5,5,6,6,7,7,8,8,9,9
maceoff_water_1379	6,6,6,6,6,6,6,1,1,1,1,1,1,1,1,1,1,1,1,1,1	0.0,0.0,0.0,0.0,0.0,0.0,0.0,0.0,0.0,0.0,0.0,0.0,0.0,0.0,0.0,0.0,0.0,0.0,0.0,0.0,0.0	0,0,0,0,0,0,0,0,0,0,0,0,0,0,0,0,0,0,0,0,0	2,2,2,2,2,2,2,1,1,1,1,1,1,1,1,1,1,1,1,1,1	1/8,1/9,2/10,2/11,3/12,3/13,4/14,4/15,5/16,5/17,6/18,6/19,7/20,7/21	8/1/9,10/2/11,12/3/13,14/4/15,16/5/17,18/6/19,20/7/21	-	-	1,2,3,4,5,6,7,1,1,2,2,3,3,4,4,5,5,6,6,7,7
maceoff_water_1380	6,6,6,6,6,6,1,1,1,1,1,1,1,1,1,1,1,1	0.0,0.0,0.0,0.0,0.0,0.0,0.0,0.0,0.0,0.0,0.0,0.0,0.0,0.0,0.0,0.0,0.0,0.0	0,0,0,0,0,0,0,0,0,0,0,0,0,0,0,0,0,0	2,2,2,2,2,2,1,1,1,1,1,1,1,1,1,1,1,1	1/7,1/8,2/9,2/10,3/11,3/12,4/13,4/14,5/15,5/16,6/17,6/18	7/1/8,9/2/10,11/3/12,13/4/14,15/5/16,17/6/18	-	-	1,2,3,4,5,6,1,1,2,2,3,3,4,4,5,5,6,6
maceoff_water_1381	6,6,6,6,6,6,6,6,6,6,1,1,1,1,1,1,1,1,1,1,1,1,1,1,1,1,1,1,1,1	0.0,0.0,0.0,0.0,0.0,0.0,0.0,0.0,0.0,0.0,0.0,0.0,0.0,0.0,0.0,0.0,0.0,0.0,0.0,0.0,0.0,0.0,0.0,0.0,0.0,0.0,0.0,0.0,0.0,0.0	0,0,0,0,0,0,0,0,0,0,0,0,0,0,0,0,0,0,0,0,0,0,0,0,0,0,0,0,0,0	2,2,2,2,2,2,2,2,2,2,1,1,1,1,1,1,1,1,1,1,1,1,1,1,1,1,1,1,1,1	1/11,1/12,2/13,2/14,3/15,3/16,4/17,4/18,5/19,5/20,6/21,6/22,7/23,7/24,8/25,8/26,9/27,9/28,10/29,10/30	11/1/12,13/2/14,15/3/16,17/4/18,19/5/20,21/6/22,23/7/24,25/8/26,27/9/28,29/10/30	-	-	1,2,3,4,5,6,7,8,9,10,1,1,2,2,3,3,4,4,5,5,6,6,7,7,8,8,9,9,10,10
maceoff_water_1382	6,6,1,1,1,1	0.0,0.0,0.0,0.0,0.0,0.0	0,0,0,0,0,0	2,2,1,1,1,1	1/3,1/4,2/5,2/6	3/1/4,5/2/6	-	-	1,2,1,1,2,2
maceoff_water_1383	6,6,6,6,6,6,1,1,1,1,1,1,1,1,1,1,1,1	0.0,0.0,0.0,0.0,0.0,0.0,0.0,0.0,0.0,0.0,0.0,0.0,0.0,0.0,0.0,0.0,0.0,0.0	0,0,0,0,0,0,0,0,0,0,0,0,0,0,0,0,0,0	2,2,2,2,2,2,1,1,1,1,1,1,1,1,1,1,1,1	1/7,1/8,2/9,2/10,3/11,3/12,4/13,4/14,5/15,5/16,6/17,6/18	7/1/8,9/2/10,11/3/12,13/4/14,15/5/16,17/6/18	-	-	1,2,3,4,5,6,1,1,2,2,3,3,4,4,5,5,6,6
maceoff_water_1384	6,6,6,1,1,1,1,1,1	0.0,0.0,0.0,0.0,0.0,0.0,0.0,0.0,0.0	0,0,0,0,0,0,0,0,0	2,2,2,1,1,1,1,1,1	1/4,1/5,2/6,2/7,3/8,3/9	4/1/5,6/2/7,8/3/9	-	-	1,2,3,1,1,2,2,3,3
maceoff_water_1385	6,6,6,6,6,6,6,6,6,1,1,1,1,1,1,1,1,1,1,1,1,1,1,1,1,1,1	0.0,0.0,0.0,0.0,0.0,0.0,0.0,0.0,0.0,0.0,0.0,0.0,0.0,0.0,0.0,0.0,0.0,0.0,0.0,0.0,0.0,0.0,0.0,0.0,0.0,0.0,0.0	0,0,0,0,0,0,0,0,0,0,0,0,0,0,0,0,0,0,0,0,0,0,0,0,0,0,0	2,2,2,2,2,2,2,2,2,1,1,1,1,1,1,1,1,1,1,1,1,1,1,1,1,1,1	1/10,1/11,2/12,2/13,3/14,3/15,4/16,4/17,5/18,5/19,6/20,6/21,7/22,7/23,8/24,8/25,9/26,9/27	10/1/11,12/2/13,14/3/15,16/4/17,18/5/19,20/6/21,22/7/23,24/8/25,26/9/27	-	-	1,2,3,4,5,6,7,8,9,1,1,2,2,3,3,4,4,5,5,6,6,7,7,8,8,9,9
maceoff_water_1386	6,6,6,6,6,1,1,1,1,1,1,1,1,1,1	0.0,0.0,0.0,0.0,0.0,0.0,0.0,0.0,0.0,0.0,0.0,0.0,0.0,0.0,0.0	0,0,0,0,0,0,0,0,0,0,0,0,0,0,0	2,2,2,2,2,1,1,1,1,1,1,1,1,1,1	1/6,1/7,2/8,2/9,3/10,3/11,4/12,4/13,5/14,5/15	6/1/7,8/2/9,10/3/11,12/4/13,14/5/15	-	-	1,2,3,4,5,1,1,2,2,3,3,4,4,5,5
maceoff_water_1387	6,6,6,6,6,6,6,1,1,1,1,1,1,1,1,1,1,1,1,1,1	0.0,0.0,0.0,0.0,0.0,0.0,0.0,0.0,0.0,0.0,0.0,0.0,0.0,0.0,0.0,0.0,0.0,0.0,0.0,0.0,0.0	0,0,0,0,0,0,0,0,0,0,0,0,0,0,0,0,0,0,0,0,0	2,2,2,2,2,2,2,1,1,1,1,1,1,1,1,1,1,1,1,1,1	1/8,1/9,2/10,2/11,3/12,3/13,4/14,4/15,5/16,5/17,6/18,6/19,7/20,7/21	8/1/9,10/2/11,12/3/13,14/4/15,16/5/17,18/6/19,20/7/21	-	-	1,2,3,4,5,6,7,1,1,2,2,3,3,4,4,5,5,6,6,7,7
maceoff_water_1388	6,6,6,6,6,6,1,1,1,1,1,1,1,1,1,1,1,1	0.0,0.0,0.0,0.0,0.0,0.0,0.0,0.0,0.0,0.0,0.0,0.0,0.0,0.0,0.0,0.0,0.0,0.0	0,0,0,0,0,0,0,0,0,0,0,0,0,0,0,0,0,0	2,2,2,2,2,2,1,1,1,1,1,1,1,1,1,1,1,1	1/7,1/8,2/9,2/10,3/11,3/12,4/13,4/14,5/15,5/16,6/17,6/18	7/1/8,9/2/10,11/3/12,13/4/14,15/5/16,17/6/18	-	-	1,2,3,4,5,6,1,1,2,2,3,3,4,4,5,5,6,6
maceoff_water_1389	6,6,6,6,6,6,6,6,6,6,6,6,6,6,6,6,6,6,6,6,6,6,6,6,6,1,1,1,1,1,1,1,1,1,1,1,1,1,1,1,1,1,1,1,1,1,1,1,1,1,1,1,1,1,1,1,1,1,1,1,1,1,1,1,1,1,1,1,1,1,1,1,1,1,1	0.0,0.0,0.0,0.0,0.0,0.0,0.0,0.0,0.0,0.0,0.0,0.0,0.0,0.0,0.0,0.0,0.0,0.0,0.0,0.0,0.0,0.0,0.0,0.0,0.0,0.0,0.0,0.0,0.0,0.0,0.0,0.0,0.0,0.0,0.0,0.0,0.0,0.0,0.0,0.0,0.0,0.0,0.0,0.0,0.0,0.0,0.0,0.0,0.0,0.0,0.0,0.0,0.0,0.0,0.0,0.0,0.0,0.0,0.0,0.0,0.0,0.0,0.0,0.0,0.0,0.0,0.0,0.0,0.0,0.0,0.0,0.0,0.0,0.0,0.0	0,0,0,0,0,0,0,0,0,0,0,0,0,0,0,0,0,0,0,0,0,0,0,0,0,0,0,0,0,0,0,0,0,0,0,0,0,0,0,0,0,0,0,0,0,0,0,0,0,0,0,0,0,0,0,0,0,0,0,0,0,0,0,0,0,0,0,0,0,0,0,0,0,0,0	2,2,2,2,2,2,2,2,2,2,2,2,2,2,2,2,2,2,2,2,2,2,2,2,2,1,1,1,1,1,1,1,1,1,1,1,1,1,1,1,1,1,1,1,1,1,1,1,1,1,1,1,1,1,1,1,1,1,1,1,1,1,1,1,1,1,1,1,1,1,1,1,1,1,1	1/26,1/27,2/28,2/29,3/30,3/31,4/32,4/33,5/34,5/35,6/36,6/37,7/38,7/39,8/40,8/41,9/42,9/43,10/44,10/45,11/46,11/47,12/48,12/49,13/50,13/51,14/52,14/53,15/54,15/55,16/56,16/57,17/58,17/59,18/60,18/61,19/62,19/63,20/64,20/65,21/66,21/67,22/68,22/69,23/70,23/71,24/72,24/73,25/74,25/75	26/1/27,28/2/29,30/3/31,32/4/33,34/5/35,36/6/37,38/7/39,40/8/41,42/9/43,44/10/45,46/11/47,48/12/49,50/13/51,52/14/53,54/15/55,56/16/57,58/17/59,60/18/61,62/19/63,64/20/65,66/21/67,68/22/69,70/23/71,72/24/73,74/25/75	-	-	1,2,3,4,5,6,7,8,9,10,11,12,13,14,15,16,17,18,19,20,21,22,23,24,25,1,1,2,2,3,3,4,4,5,5,6,6,7,7,8,8,9,9,10,10,11,11,12,12,13,13,14,14,15,15,16,16,17,17,18,18,19,19,20,20,21,21,22,22,23,23,24,24,25,25
maceoff_water_1390	6,1,1	0.0,0.0,0.0	0,0,0	2,1,1	1/2,1/3	2/1/3	-	-	1,1,1
maceoff_water_1391	6,6,6,6,6,6,6,6,6,6,1,1,1,1,1,1,1,1,1,1,1,1,1,1,1,1,1,1,1,1	0.0,0.0,0.0,0.0,0.0,0.0,0.0,0.0,0.0,0.0,0.0,0.0,0.0,0.0,0.0,0.0,0.0,0.0,0.0,0.0,0.0,0.0,0.0,0.0,0.0,0.0,0.0,0.0,0.0,0.0	0,0,0,0,0,0,0,0,0,0,0,0,0,0,0,0,0,0,0,0,0,0,0,0,0,0,0,0,0,0	2,2,2,2,2,2,2,2,2,2,1,1,1,1,1,1,1,1,1,1,1,1,1,1,1,1,1,1,1,1	1/11,1/12,2/13,2/14,3/15,3/16,4/17,4/18,5/19,5/20,6/21,6/22,7/23,7/24,8/25,8/26,9/27,9/28,10/29,10/30	11/1/12,13/2/14,15/3/16,17/4/18,19/5/20,21/6/22,23/7/24,25/8/26,27/9/28,29/10/30	-	-	1,2,3,4,5,6,7,8,9,10,1,1,2,2,3,3,4,4,5,5,6,6,7,7,8,8,9,9,10,10
maceoff_water_1392	6,6,6,6,6,6,6,6,1,1,1,1,1,1,1,1,1,1,1,1,1,1,1,1	0.0,0.0,0.0,0.0,0.0,0.0,0.0,0.0,0.0,0.0,0.0,0.0,0.0,0.0,0.0,0.0,0.0,0.0,0.0,0.0,0.0,0.0,0.0,0.0	0,0,0,0,0,0,0,0,0,0,0,0,0,0,0,0,0,0,0,0,0,0,0,0	2,2,2,2,2,2,2,2,1,1,1,1,1,1,1,1,1,1,1,1,1,1,1,1	1/9,1/10,2/11,2/12,3/13,3/14,4/15,4/16,5/17,5/18,6/19,6/20,7/21,7/22,8/23,8/24	9/1/10,11/2/12,13/3/14,15/4/16,17/5/18,19/6/20,21/7/22,23/8/24	-	-	1,2,3,4,5,6,7,8,1,1,2,2,3,3,4,4,5,5,6,6,7,7,8,8
maceoff_water_1393	6,6,6,6,6,6,6,6,6,6,6,6,6,6,6,6,6,6,6,6,6,6,6,6,6,1,1,1,1,1,1,1,1,1,1,1,1,1,1,1,1,1,1,1,1,1,1,1,1,1,1,1,1,1,1,1,1,1,1,1,1,1,1,1,1,1,1,1,1,1,1,1,1,1,1	0.0,0.0,0.0,0.0,0.0,0.0,0.0,0.0,0.0,0.0,0.0,0.0,0.0,0.0,0.0,0.0,0.0,0.0,0.0,0.0,0.0,0.0,0.0,0.0,0.0,0.0,0.0,0.0,0.0,0.0,0.0,0.0,0.0,0.0,0.0,0.0,0.0,0.0,0.0,0.0,0.0,0.0,0.0,0.0,0.0,0.0,0.0,0.0,0.0,0.0,0.0,0.0,0.0,0.0,0.0,0.0,0.0,0.0,0.0,0.0,0.0,0.0,0.0,0.0,0.0,0.0,0.0,0.0,0.0,0.0,0.0,0.0,0.0,0.0,0.0	0,0,0,0,0,0,0,0,0,0,0,0,0,0,0,0,0,0,0,0,0,0,0,0,0,0,0,0,0,0,0,0,0,0,0,0,0,0,0,0,0,0,0,0,0,0,0,0,0,0,0,0,0,0,0,0,0,0,0,0,0,0,0,0,0,0,0,0,0,0,0,0,0,0,0	2,2,2,2,2,2,2,2,2,2,2,2,2,2,2,2,2,2,2,2,2,2,2,2,2,1,1,1,1,1,1,1,1,1,1,1,1,1,1,1,1,1,1,1,1,1,1,1,1,1,1,1,1,1,1,1,1,1,1,1,1,1,1,1,1,1,1,1,1,1,1,1,1,1,1	1/26,1/27,2/28,2/29,3/30,3/31,4/32,4/33,5/34,5/35,6/36,6/37,7/38,7/39,8/40,8/41,9/42,9/43,10/44,10/45,11/46,11/47,12/48,12/49,13/50,13/51,14/52,14/53,15/54,15/55,16/56,16/57,17/58,17/59,18/60,18/61,19/62,19/63,20/64,20/65,21/66,21/67,22/68,22/69,23/70,23/71,24/72,24/73,25/74,25/75	26/1/27,28/2/29,30/3/31,32/4/33,34/5/35,36/6/37,38/7/39,40/8/41,42/9/43,44/10/45,46/11/47,48/12/49,50/13/51,52/14/53,54/15/55,56/16/57,58/17/59,60/18/61,62/19/63,64/20/65,66/21/67,68/22/69,70/23/71,72/24/73,74/25/75	-	-	1,2,3,4,5,6,7,8,9,10,11,12,13,14,15,16,17,18,19,20,21,22,23,24,25,1,1,2,2,3,3,4,4,5,5,6,6,7,7,8,8,9,9,10,10,11,11,12,12,13,13,14,14,15,15,16,16,17,17,18,18,19,19,20,20,21,21,22,22,23,23,24,24,25,25
maceoff_water_1394	6,6,1,1,1,1	0.0,0.0,0.0,0.0,0.0,0.0	0,0,0,0,0,0	2,2,1,1,1,1	1/3,1/4,2/5,2/6	3/1/4,5/2/6	-	-	1,2,1,1,2,2
maceoff_water_1395	6,6,1,1,1,1	0.0,0.0,0.0,0.0,0.0,0.0	0,0,0,0,0,0	2,2,1,1,1,1	1/3,1/4,2/5,2/6	3/1/4,5/2/6	-	-	1,2,1,1,2,2
maceoff_water_1396	6,6,6,6,6,1,1,1,1,1,1,1,1,1,1	0.0,0.0,0.0,0.0,0.0,0.0,0.0,0.0,0.0,0.0,0.0,0.0,0.0,0.0,0.0	0,0,0,0,0,0,0,0,0,0,0,0,0,0,0	2,2,2,2,2,1,1,1,1,1,1,1,1,1,1	1/6,1/7,2/8,2/9,3/10,3/11,4/12,4/13,5/14,5/15	6/1/7,8/2/9,10/3/11,12/4/13,14/5/15	-	-	1,2,3,4,5,1,1,2,2,3,3,4,4,5,5
maceoff_water_1397	6,6,6,6,6,6,6,6,6,6,6,6,1,1,1,1,1,1,1,1,1,1,1,1,1,1,1,1,1,1,1,1,1,1,1,1	0.0,0.0,0.0,0.0,0.0,0.0,0.0,0.0,0.0,0.0,0.0,0.0,0.0,0.0,0.0,0.0,0.0,0.0,0.0,0.0,0.0,0.0,0.0,0.0,0.0,0.0,0.0,0.0,0.0,0.0,0.0,0.0,0.0,0.0,0.0,0.0	0,0,0,0,0,0,0,0,0,0,0,0,0,0,0,0,0,0,0,0,0,0,0,0,0,0,0,0,0,0,0,0,0,0,0,0	2,2,2,2,2,2,2,2,2,2,2,2,1,1,1,1,1,1,1,1,1,1,1,1,1,1,1,1,1,1,1,1,1,1,1,1	1/13,1/14,2/15,2/16,3/17,3/18,4/19,4/20,5/21,5/22,6/23,6/24,7/25,7/26,8/27,8/28,9/29,9/30,10/31,10/32,11/33,11/34,12/35,12/36	13/1/14,15/2/16,17/3/18,19/4/20,21/5/22,23/6/24,25/7/26,27/8/28,29/9/30,31/10/32,33/11/34,35/12/36	-	-	1,2,3,4,5,6,7,8,9,10,11,12,1,1,2,2,3,3,4,4,5,5,6,6,7,7,8,8,9,9,10,10,11,11,12,12
maceoff_water_1398	6,6,6,6,6,1,1,1,1,1,1,1,1,1,1	0.0,0.0,0.0,0.0,0.0,0.0,0.0,0.0,0.0,0.0,0.0,0.0,0.0,0.0,0.0	0,0,0,0,0,0,0,0,0,0,0,0,0,0,0	2,2,2,2,2,1,1,1,1,1,1,1,1,1,1	1/6,1/7,2/8,2/9,3/10,3/11,4/12,4/13,5/14,5/15	6/1/7,8/2/9,10/3/11,12/4/13,14/5/15	-	-	1,2,3,4,5,1,1,2,2,3,3,4,4,5,5
maceoff_water_1399	6,6,6,6,6,6,6,6,1,1,1,1,1,1,1,1,1,1,1,1,1,1,1,1	0.0,0.0,0.0,0.0,0.0,0.0,0.0,0.0,0.0,0.0,0.0,0.0,0.0,0.0,0.0,0.0,0.0,0.0,0.0,0.0,0.0,0.0,0.0,0.0	0,0,0,0,0,0,0,0,0,0,0,0,0,0,0,0,0,0,0,0,0,0,0,0	2,2,2,2,2,2,2,2,1,1,1,1,1,1,1,1,1,1,1,1,1,1,1,1	1/9,1/10,2/11,2/12,3/13,3/14,4/15,4/16,5/17,5/18,6/19,6/20,7/21,7/22,8/23,8/24	9/1/10,11/2/12,13/3/14,15/4/16,17/5/18,19/6/20,21/7/22,23/8/24	-	-	1,2,3,4,5,6,7,8,1,1,2,2,3,3,4,4,5,5,6,6,7,7,8,8
maceoff_water_1400	6,6,6,6,6,6,6,6,6,1,1,1,1,1,1,1,1,1,1,1,1,1,1,1,1,1,1	0.0,0.0,0.0,0.0,0.0,0.0,0.0,0.0,0.0,0.0,0.0,0.0,0.0,0.0,0.0,0.0,0.0,0.0,0.0,0.0,0.0,0.0,0.0,0.0,0.0,0.0,0.0	0,0,0,0,0,0,0,0,0,0,0,0,0,0,0,0,0,0,0,0,0,0,0,0,0,0,0	2,2,2,2,2,2,2,2,2,1,1,1,1,1,1,1,1,1,1,1,1,1,1,1,1,1,1	1/10,1/11,2/12,2/13,3/14,3/15,4/16,4/17,5/18,5/19,6/20,6/21,7/22,7/23,8/24,8/25,9/26,9/27	10/1/11,12/2/13,14/3/15,16/4/17,18/5/19,20/6/21,22/7/23,24/8/25,26/9/27	-	-	1,2,3,4,5,6,7,8,9,1,1,2,2,3,3,4,4,5,5,6,6,7,7,8,8,9,9
maceoff_water_1401	6,6,6,6,6,6,6,6,6,1,1,1,1,1,1,1,1,1,1,1,1,1,1,1,1,1,1	0.0,0.0,0.0,0.0,0.0,0.0,0.0,0.0,0.0,0.0,0.0,0.0,0.0,0.0,0.0,0.0,0.0,0.0,0.0,0.0,0.0,0.0,0.0,0.0,0.0,0.0,0.0	0,0,0,0,0,0,0,0,0,0,0,0,0,0,0,0,0,0,0,0,0,0,0,0,0,0,0	2,2,2,2,2,2,2,2,2,1,1,1,1,1,1,1,1,1,1,1,1,1,1,1,1,1,1	1/10,1/11,2/12,2/13,3/14,3/15,4/16,4/17,5/18,5/19,6/20,6/21,7/22,7/23,8/24,8/25,9/26,9/27	10/1/11,12/2/13,14/3/15,16/4/17,18/5/19,20/6/21,22/7/23,24/8/25,26/9/27	-	-	1,2,3,4,5,6,7,8,9,1,1,2,2,3,3,4,4,5,5,6,6,7,7,8,8,9,9
maceoff_water_1402	6,6,1,1,1,1	0.0,0.0,0.0,0.0,0.0,0.0	0,0,0,0,0,0	2,2,1,1,1,1	1/3,1/4,2/5,2/6	3/1/4,5/2/6	-	-	1,2,1,1,2,2
maceoff_water_1403	6,6,6,6,6,1,1,1,1,1,1,1,1,1,1	0.0,0.0,0.0,0.0,0.0,0.0,0.0,0.0,0.0,0.0,0.0,0.0,0.0,0.0,0.0	0,0,0,0,0,0,0,0,0,0,0,0,0,0,0	2,2,2,2,2,1,1,1,1,1,1,1,1,1,1	1/6,1/7,2/8,2/9,3/10,3/11,4/12,4/13,5/14,5/15	6/1/7,8/2/9,10/3/11,12/4/13,14/5/15	-	-	1,2,3,4,5,1,1,2,2,3,3,4,4,5,5
maceoff_water_1404	6,6,6,6,6,6,6,6,6,6,6,6,6,6,6,6,6,6,6,6,6,6,6,6,6,6,6,6,6,6,6,6,6,6,6,6,6,6,6,6,6,6,6,6,6,6,6,6,6,6,1,1,1,1,1,1,1,1,1,1,1,1,1,1,1,1,1,1,1,1,1,1,1,1,1,1,1,1,1,1,1,1,1,1,1,1,1,1,1,1,1,1,1,1,1,1,1,1,1,1,1,1,1,1,1,1,1,1,1,1,1,1,1,1,1,1,1,1,1,1,1,1,1,1,1,1,1,1,1,1,1,1,1,1,1,1,1,1,1,1,1,1,1,1,1,1,1,1,1,1	0.0,0.0,0.0,0.0,0.0,0.0,0.0,0.0,0.0,0.0,0.0,0.0,0.0,0.0,0.0,0.0,0.0,0.0,0.0,0.0,0.0,0.0,0.0,0.0,0.0,0.0,0.0,0.0,0.0,0.0,0.0,0.0,0.0,0.0,0.0,0.0,0.0,0.0,0.0,0.0,0.0,0.0,0.0,0.0,0.0,0.0,0.0,0.0,0.0,0.0,0.0,0.0,0.0,0.0,0.0,0.0,0.0,0.0,0.0,0.0,0.0,0.0,0.0,0.0,0.0,0.0,0.0,0.0,0.0,0.0,0.0,0.0,0.0,0.0,0.0,0.0,0.0,0.0,0.0,0.0,0.0,0.0,0.0,0.0,0.0,0.0,0.0,0.0,0.0,0.0,0.0,0.0,0.0,0.0,0.0,0.0,0.0,0.0,0.0,0.0,0.0,0.0,0.0,0.0,0.0,0.0,0.0,0.0,0.0,0.0,0.0,0.0,0.0,0.0,0.0,0.0,0.0,0.0,0.0,0.0,0.0,0.0,0.0,0.0,0.0,0.0,0.0,0.0,0.0,0.0,0.0,0.0,0.0,0.0,0.0,0.0,0.0,0.0,0.0,0.0,0.0,0.0,0.0,0.0,0.0,0.0,0.0,0.0,0.0,0.0	0,0,0,0,0,0,0,0,0,0,0,0,0,0,0,0,0,0,0,0,0,0,0,0,0,0,0,0,0,0,0,0,0,0,0,0,0,0,0,0,0,0,0,0,0,0,0,0,0,0,0,0,0,0,0,0,0,0,0,0,0,0,0,0,0,0,0,0,0,0,0,0,0,0,0,0,0,0,0,0,0,0,0,0,0,0,0,0,0,0,0,0,0,0,0,0,0,0,0,0,0,0,0,0,0,0,0,0,0,0,0,0,0,0,0,0,0,0,0,0,0,0,0,0,0,0,0,0,0,0,0,0,0,0,0,0,0,0,0,0,0,0,0,0,0,0,0,0,0,0	2,2,2,2,2,2,2,2,2,2,2,2,2,2,2,2,2,2,2,2,2,2,2,2,2,2,2,2,2,2,2,2,2,2,2,2,2,2,2,2,2,2,2,2,2,2,2,2,2,2,1,1,1,1,1,1,1,1,1,1,1,1,1,1,1,1,1,1,1,1,1,1,1,1,1,1,1,1,1,1,1,1,1,1,1,1,1,1,1,1,1,1,1,1,1,1,1,1,1,1,1,1,1,1,1,1,1,1,1,1,1,1,1,1,1,1,1,1,1,1,1,1,1,1,1,1,1,1,1,1,1,1,1,1,1,1,1,1,1,1,1,1,1,1,1,1,1,1,1,1	1/51,1/52,2/53,2/54,3/55,3/56,4/57,4/58,5/59,5/60,6/61,6/62,7/63,7/64,8/65,8/66,9/67,9/68,10/69,10/70,11/71,11/72,12/73,12/74,13/75,13/76,14/77,14/78,15/79,15/80,16/81,16/82,17/83,17/84,18/85,18/86,19/87,19/88,20/89,20/90,21/91,21/92,22/93,22/94,23/95,23/96,24/97,24/98,25/99,25/100,26/101,26/102,27/103,27/104,28/105,28/106,29/107,29/108,30/109,30/110,31/111,31/112,32/113,32/114,33/115,33/116,34/117,34/118,35/119,35/120,36/121,36/122,37/123,37/124,38/125,38/126,39/127,39/128,40/129,40/130,41/131,41/132,42/133,42/134,43/135,43/136,44/137,44/138,45/139,45/140,46/141,46/142,47/143,47/144,48/145,48/146,49/147,49/148,50/149,50/150	51/1/52,53/2/54,55/3/56,57/4/58,59/5/60,61/6/62,63/7/64,65/8/66,67/9/68,69/10/70,71/11/72,73/12/74,75/13/76,77/14/78,79/15/80,81/16/82,83/17/84,85/18/86,87/19/88,89/20/90,91/21/92,93/22/94,95/23/96,97/24/98,99/25/100,101/26/102,103/27/104,105/28/106,107/29/108,109/30/110,111/31/112,113/32/114,115/33/116,117/34/118,119/35/120,121/36/122,123/37/124,125/38/126,127/39/128,129/40/130,131/41/132,133/42/134,135/43/136,137/44/138,139/45/140,141/46/142,143/47/144,145/48/146,147/49/148,149/50/150	-	-	1,2,3,4,5,6,7,8,9,10,11,12,13,14,15,16,17,18,19,20,21,22,23,24,25,26,27,28,29,30,31,32,33,34,35,36,37,38,39,40,41,42,43,44,45,46,47,48,49,50,1,1,2,2,3,3,4,4,5,5,6,6,7,7,8,8,9,9,10,10,11,11,12,12,13,13,14,14,15,15,16,16,17,17,18,18,19,19,20,20,21,21,22,22,23,23,24,24,25,25,26,26,27,27,28,28,29,29,30,30,31,31,32,32,33,33,34,34,35,35,36,36,37,37,38,38,39,39,40,40,41,41,42,42,43,43,44,44,45,45,46,46,47,47,48,48,49,49,50,50
maceoff_water_1405	6,6,6,6,1,1,1,1,1,1,1,1	0.0,0.0,0.0,0.0,0.0,0.0,0.0,0.0,0.0,0.0,0.0,0.0	0,0,0,0,0,0,0,0,0,0,0,0	2,2,2,2,1,1,1,1,1,1,1,1	1/5,1/6,2/7,2/8,3/9,3/10,4/11,4/12	5/1/6,7/2/8,9/3/10,11/4/12	-	-	1,2,3,4,1,1,2,2,3,3,4,4
maceoff_water_1406	6,6,6,6,6,1,1,1,1,1,1,1,1,1,1	0.0,0.0,0.0,0.0,0.0,0.0,0.0,0.0,0.0,0.0,0.0,0.0,0.0,0.0,0.0	0,0,0,0,0,0,0,0,0,0,0,0,0,0,0	2,2,2,2,2,1,1,1,1,1,1,1,1,1,1	1/6,1/7,2/8,2/9,3/10,3/11,4/12,4/13,5/14,5/15	6/1/7,8/2/9,10/3/11,12/4/13,14/5/15	-	-	1,2,3,4,5,1,1,2,2,3,3,4,4,5,5
maceoff_water_1407	6,1,1	0.0,0.0,0.0	0,0,0	2,1,1	1/2,1/3	2/1/3	-	-	1,1,1
maceoff_water_1408	6,6,6,6,6,6,6,6,1,1,1,1,1,1,1,1,1,1,1,1,1,1,1,1	0.0,0.0,0.0,0.0,0.0,0.0,0.0,0.0,0.0,0.0,0.0,0.0,0.0,0.0,0.0,0.0,0.0,0.0,0.0,0.0,0.0,0.0,0.0,0.0	0,0,0,0,0,0,0,0,0,0,0,0,0,0,0,0,0,0,0,0,0,0,0,0	2,2,2,2,2,2,2,2,1,1,1,1,1,1,1,1,1,1,1,1,1,1,1,1	1/9,1/10,2/11,2/12,3/13,3/14,4/15,4/16,5/17,5/18,6/19,6/20,7/21,7/22,8/23,8/24	9/1/10,11/2/12,13/3/14,15/4/16,17/5/18,19/6/20,21/7/22,23/8/24	-	-	1,2,3,4,5,6,7,8,1,1,2,2,3,3,4,4,5,5,6,6,7,7,8,8
maceoff_water_1409	6,6,6,6,1,1,1,1,1,1,1,1	0.0,0.0,0.0,0.0,0.0,0.0,0.0,0.0,0.0,0.0,0.0,0.0	0,0,0,0,0,0,0,0,0,0,0,0	2,2,2,2,1,1,1,1,1,1,1,1	1/5,1/6,2/7,2/8,3/9,3/10,4/11,4/12	5/1/6,7/2/8,9/3/10,11/4/12	-	-	1,2,3,4,1,1,2,2,3,3,4,4
maceoff_water_1410	6,6,1,1,1,1	0.0,0.0,0.0,0.0,0.0,0.0	0,0,0,0,0,0	2,2,1,1,1,1	1/3,1/4,2/5,2/6	3/1/4,5/2/6	-	-	1,2,1,1,2,2
maceoff_water_1411	6,6,6,6,6,6,6,6,1,1,1,1,1,1,1,1,1,1,1,1,1,1,1,1	0.0,0.0,0.0,0.0,0.0,0.0,0.0,0.0,0.0,0.0,0.0,0.0,0.0,0.0,0.0,0.0,0.0,0.0,0.0,0.0,0.0,0.0,0.0,0.0	0,0,0,0,0,0,0,0,0,0,0,0,0,0,0,0,0,0,0,0,0,0,0,0	2,2,2,2,2,2,2,2,1,1,1,1,1,1,1,1,1,1,1,1,1,1,1,1	1/9,1/10,2/11,2/12,3/13,3/14,4/15,4/16,5/17,5/18,6/19,6/20,7/21,7/22,8/23,8/24	9/1/10,11/2/12,13/3/14,15/4/16,17/5/18,19/6/20,21/7/22,23/8/24	-	-	1,2,3,4,5,6,7,8,1,1,2,2,3,3,4,4,5,5,6,6,7,7,8,8
maceoff_water_1412	6,1,1	0.0,0.0,0.0	0,0,0	2,1,1	1/2,1/3	2/1/3	-	-	1,1,1
maceoff_water_1413	6,6,6,6,6,6,6,6,1,1,1,1,1,1,1,1,1,1,1,1,1,1,1,1	0.0,0.0,0.0,0.0,0.0,0.0,0.0,0.0,0.0,0.0,0.0,0.0,0.0,0.0,0.0,0.0,0.0,0.0,0.0,0.0,0.0,0.0,0.0,0.0	0,0,0,0,0,0,0,0,0,0,0,0,0,0,0,0,0,0,0,0,0,0,0,0	2,2,2,2,2,2,2,2,1,1,1,1,1,1,1,1,1,1,1,1,1,1,1,1	1/9,1/10,2/11,2/12,3/13,3/14,4/15,4/16,5/17,5/18,6/19,6/20,7/21,7/22,8/23,8/24	9/1/10,11/2/12,13/3/14,15/4/16,17/5/18,19/6/20,21/7/22,23/8/24	-	-	1,2,3,4,5,6,7,8,1,1,2,2,3,3,4,4,5,5,6,6,7,7,8,8
maceoff_water_1414	6,6,6,6,6,6,6,6,6,6,1,1,1,1,1,1,1,1,1,1,1,1,1,1,1,1,1,1,1,1	0.0,0.0,0.0,0.0,0.0,0.0,0.0,0.0,0.0,0.0,0.0,0.0,0.0,0.0,0.0,0.0,0.0,0.0,0.0,0.0,0.0,0.0,0.0,0.0,0.0,0.0,0.0,0.0,0.0,0.0	0,0,0,0,0,0,0,0,0,0,0,0,0,0,0,0,0,0,0,0,0,0,0,0,0,0,0,0,0,0	2,2,2,2,2,2,2,2,2,2,1,1,1,1,1,1,1,1,1,1,1,1,1,1,1,1,1,1,1,1	1/11,1/12,2/13,2/14,3/15,3/16,4/17,4/18,5/19,5/20,6/21,6/22,7/23,7/24,8/25,8/26,9/27,9/28,10/29,10/30	11/1/12,13/2/14,15/3/16,17/4/18,19/5/20,21/6/22,23/7/24,25/8/26,27/9/28,29/10/30	-	-	1,2,3,4,5,6,7,8,9,10,1,1,2,2,3,3,4,4,5,5,6,6,7,7,8,8,9,9,10,10
maceoff_water_1415	6,6,6,6,6,1,1,1,1,1,1,1,1,1,1	0.0,0.0,0.0,0.0,0.0,0.0,0.0,0.0,0.0,0.0,0.0,0.0,0.0,0.0,0.0	0,0,0,0,0,0,0,0,0,0,0,0,0,0,0	2,2,2,2,2,1,1,1,1,1,1,1,1,1,1	1/6,1/7,2/8,2/9,3/10,3/11,4/12,4/13,5/14,5/15	6/1/7,8/2/9,10/3/11,12/4/13,14/5/15	-	-	1,2,3,4,5,1,1,2,2,3,3,4,4,5,5
maceoff_water_1416	6,6,6,6,1,1,1,1,1,1,1,1	0.0,0.0,0.0,0.0,0.0,0.0,0.0,0.0,0.0,0.0,0.0,0.0	0,0,0,0,0,0,0,0,0,0,0,0	2,2,2,2,1,1,1,1,1,1,1,1	1/5,1/6,2/7,2/8,3/9,3/10,4/11,4/12	5/1/6,7/2/8,9/3/10,11/4/12	-	-	1,2,3,4,1,1,2,2,3,3,4,4
maceoff_water_1417	6,6,6,6,6,6,6,1,1,1,1,1,1,1,1,1,1,1,1,1,1	0.0,0.0,0.0,0.0,0.0,0.0,0.0,0.0,0.0,0.0,0.0,0.0,0.0,0.0,0.0,0.0,0.0,0.0,0.0,0.0,0.0	0,0,0,0,0,0,0,0,0,0,0,0,0,0,0,0,0,0,0,0,0	2,2,2,2,2,2,2,1,1,1,1,1,1,1,1,1,1,1,1,1,1	1/8,1/9,2/10,2/11,3/12,3/13,4/14,4/15,5/16,5/17,6/18,6/19,7/20,7/21	8/1/9,10/2/11,12/3/13,14/4/15,16/5/17,18/6/19,20/7/21	-	-	1,2,3,4,5,6,7,1,1,2,2,3,3,4,4,5,5,6,6,7,7
maceoff_water_1418	6,6,6,6,6,6,6,6,1,1,1,1,1,1,1,1,1,1,1,1,1,1,1,1	0.0,0.0,0.0,0.0,0.0,0.0,0.0,0.0,0.0,0.0,0.0,0.0,0.0,0.0,0.0,0.0,0.0,0.0,0.0,0.0,0.0,0.0,0.0,0.0	0,0,0,0,0,0,0,0,0,0,0,0,0,0,0,0,0,0,0,0,0,0,0,0	2,2,2,2,2,2,2,2,1,1,1,1,1,1,1,1,1,1,1,1,1,1,1,1	1/9,1/10,2/11,2/12,3/13,3/14,4/15,4/16,5/17,5/18,6/19,6/20,7/21,7/22,8/23,8/24	9/1/10,11/2/12,13/3/14,15/4/16,17/5/18,19/6/20,21/7/22,23/8/24	-	-	1,2,3,4,5,6,7,8,1,1,2,2,3,3,4,4,5,5,6,6,7,7,8,8
maceoff_water_1419	6,6,6,1,1,1,1,1,1	0.0,0.0,0.0,0.0,0.0,0.0,0.0,0.0,0.0	0,0,0,0,0,0,0,0,0	2,2,2,1,1,1,1,1,1	1/4,1/5,2/6,2/7,3/8,3/9	4/1/5,6/2/7,8/3/9	-	-	1,2,3,1,1,2,2,3,3
maceoff_water_1420	6,6,6,6,6,1,1,1,1,1,1,1,1,1,1	0.0,0.0,0.0,0.0,0.0,0.0,0.0,0.0,0.0,0.0,0.0,0.0,0.0,0.0,0.0	0,0,0,0,0,0,0,0,0,0,0,0,0,0,0	2,2,2,2,2,1,1,1,1,1,1,1,1,1,1	1/6,1/7,2/8,2/9,3/10,3/11,4/12,4/13,5/14,5/15	6/1/7,8/2/9,10/3/11,12/4/13,14/5/15	-	-	1,2,3,4,5,1,1,2,2,3,3,4,4,5,5
maceoff_water_1421	6,6,6,6,6,6,6,1,1,1,1,1,1,1,1,1,1,1,1,1,1	0.0,0.0,0.0,0.0,0.0,0.0,0.0,0.0,0.0,0.0,0.0,0.0,0.0,0.0,0.0,0.0,0.0,0.0,0.0,0.0,0.0	0,0,0,0,0,0,0,0,0,0,0,0,0,0,0,0,0,0,0,0,0	2,2,2,2,2,2,2,1,1,1,1,1,1,1,1,1,1,1,1,1,1	1/8,1/9,2/10,2/11,3/12,3/13,4/14,4/15,5/16,5/17,6/18,6/19,7/20,7/21	8/1/9,10/2/11,12/3/13,14/4/15,16/5/17,18/6/19,20/7/21	-	-	1,2,3,4,5,6,7,1,1,2,2,3,3,4,4,5,5,6,6,7,7
maceoff_water_1422	6,6,6,6,1,1,1,1,1,1,1,1	0.0,0.0,0.0,0.0,0.0,0.0,0.0,0.0,0.0,0.0,0.0,0.0	0,0,0,0,0,0,0,0,0,0,0,0	2,2,2,2,1,1,1,1,1,1,1,1	1/5,1/6,2/7,2/8,3/9,3/10,4/11,4/12	5/1/6,7/2/8,9/3/10,11/4/12	-	-	1,2,3,4,1,1,2,2,3,3,4,4
maceoff_water_1423	6,6,6,6,1,1,1,1,1,1,1,1	0.0,0.0,0.0,0.0,0.0,0.0,0.0,0.0,0.0,0.0,0.0,0.0	0,0,0,0,0,0,0,0,0,0,0,0	2,2,2,2,1,1,1,1,1,1,1,1	1/5,1/6,2/7,2/8,3/9,3/10,4/11,4/12	5/1/6,7/2/8,9/3/10,11/4/12	-	-	1,2,3,4,1,1,2,2,3,3,4,4
maceoff_water_1424	6,6,1,1,1,1	0.0,0.0,0.0,0.0,0.0,0.0	0,0,0,0,0,0	2,2,1,1,1,1	1/3,1/4,2/5,2/6	3/1/4,5/2/6	-	-	1,2,1,1,2,2
maceoff_water_1425	6,6,1,1,1,1	0.0,0.0,0.0,0.0,0.0,0.0	0,0,0,0,0,0	2,2,1,1,1,1	1/3,1/4,2/5,2/6	3/1/4,5/2/6	-	-	1,2,1,1,2,2
maceoff_water_1426	6,6,6,6,1,1,1,1,1,1,1,1	0.0,0.0,0.0,0.0,0.0,0.0,0.0,0.0,0.0,0.0,0.0,0.0	0,0,0,0,0,0,0,0,0,0,0,0	2,2,2,2,1,1,1,1,1,1,1,1	1/5,1/6,2/7,2/8,3/9,3/10,4/11,4/12	5/1/6,7/2/8,9/3/10,11/4/12	-	-	1,2,3,4,1,1,2,2,3,3,4,4
maceoff_water_1427	6,6,6,6,6,6,6,6,6,6,6,1,1,1,1,1,1,1,1,1,1,1,1,1,1,1,1,1,1,1,1,1,1	0.0,0.0,0.0,0.0,0.0,0.0,0.0,0.0,0.0,0.0,0.0,0.0,0.0,0.0,0.0,0.0,0.0,0.0,0.0,0.0,0.0,0.0,0.0,0.0,0.0,0.0,0.0,0.0,0.0,0.0,0.0,0.0,0.0	0,0,0,0,0,0,0,0,0,0,0,0,0,0,0,0,0,0,0,0,0,0,0,0,0,0,0,0,0,0,0,0,0	2,2,2,2,2,2,2,2,2,2,2,1,1,1,1,1,1,1,1,1,1,1,1,1,1,1,1,1,1,1,1,1,1	1/12,1/13,2/14,2/15,3/16,3/17,4/18,4/19,5/20,5/21,6/22,6/23,7/24,7/25,8/26,8/27,9/28,9/29,10/30,10/31,11/32,11/33	12/1/13,14/2/15,16/3/17,18/4/19,20/5/21,22/6/23,24/7/25,26/8/27,28/9/29,30/10/31,32/11/33	-	-	1,2,3,4,5,6,7,8,9,10,11,1,1,2,2,3,3,4,4,5,5,6,6,7,7,8,8,9,9,10,10,11,11
maceoff_water_1428	6,6,6,6,1,1,1,1,1,1,1,1	0.0,0.0,0.0,0.0,0.0,0.0,0.0,0.0,0.0,0.0,0.0,0.0	0,0,0,0,0,0,0,0,0,0,0,0	2,2,2,2,1,1,1,1,1,1,1,1	1/5,1/6,2/7,2/8,3/9,3/10,4/11,4/12	5/1/6,7/2/8,9/3/10,11/4/12	-	-	1,2,3,4,1,1,2,2,3,3,4,4
maceoff_water_1429	6,1,1	0.0,0.0,0.0	0,0,0	2,1,1	1/2,1/3	2/1/3	-	-	1,1,1
maceoff_water_1430	6,6,1,1,1,1	0.0,0.0,0.0,0.0,0.0,0.0	0,0,0,0,0,0	2,2,1,1,1,1	1/3,1/4,2/5,2/6	3/1/4,5/2/6	-	-	1,2,1,1,2,2
maceoff_water_1431	6,1,1	0.0,0.0,0.0	0,0,0	2,1,1	1/2,1/3	2/1/3	-	-	1,1,1
maceoff_water_1432	6,6,6,6,6,6,6,6,1,1,1,1,1,1,1,1,1,1,1,1,1,1,1,1	0.0,0.0,0.0,0.0,0.0,0.0,0.0,0.0,0.0,0.0,0.0,0.0,0.0,0.0,0.0,0.0,0.0,0.0,0.0,0.0,0.0,0.0,0.0,0.0	0,0,0,0,0,0,0,0,0,0,0,0,0,0,0,0,0,0,0,0,0,0,0,0	2,2,2,2,2,2,2,2,1,1,1,1,1,1,1,1,1,1,1,1,1,1,1,1	1/9,1/10,2/11,2/12,3/13,3/14,4/15,4/16,5/17,5/18,6/19,6/20,7/21,7/22,8/23,8/24	9/1/10,11/2/12,13/3/14,15/4/16,17/5/18,19/6/20,21/7/22,23/8/24	-	-	1,2,3,4,5,6,7,8,1,1,2,2,3,3,4,4,5,5,6,6,7,7,8,8
maceoff_water_1433	6,6,6,1,1,1,1,1,1	0.0,0.0,0.0,0.0,0.0,0.0,0.0,0.0,0.0	0,0,0,0,0,0,0,0,0	2,2,2,1,1,1,1,1,1	1/4,1/5,2/6,2/7,3/8,3/9	4/1/5,6/2/7,8/3/9	-	-	1,2,3,1,1,2,2,3,3
maceoff_water_1434	6,6,1,1,1,1	0.0,0.0,0.0,0.0,0.0,0.0	0,0,0,0,0,0	2,2,1,1,1,1	1/3,1/4,2/5,2/6	3/1/4,5/2/6	-	-	1,2,1,1,2,2
maceoff_water_1435	6,6,6,1,1,1,1,1,1	0.0,0.0,0.0,0.0,0.0,0.0,0.0,0.0,0.0	0,0,0,0,0,0,0,0,0	2,2,2,1,1,1,1,1,1	1/4,1/5,2/6,2/7,3/8,3/9	4/1/5,6/2/7,8/3/9	-	-	1,2,3,1,1,2,2,3,3
maceoff_water_1436	6,6,6,6,6,6,6,6,6,1,1,1,1,1,1,1,1,1,1,1,1,1,1,1,1,1,1	0.0,0.0,0.0,0.0,0.0,0.0,0.0,0.0,0.0,0.0,0.0,0.0,0.0,0.0,0.0,0.0,0.0,0.0,0.0,0.0,0.0,0.0,0.0,0.0,0.0,0.0,0.0	0,0,0,0,0,0,0,0,0,0,0,0,0,0,0,0,0,0,0,0,0,0,0,0,0,0,0	2,2,2,2,2,2,2,2,2,1,1,1,1,1,1,1,1,1,1,1,1,1,1,1,1,1,1	1/10,1/11,2/12,2/13,3/14,3/15,4/16,4/17,5/18,5/19,6/20,6/21,7/22,7/23,8/24,8/25,9/26,9/27	10/1/11,12/2/13,14/3/15,16/4/17,18/5/19,20/6/21,22/7/23,24/8/25,26/9/27	-	-	1,2,3,4,5,6,7,8,9,1,1,2,2,3,3,4,4,5,5,6,6,7,7,8,8,9,9
maceoff_water_1437	6,6,6,6,6,6,1,1,1,1,1,1,1,1,1,1,1,1	0.0,0.0,0.0,0.0,0.0,0.0,0.0,0.0,0.0,0.0,0.0,0.0,0.0,0.0,0.0,0.0,0.0,0.0	0,0,0,0,0,0,0,0,0,0,0,0,0,0,0,0,0,0	2,2,2,2,2,2,1,1,1,1,1,1,1,1,1,1,1,1	1/7,1/8,2/9,2/10,3/11,3/12,4/13,4/14,5/15,5/16,6/17,6/18	7/1/8,9/2/10,11/3/12,13/4/14,15/5/16,17/6/18	-	-	1,2,3,4,5,6,1,1,2,2,3,3,4,4,5,5,6,6
maceoff_water_1438	6,6,6,6,6,6,6,6,6,1,1,1,1,1,1,1,1,1,1,1,1,1,1,1,1,1,1	0.0,0.0,0.0,0.0,0.0,0.0,0.0,0.0,0.0,0.0,0.0,0.0,0.0,0.0,0.0,0.0,0.0,0.0,0.0,0.0,0.0,0.0,0.0,0.0,0.0,0.0,0.0	0,0,0,0,0,0,0,0,0,0,0,0,0,0,0,0,0,0,0,0,0,0,0,0,0,0,0	2,2,2,2,2,2,2,2,2,1,1,1,1,1,1,1,1,1,1,1,1,1,1,1,1,1,1	1/10,1/11,2/12,2/13,3/14,3/15,4/16,4/17,5/18,5/19,6/20,6/21,7/22,7/23,8/24,8/25,9/26,9/27	10/1/11,12/2/13,14/3/15,16/4/17,18/5/19,20/6/21,22/7/23,24/8/25,26/9/27	-	-	1,2,3,4,5,6,7,8,9,1,1,2,2,3,3,4,4,5,5,6,6,7,7,8,8,9,9
maceoff_water_1439	6,6,6,6,6,6,6,6,6,6,6,1,1,1,1,1,1,1,1,1,1,1,1,1,1,1,1,1,1,1,1,1,1	0.0,0.0,0.0,0.0,0.0,0.0,0.0,0.0,0.0,0.0,0.0,0.0,0.0,0.0,0.0,0.0,0.0,0.0,0.0,0.0,0.0,0.0,0.0,0.0,0.0,0.0,0.0,0.0,0.0,0.0,0.0,0.0,0.0	0,0,0,0,0,0,0,0,0,0,0,0,0,0,0,0,0,0,0,0,0,0,0,0,0,0,0,0,0,0,0,0,0	2,2,2,2,2,2,2,2,2,2,2,1,1,1,1,1,1,1,1,1,1,1,1,1,1,1,1,1,1,1,1,1,1	1/12,1/13,2/14,2/15,3/16,3/17,4/18,4/19,5/20,5/21,6/22,6/23,7/24,7/25,8/26,8/27,9/28,9/29,10/30,10/31,11/32,11/33	12/1/13,14/2/15,16/3/17,18/4/19,20/5/21,22/6/23,24/7/25,26/8/27,28/9/29,30/10/31,32/11/33	-	-	1,2,3,4,5,6,7,8,9,10,11,1,1,2,2,3,3,4,4,5,5,6,6,7,7,8,8,9,9,10,10,11,11
maceoff_water_1440	6,6,6,6,6,6,6,6,6,1,1,1,1,1,1,1,1,1,1,1,1,1,1,1,1,1,1	0.0,0.0,0.0,0.0,0.0,0.0,0.0,0.0,0.0,0.0,0.0,0.0,0.0,0.0,0.0,0.0,0.0,0.0,0.0,0.0,0.0,0.0,0.0,0.0,0.0,0.0,0.0	0,0,0,0,0,0,0,0,0,0,0,0,0,0,0,0,0,0,0,0,0,0,0,0,0,0,0	2,2,2,2,2,2,2,2,2,1,1,1,1,1,1,1,1,1,1,1,1,1,1,1,1,1,1	1/10,1/11,2/12,2/13,3/14,3/15,4/16,4/17,5/18,5/19,6/20,6/21,7/22,7/23,8/24,8/25,9/26,9/27	10/1/11,12/2/13,14/3/15,16/4/17,18/5/19,20/6/21,22/7/23,24/8/25,26/9/27	-	-	1,2,3,4,5,6,7,8,9,1,1,2,2,3,3,4,4,5,5,6,6,7,7,8,8,9,9
maceoff_water_1441	6,6,6,6,6,6,6,6,6,6,6,6,6,6,6,6,6,6,6,6,6,6,6,6,6,6,6,6,6,6,6,6,6,6,6,6,6,6,6,6,6,6,6,6,6,6,6,6,6,6,1,1,1,1,1,1,1,1,1,1,1,1,1,1,1,1,1,1,1,1,1,1,1,1,1,1,1,1,1,1,1,1,1,1,1,1,1,1,1,1,1,1,1,1,1,1,1,1,1,1,1,1,1,1,1,1,1,1,1,1,1,1,1,1,1,1,1,1,1,1,1,1,1,1,1,1,1,1,1,1,1,1,1,1,1,1,1,1,1,1,1,1,1,1,1,1,1,1,1,1	0.0,0.0,0.0,0.0,0.0,0.0,0.0,0.0,0.0,0.0,0.0,0.0,0.0,0.0,0.0,0.0,0.0,0.0,0.0,0.0,0.0,0.0,0.0,0.0,0.0,0.0,0.0,0.0,0.0,0.0,0.0,0.0,0.0,0.0,0.0,0.0,0.0,0.0,0.0,0.0,0.0,0.0,0.0,0.0,0.0,0.0,0.0,0.0,0.0,0.0,0.0,0.0,0.0,0.0,0.0,0.0,0.0,0.0,0.0,0.0,0.0,0.0,0.0,0.0,0.0,0.0,0.0,0.0,0.0,0.0,0.0,0.0,0.0,0.0,0.0,0.0,0.0,0.0,0.0,0.0,0.0,0.0,0.0,0.0,0.0,0.0,0.0,0.0,0.0,0.0,0.0,0.0,0.0,0.0,0.0,0.0,0.0,0.0,0.0,0.0,0.0,0.0,0.0,0.0,0.0,0.0,0.0,0.0,0.0,0.0,0.0,0.0,0.0,0.0,0.0,0.0,0.0,0.0,0.0,0.0,0.0,0.0,0.0,0.0,0.0,0.0,0.0,0.0,0.0,0.0,0.0,0.0,0.0,0.0,0.0,0.0,0.0,0.0,0.0,0.0,0.0,0.0,0.0,0.0,0.0,0.0,0.0,0.0,0.0,0.0	0,0,0,0,0,0,0,0,0,0,0,0,0,0,0,0,0,0,0,0,0,0,0,0,0,0,0,0,0,0,0,0,0,0,0,0,0,0,0,0,0,0,0,0,0,0,0,0,0,0,0,0,0,0,0,0,0,0,0,0,0,0,0,0,0,0,0,0,0,0,0,0,0,0,0,0,0,0,0,0,0,0,0,0,0,0,0,0,0,0,0,0,0,0,0,0,0,0,0,0,0,0,0,0,0,0,0,0,0,0,0,0,0,0,0,0,0,0,0,0,0,0,0,0,0,0,0,0,0,0,0,0,0,0,0,0,0,0,0,0,0,0,0,0,0,0,0,0,0,0	2,2,2,2,2,2,2,2,2,2,2,2,2,2,2,2,2,2,2,2,2,2,2,2,2,2,2,2,2,2,2,2,2,2,2,2,2,2,2,2,2,2,2,2,2,2,2,2,2,2,1,1,1,1,1,1,1,1,1,1,1,1,1,1,1,1,1,1,1,1,1,1,1,1,1,1,1,1,1,1,1,1,1,1,1,1,1,1,1,1,1,1,1,1,1,1,1,1,1,1,1,1,1,1,1,1,1,1,1,1,1,1,1,1,1,1,1,1,1,1,1,1,1,1,1,1,1,1,1,1,1,1,1,1,1,1,1,1,1,1,1,1,1,1,1,1,1,1,1,1	1/51,1/52,2/53,2/54,3/55,3/56,4/57,4/58,5/59,5/60,6/61,6/62,7/63,7/64,8/65,8/66,9/67,9/68,10/69,10/70,11/71,11/72,12/73,12/74,13/75,13/76,14/77,14/78,15/79,15/80,16/81,16/82,17/83,17/84,18/85,18/86,19/87,19/88,20/89,20/90,21/91,21/92,22/93,22/94,23/95,23/96,24/97,24/98,25/99,25/100,26/101,26/102,27/103,27/104,28/105,28/106,29/107,29/108,30/109,30/110,31/111,31/112,32/113,32/114,33/115,33/116,34/117,34/118,35/119,35/120,36/121,36/122,37/123,37/124,38/125,38/126,39/127,39/128,40/129,40/130,41/131,41/132,42/133,42/134,43/135,43/136,44/137,44/138,45/139,45/140,46/141,46/142,47/143,47/144,48/145,48/146,49/147,49/148,50/149,50/150	51/1/52,53/2/54,55/3/56,57/4/58,59/5/60,61/6/62,63/7/64,65/8/66,67/9/68,69/10/70,71/11/72,73/12/74,75/13/76,77/14/78,79/15/80,81/16/82,83/17/84,85/18/86,87/19/88,89/20/90,91/21/92,93/22/94,95/23/96,97/24/98,99/25/100,101/26/102,103/27/104,105/28/106,107/29/108,109/30/110,111/31/112,113/32/114,115/33/116,117/34/118,119/35/120,121/36/122,123/37/124,125/38/126,127/39/128,129/40/130,131/41/132,133/42/134,135/43/136,137/44/138,139/45/140,141/46/142,143/47/144,145/48/146,147/49/148,149/50/150	-	-	1,2,3,4,5,6,7,8,9,10,11,12,13,14,15,16,17,18,19,20,21,22,23,24,25,26,27,28,29,30,31,32,33,34,35,36,37,38,39,40,41,42,43,44,45,46,47,48,49,50,1,1,2,2,3,3,4,4,5,5,6,6,7,7,8,8,9,9,10,10,11,11,12,12,13,13,14,14,15,15,16,16,17,17,18,18,19,19,20,20,21,21,22,22,23,23,24,24,25,25,26,26,27,27,28,28,29,29,30,30,31,31,32,32,33,33,34,34,35,35,36,36,37,37,38,38,39,39,40,40,41,41,42,42,43,43,44,44,45,45,46,46,47,47,48,48,49,49,50,50
maceoff_water_1442	6,6,6,6,1,1,1,1,1,1,1,1	0.0,0.0,0.0,0.0,0.0,0.0,0.0,0.0,0.0,0.0,0.0,0.0	0,0,0,0,0,0,0,0,0,0,0,0	2,2,2,2,1,1,1,1,1,1,1,1	1/5,1/6,2/7,2/8,3/9,3/10,4/11,4/12	5/1/6,7/2/8,9/3/10,11/4/12	-	-	1,2,3,4,1,1,2,2,3,3,4,4
maceoff_water_1443	6,1,1	0.0,0.0,0.0	0,0,0	2,1,1	1/2,1/3	2/1/3	-	-	1,1,1
maceoff_water_1444	6,6,6,6,1,1,1,1,1,1,1,1	0.0,0.0,0.0,0.0,0.0,0.0,0.0,0.0,0.0,0.0,0.0,0.0	0,0,0,0,0,0,0,0,0,0,0,0	2,2,2,2,1,1,1,1,1,1,1,1	1/5,1/6,2/7,2/8,3/9,3/10,4/11,4/12	5/1/6,7/2/8,9/3/10,11/4/12	-	-	1,2,3,4,1,1,2,2,3,3,4,4
maceoff_water_1445	6,6,6,6,6,6,6,6,6,6,1,1,1,1,1,1,1,1,1,1,1,1,1,1,1,1,1,1,1,1	0.0,0.0,0.0,0.0,0.0,0.0,0.0,0.0,0.0,0.0,0.0,0.0,0.0,0.0,0.0,0.0,0.0,0.0,0.0,0.0,0.0,0.0,0.0,0.0,0.0,0.0,0.0,0.0,0.0,0.0	0,0,0,0,0,0,0,0,0,0,0,0,0,0,0,0,0,0,0,0,0,0,0,0,0,0,0,0,0,0	2,2,2,2,2,2,2,2,2,2,1,1,1,1,1,1,1,1,1,1,1,1,1,1,1,1,1,1,1,1	1/11,1/12,2/13,2/14,3/15,3/16,4/17,4/18,5/19,5/20,6/21,6/22,7/23,7/24,8/25,8/26,9/27,9/28,10/29,10/30	11/1/12,13/2/14,15/3/16,17/4/18,19/5/20,21/6/22,23/7/24,25/8/26,27/9/28,29/10/30	-	-	1,2,3,4,5,6,7,8,9,10,1,1,2,2,3,3,4,4,5,5,6,6,7,7,8,8,9,9,10,10
maceoff_water_1446	6,6,1,1,1,1	0.0,0.0,0.0,0.0,0.0,0.0	0,0,0,0,0,0	2,2,1,1,1,1	1/3,1/4,2/5,2/6	3/1/4,5/2/6	-	-	1,2,1,1,2,2
maceoff_water_1447	6,6,6,6,1,1,1,1,1,1,1,1	0.0,0.0,0.0,0.0,0.0,0.0,0.0,0.0,0.0,0.0,0.0,0.0	0,0,0,0,0,0,0,0,0,0,0,0	2,2,2,2,1,1,1,1,1,1,1,1	1/5,1/6,2/7,2/8,3/9,3/10,4/11,4/12	5/1/6,7/2/8,9/3/10,11/4/12	-	-	1,2,3,4,1,1,2,2,3,3,4,4
maceoff_water_1448	6,1,1	0.0,0.0,0.0	0,0,0	2,1,1	1/2,1/3	2/1/3	-	-	1,1,1
maceoff_water_1449	6,6,6,6,6,6,6,6,6,1,1,1,1,1,1,1,1,1,1,1,1,1,1,1,1,1,1	0.0,0.0,0.0,0.0,0.0,0.0,0.0,0.0,0.0,0.0,0.0,0.0,0.0,0.0,0.0,0.0,0.0,0.0,0.0,0.0,0.0,0.0,0.0,0.0,0.0,0.0,0.0	0,0,0,0,0,0,0,0,0,0,0,0,0,0,0,0,0,0,0,0,0,0,0,0,0,0,0	2,2,2,2,2,2,2,2,2,1,1,1,1,1,1,1,1,1,1,1,1,1,1,1,1,1,1	1/10,1/11,2/12,2/13,3/14,3/15,4/16,4/17,5/18,5/19,6/20,6/21,7/22,7/23,8/24,8/25,9/26,9/27	10/1/11,12/2/13,14/3/15,16/4/17,18/5/19,20/6/21,22/7/23,24/8/25,26/9/27	-	-	1,2,3,4,5,6,7,8,9,1,1,2,2,3,3,4,4,5,5,6,6,7,7,8,8,9,9
maceoff_water_1450	6,6,6,6,6,6,6,6,6,1,1,1,1,1,1,1,1,1,1,1,1,1,1,1,1,1,1	0.0,0.0,0.0,0.0,0.0,0.0,0.0,0.0,0.0,0.0,0.0,0.0,0.0,0.0,0.0,0.0,0.0,0.0,0.0,0.0,0.0,0.0,0.0,0.0,0.0,0.0,0.0	0,0,0,0,0,0,0,0,0,0,0,0,0,0,0,0,0,0,0,0,0,0,0,0,0,0,0	2,2,2,2,2,2,2,2,2,1,1,1,1,1,1,1,1,1,1,1,1,1,1,1,1,1,1	1/10,1/11,2/12,2/13,3/14,3/15,4/16,4/17,5/18,5/19,6/20,6/21,7/22,7/23,8/24,8/25,9/26,9/27	10/1/11,12/2/13,14/3/15,16/4/17,18/5/19,20/6/21,22/7/23,24/8/25,26/9/27	-	-	1,2,3,4,5,6,7,8,9,1,1,2,2,3,3,4,4,5,5,6,6,7,7,8,8,9,9
maceoff_water_1451	6,6,6,6,6,6,1,1,1,1,1,1,1,1,1,1,1,1	0.0,0.0,0.0,0.0,0.0,0.0,0.0,0.0,0.0,0.0,0.0,0.0,0.0,0.0,0.0,0.0,0.0,0.0	0,0,0,0,0,0,0,0,0,0,0,0,0,0,0,0,0,0	2,2,2,2,2,2,1,1,1,1,1,1,1,1,1,1,1,1	1/7,1/8,2/9,2/10,3/11,3/12,4/13,4/14,5/15,5/16,6/17,6/18	7/1/8,9/2/10,11/3/12,13/4/14,15/5/16,17/6/18	-	-	1,2,3,4,5,6,1,1,2,2,3,3,4,4,5,5,6,6
maceoff_water_1452	6,6,6,6,6,6,6,1,1,1,1,1,1,1,1,1,1,1,1,1,1	0.0,0.0,0.0,0.0,0.0,0.0,0.0,0.0,0.0,0.0,0.0,0.0,0.0,0.0,0.0,0.0,0.0,0.0,0.0,0.0,0.0	0,0,0,0,0,0,0,0,0,0,0,0,0,0,0,0,0,0,0,0,0	2,2,2,2,2,2,2,1,1,1,1,1,1,1,1,1,1,1,1,1,1	1/8,1/9,2/10,2/11,3/12,3/13,4/14,4/15,5/16,5/17,6/18,6/19,7/20,7/21	8/1/9,10/2/11,12/3/13,14/4/15,16/5/17,18/6/19,20/7/21	-	-	1,2,3,4,5,6,7,1,1,2,2,3,3,4,4,5,5,6,6,7,7
maceoff_water_1453	6,6,6,6,6,1,1,1,1,1,1,1,1,1,1	0.0,0.0,0.0,0.0,0.0,0.0,0.0,0.0,0.0,0.0,0.0,0.0,0.0,0.0,0.0	0,0,0,0,0,0,0,0,0,0,0,0,0,0,0	2,2,2,2,2,1,1,1,1,1,1,1,1,1,1	1/6,1/7,2/8,2/9,3/10,3/11,4/12,4/13,5/14,5/15	6/1/7,8/2/9,10/3/11,12/4/13,14/5/15	-	-	1,2,3,4,5,1,1,2,2,3,3,4,4,5,5
maceoff_water_1454	6,6,6,6,6,6,1,1,1,1,1,1,1,1,1,1,1,1	0.0,0.0,0.0,0.0,0.0,0.0,0.0,0.0,0.0,0.0,0.0,0.0,0.0,0.0,0.0,0.0,0.0,0.0	0,0,0,0,0,0,0,0,0,0,0,0,0,0,0,0,0,0	2,2,2,2,2,2,1,1,1,1,1,1,1,1,1,1,1,1	1/7,1/8,2/9,2/10,3/11,3/12,4/13,4/14,5/15,5/16,6/17,6/18	7/1/8,9/2/10,11/3/12,13/4/14,15/5/16,17/6/18	-	-	1,2,3,4,5,6,1,1,2,2,3,3,4,4,5,5,6,6
maceoff_water_1455	6,1,1	0.0,0.0,0.0	0,0,0	2,1,1	1/2,1/3	2/1/3	-	-	1,1,1
maceoff_water_1456	6,6,6,1,1,1,1,1,1	0.0,0.0,0.0,0.0,0.0,0.0,0.0,0.0,0.0	0,0,0,0,0,0,0,0,0	2,2,2,1,1,1,1,1,1	1/4,1/5,2/6,2/7,3/8,3/9	4/1/5,6/2/7,8/3/9	-	-	1,2,3,1,1,2,2,3,3
maceoff_water_1457	6,6,6,6,6,1,1,1,1,1,1,1,1,1,1	0.0,0.0,0.0,0.0,0.0,0.0,0.0,0.0,0.0,0.0,0.0,0.0,0.0,0.0,0.0	0,0,0,0,0,0,0,0,0,0,0,0,0,0,0	2,2,2,2,2,1,1,1,1,1,1,1,1,1,1	1/6,1/7,2/8,2/9,3/10,3/11,4/12,4/13,5/14,5/15	6/1/7,8/2/9,10/3/11,12/4/13,14/5/15	-	-	1,2,3,4,5,1,1,2,2,3,3,4,4,5,5
maceoff_water_1458	6,6,6,6,6,6,6,6,6,6,6,6,1,1,1,1,1,1,1,1,1,1,1,1,1,1,1,1,1,1,1,1,1,1,1,1	0.0,0.0,0.0,0.0,0.0,0.0,0.0,0.0,0.0,0.0,0.0,0.0,0.0,0.0,0.0,0.0,0.0,0.0,0.0,0.0,0.0,0.0,0.0,0.0,0.0,0.0,0.0,0.0,0.0,0.0,0.0,0.0,0.0,0.0,0.0,0.0	0,0,0,0,0,0,0,0,0,0,0,0,0,0,0,0,0,0,0,0,0,0,0,0,0,0,0,0,0,0,0,0,0,0,0,0	2,2,2,2,2,2,2,2,2,2,2,2,1,1,1,1,1,1,1,1,1,1,1,1,1,1,1,1,1,1,1,1,1,1,1,1	1/13,1/14,2/15,2/16,3/17,3/18,4/19,4/20,5/21,5/22,6/23,6/24,7/25,7/26,8/27,8/28,9/29,9/30,10/31,10/32,11/33,11/34,12/35,12/36	13/1/14,15/2/16,17/3/18,19/4/20,21/5/22,23/6/24,25/7/26,27/8/28,29/9/30,31/10/32,33/11/34,35/12/36	-	-	1,2,3,4,5,6,7,8,9,10,11,12,1,1,2,2,3,3,4,4,5,5,6,6,7,7,8,8,9,9,10,10,11,11,12,12
maceoff_water_1459	6,6,6,6,6,6,6,6,6,6,1,1,1,1,1,1,1,1,1,1,1,1,1,1,1,1,1,1,1,1	0.0,0.0,0.0,0.0,0.0,0.0,0.0,0.0,0.0,0.0,0.0,0.0,0.0,0.0,0.0,0.0,0.0,0.0,0.0,0.0,0.0,0.0,0.0,0.0,0.0,0.0,0.0,0.0,0.0,0.0	0,0,0,0,0,0,0,0,0,0,0,0,0,0,0,0,0,0,0,0,0,0,0,0,0,0,0,0,0,0	2,2,2,2,2,2,2,2,2,2,1,1,1,1,1,1,1,1,1,1,1,1,1,1,1,1,1,1,1,1	1/11,1/12,2/13,2/14,3/15,3/16,4/17,4/18,5/19,5/20,6/21,6/22,7/23,7/24,8/25,8/26,9/27,9/28,10/29,10/30	11/1/12,13/2/14,15/3/16,17/4/18,19/5/20,21/6/22,23/7/24,25/8/26,27/9/28,29/10/30	-	-	1,2,3,4,5,6,7,8,9,10,1,1,2,2,3,3,4,4,5,5,6,6,7,7,8,8,9,9,10,10
maceoff_water_1460	6,6,6,6,6,6,6,1,1,1,1,1,1,1,1,1,1,1,1,1,1	0.0,0.0,0.0,0.0,0.0,0.0,0.0,0.0,0.0,0.0,0.0,0.0,0.0,0.0,0.0,0.0,0.0,0.0,0.0,0.0,0.0	0,0,0,0,0,0,0,0,0,0,0,0,0,0,0,0,0,0,0,0,0	2,2,2,2,2,2,2,1,1,1,1,1,1,1,1,1,1,1,1,1,1	1/8,1/9,2/10,2/11,3/12,3/13,4/14,4/15,5/16,5/17,6/18,6/19,7/20,7/21	8/1/9,10/2/11,12/3/13,14/4/15,16/5/17,18/6/19,20/7/21	-	-	1,2,3,4,5,6,7,1,1,2,2,3,3,4,4,5,5,6,6,7,7
maceoff_water_1461	6,6,1,1,1,1	0.0,0.0,0.0,0.0,0.0,0.0	0,0,0,0,0,0	2,2,1,1,1,1	1/3,1/4,2/5,2/6	3/1/4,5/2/6	-	-	1,2,1,1,2,2
maceoff_water_1462	6,6,6,1,1,1,1,1,1	0.0,0.0,0.0,0.0,0.0,0.0,0.0,0.0,0.0	0,0,0,0,0,0,0,0,0	2,2,2,1,1,1,1,1,1	1/4,1/5,2/6,2/7,3/8,3/9	4/1/5,6/2/7,8/3/9	-	-	1,2,3,1,1,2,2,3,3
maceoff_water_1463	6,6,6,6,6,6,6,6,6,6,6,6,1,1,1,1,1,1,1,1,1,1,1,1,1,1,1,1,1,1,1,1,1,1,1,1	0.0,0.0,0.0,0.0,0.0,0.0,0.0,0.0,0.0,0.0,0.0,0.0,0.0,0.0,0.0,0.0,0.0,0.0,0.0,0.0,0.0,0.0,0.0,0.0,0.0,0.0,0.0,0.0,0.0,0.0,0.0,0.0,0.0,0.0,0.0,0.0	0,0,0,0,0,0,0,0,0,0,0,0,0,0,0,0,0,0,0,0,0,0,0,0,0,0,0,0,0,0,0,0,0,0,0,0	2,2,2,2,2,2,2,2,2,2,2,2,1,1,1,1,1,1,1,1,1,1,1,1,1,1,1,1,1,1,1,1,1,1,1,1	1/13,1/14,2/15,2/16,3/17,3/18,4/19,4/20,5/21,5/22,6/23,6/24,7/25,7/26,8/27,8/28,9/29,9/30,10/31,10/32,11/33,11/34,12/35,12/36	13/1/14,15/2/16,17/3/18,19/4/20,21/5/22,23/6/24,25/7/26,27/8/28,29/9/30,31/10/32,33/11/34,35/12/36	-	-	1,2,3,4,5,6,7,8,9,10,11,12,1,1,2,2,3,3,4,4,5,5,6,6,7,7,8,8,9,9,10,10,11,11,12,12
maceoff_water_1464	6,6,1,1,1,1	0.0,0.0,0.0,0.0,0.0,0.0	0,0,0,0,0,0	2,2,1,1,1,1	1/3,1/4,2/5,2/6	3/1/4,5/2/6	-	-	1,2,1,1,2,2
maceoff_water_1465	6,6,6,6,6,6,6,6,6,6,6,6,6,6,6,6,6,6,6,6,6,6,6,6,6,1,1,1,1,1,1,1,1,1,1,1,1,1,1,1,1,1,1,1,1,1,1,1,1,1,1,1,1,1,1,1,1,1,1,1,1,1,1,1,1,1,1,1,1,1,1,1,1,1,1	0.0,0.0,0.0,0.0,0.0,0.0,0.0,0.0,0.0,0.0,0.0,0.0,0.0,0.0,0.0,0.0,0.0,0.0,0.0,0.0,0.0,0.0,0.0,0.0,0.0,0.0,0.0,0.0,0.0,0.0,0.0,0.0,0.0,0.0,0.0,0.0,0.0,0.0,0.0,0.0,0.0,0.0,0.0,0.0,0.0,0.0,0.0,0.0,0.0,0.0,0.0,0.0,0.0,0.0,0.0,0.0,0.0,0.0,0.0,0.0,0.0,0.0,0.0,0.0,0.0,0.0,0.0,0.0,0.0,0.0,0.0,0.0,0.0,0.0,0.0	0,0,0,0,0,0,0,0,0,0,0,0,0,0,0,0,0,0,0,0,0,0,0,0,0,0,0,0,0,0,0,0,0,0,0,0,0,0,0,0,0,0,0,0,0,0,0,0,0,0,0,0,0,0,0,0,0,0,0,0,0,0,0,0,0,0,0,0,0,0,0,0,0,0,0	2,2,2,2,2,2,2,2,2,2,2,2,2,2,2,2,2,2,2,2,2,2,2,2,2,1,1,1,1,1,1,1,1,1,1,1,1,1,1,1,1,1,1,1,1,1,1,1,1,1,1,1,1,1,1,1,1,1,1,1,1,1,1,1,1,1,1,1,1,1,1,1,1,1,1	1/26,1/27,2/28,2/29,3/30,3/31,4/32,4/33,5/34,5/35,6/36,6/37,7/38,7/39,8/40,8/41,9/42,9/43,10/44,10/45,11/46,11/47,12/48,12/49,13/50,13/51,14/52,14/53,15/54,15/55,16/56,16/57,17/58,17/59,18/60,18/61,19/62,19/63,20/64,20/65,21/66,21/67,22/68,22/69,23/70,23/71,24/72,24/73,25/74,25/75	26/1/27,28/2/29,30/3/31,32/4/33,34/5/35,36/6/37,38/7/39,40/8/41,42/9/43,44/10/45,46/11/47,48/12/49,50/13/51,52/14/53,54/15/55,56/16/57,58/17/59,60/18/61,62/19/63,64/20/65,66/21/67,68/22/69,70/23/71,72/24/73,74/25/75	-	-	1,2,3,4,5,6,7,8,9,10,11,12,13,14,15,16,17,18,19,20,21,22,23,24,25,1,1,2,2,3,3,4,4,5,5,6,6,7,7,8,8,9,9,10,10,11,11,12,12,13,13,14,14,15,15,16,16,17,17,18,18,19,19,20,20,21,21,22,22,23,23,24,24,25,25
maceoff_water_1466	6,6,6,6,6,6,6,6,6,6,6,6,1,1,1,1,1,1,1,1,1,1,1,1,1,1,1,1,1,1,1,1,1,1,1,1	0.0,0.0,0.0,0.0,0.0,0.0,0.0,0.0,0.0,0.0,0.0,0.0,0.0,0.0,0.0,0.0,0.0,0.0,0.0,0.0,0.0,0.0,0.0,0.0,0.0,0.0,0.0,0.0,0.0,0.0,0.0,0.0,0.0,0.0,0.0,0.0	0,0,0,0,0,0,0,0,0,0,0,0,0,0,0,0,0,0,0,0,0,0,0,0,0,0,0,0,0,0,0,0,0,0,0,0	2,2,2,2,2,2,2,2,2,2,2,2,1,1,1,1,1,1,1,1,1,1,1,1,1,1,1,1,1,1,1,1,1,1,1,1	1/13,1/14,2/15,2/16,3/17,3/18,4/19,4/20,5/21,5/22,6/23,6/24,7/25,7/26,8/27,8/28,9/29,9/30,10/31,10/32,11/33,11/34,12/35,12/36	13/1/14,15/2/16,17/3/18,19/4/20,21/5/22,23/6/24,25/7/26,27/8/28,29/9/30,31/10/32,33/11/34,35/12/36	-	-	1,2,3,4,5,6,7,8,9,10,11,12,1,1,2,2,3,3,4,4,5,5,6,6,7,7,8,8,9,9,10,10,11,11,12,12
maceoff_water_1467	6,6,6,6,6,6,1,1,1,1,1,1,1,1,1,1,1,1	0.0,0.0,0.0,0.0,0.0,0.0,0.0,0.0,0.0,0.0,0.0,0.0,0.0,0.0,0.0,0.0,0.0,0.0	0,0,0,0,0,0,0,0,0,0,0,0,0,0,0,0,0,0	2,2,2,2,2,2,1,1,1,1,1,1,1,1,1,1,1,1	1/7,1/8,2/9,2/10,3/11,3/12,4/13,4/14,5/15,5/16,6/17,6/18	7/1/8,9/2/10,11/3/12,13/4/14,15/5/16,17/6/18	-	-	1,2,3,4,5,6,1,1,2,2,3,3,4,4,5,5,6,6
maceoff_water_1468	6,6,6,6,6,6,1,1,1,1,1,1,1,1,1,1,1,1	0.0,0.0,0.0,0.0,0.0,0.0,0.0,0.0,0.0,0.0,0.0,0.0,0.0,0.0,0.0,0.0,0.0,0.0	0,0,0,0,0,0,0,0,0,0,0,0,0,0,0,0,0,0	2,2,2,2,2,2,1,1,1,1,1,1,1,1,1,1,1,1	1/7,1/8,2/9,2/10,3/11,3/12,4/13,4/14,5/15,5/16,6/17,6/18	7/1/8,9/2/10,11/3/12,13/4/14,15/5/16,17/6/18	-	-	1,2,3,4,5,6,1,1,2,2,3,3,4,4,5,5,6,6
maceoff_water_1469	6,6,1,1,1,1	0.0,0.0,0.0,0.0,0.0,0.0	0,0,0,0,0,0	2,2,1,1,1,1	1/3,1/4,2/5,2/6	3/1/4,5/2/6	-	-	1,2,1,1,2,2
maceoff_water_1470	6,1,1	0.0,0.0,0.0	0,0,0	2,1,1	1/2,1/3	2/1/3	-	-	1,1,1
maceoff_water_1471	6,6,6,6,6,6,6,6,6,6,1,1,1,1,1,1,1,1,1,1,1,1,1,1,1,1,1,1,1,1	0.0,0.0,0.0,0.0,0.0,0.0,0.0,0.0,0.0,0.0,0.0,0.0,0.0,0.0,0.0,0.0,0.0,0.0,0.0,0.0,0.0,0.0,0.0,0.0,0.0,0.0,0.0,0.0,0.0,0.0	0,0,0,0,0,0,0,0,0,0,0,0,0,0,0,0,0,0,0,0,0,0,0,0,0,0,0,0,0,0	2,2,2,2,2,2,2,2,2,2,1,1,1,1,1,1,1,1,1,1,1,1,1,1,1,1,1,1,1,1	1/11,1/12,2/13,2/14,3/15,3/16,4/17,4/18,5/19,5/20,6/21,6/22,7/23,7/24,8/25,8/26,9/27,9/28,10/29,10/30	11/1/12,13/2/14,15/3/16,17/4/18,19/5/20,21/6/22,23/7/24,25/8/26,27/9/28,29/10/30	-	-	1,2,3,4,5,6,7,8,9,10,1,1,2,2,3,3,4,4,5,5,6,6,7,7,8,8,9,9,10,10
maceoff_water_1472	6,1,1	0.0,0.0,0.0	0,0,0	2,1,1	1/2,1/3	2/1/3	-	-	1,1,1
maceoff_water_1473	6,6,6,6,6,1,1,1,1,1,1,1,1,1,1	0.0,0.0,0.0,0.0,0.0,0.0,0.0,0.0,0.0,0.0,0.0,0.0,0.0,0.0,0.0	0,0,0,0,0,0,0,0,0,0,0,0,0,0,0	2,2,2,2,2,1,1,1,1,1,1,1,1,1,1	1/6,1/7,2/8,2/9,3/10,3/11,4/12,4/13,5/14,5/15	6/1/7,8/2/9,10/3/11,12/4/13,14/5/15	-	-	1,2,3,4,5,1,1,2,2,3,3,4,4,5,5
maceoff_water_1474	6,1,1	0.0,0.0,0.0	0,0,0	2,1,1	1/2,1/3	2/1/3	-	-	1,1,1
maceoff_water_1475	6,6,6,1,1,1,1,1,1	0.0,0.0,0.0,0.0,0.0,0.0,0.0,0.0,0.0	0,0,0,0,0,0,0,0,0	2,2,2,1,1,1,1,1,1	1/4,1/5,2/6,2/7,3/8,3/9	4/1/5,6/2/7,8/3/9	-	-	1,2,3,1,1,2,2,3,3
maceoff_water_1476	6,6,6,6,6,6,6,6,1,1,1,1,1,1,1,1,1,1,1,1,1,1,1,1	0.0,0.0,0.0,0.0,0.0,0.0,0.0,0.0,0.0,0.0,0.0,0.0,0.0,0.0,0.0,0.0,0.0,0.0,0.0,0.0,0.0,0.0,0.0,0.0	0,0,0,0,0,0,0,0,0,0,0,0,0,0,0,0,0,0,0,0,0,0,0,0	2,2,2,2,2,2,2,2,1,1,1,1,1,1,1,1,1,1,1,1,1,1,1,1	1/9,1/10,2/11,2/12,3/13,3/14,4/15,4/16,5/17,5/18,6/19,6/20,7/21,7/22,8/23,8/24	9/1/10,11/2/12,13/3/14,15/4/16,17/5/18,19/6/20,21/7/22,23/8/24	-	-	1,2,3,4,5,6,7,8,1,1,2,2,3,3,4,4,5,5,6,6,7,7,8,8
maceoff_water_1477	6,6,6,6,6,1,1,1,1,1,1,1,1,1,1	0.0,0.0,0.0,0.0,0.0,0.0,0.0,0.0,0.0,0.0,0.0,0.0,0.0,0.0,0.0	0,0,0,0,0,0,0,0,0,0,0,0,0,0,0	2,2,2,2,2,1,1,1,1,1,1,1,1,1,1	1/6,1/7,2/8,2/9,3/10,3/11,4/12,4/13,5/14,5/15	6/1/7,8/2/9,10/3/11,12/4/13,14/5/15	-	-	1,2,3,4,5,1,1,2,2,3,3,4,4,5,5
maceoff_water_1478	6,6,6,6,6,6,1,1,1,1,1,1,1,1,1,1,1,1	0.0,0.0,0.0,0.0,0.0,0.0,0.0,0.0,0.0,0.0,0.0,0.0,0.0,0.0,0.0,0.0,0.0,0.0	0,0,0,0,0,0,0,0,0,0,0,0,0,0,0,0,0,0	2,2,2,2,2,2,1,1,1,1,1,1,1,1,1,1,1,1	1/7,1/8,2/9,2/10,3/11,3/12,4/13,4/14,5/15,5/16,6/17,6/18	7/1/8,9/2/10,11/3/12,13/4/14,15/5/16,17/6/18	-	-	1,2,3,4,5,6,1,1,2,2,3,3,4,4,5,5,6,6
maceoff_water_1479	6,6,6,1,1,1,1,1,1	0.0,0.0,0.0,0.0,0.0,0.0,0.0,0.0,0.0	0,0,0,0,0,0,0,0,0	2,2,2,1,1,1,1,1,1	1/4,1/5,2/6,2/7,3/8,3/9	4/1/5,6/2/7,8/3/9	-	-	1,2,3,1,1,2,2,3,3
maceoff_water_1480	6,6,6,6,6,6,1,1,1,1,1,1,1,1,1,1,1,1	0.0,0.0,0.0,0.0,0.0,0.0,0.0,0.0,0.0,0.0,0.0,0.0,0.0,0.0,0.0,0.0,0.0,0.0	0,0,0,0,0,0,0,0,0,0,0,0,0,0,0,0,0,0	2,2,2,2,2,2,1,1,1,1,1,1,1,1,1,1,1,1	1/7,1/8,2/9,2/10,3/11,3/12,4/13,4/14,5/15,5/16,6/17,6/18	7/1/8,9/2/10,11/3/12,13/4/14,15/5/16,17/6/18	-	-	1,2,3,4,5,6,1,1,2,2,3,3,4,4,5,5,6,6
maceoff_water_1481	6,6,6,6,6,6,6,1,1,1,1,1,1,1,1,1,1,1,1,1,1	0.0,0.0,0.0,0.0,0.0,0.0,0.0,0.0,0.0,0.0,0.0,0.0,0.0,0.0,0.0,0.0,0.0,0.0,0.0,0.0,0.0	0,0,0,0,0,0,0,0,0,0,0,0,0,0,0,0,0,0,0,0,0	2,2,2,2,2,2,2,1,1,1,1,1,1,1,1,1,1,1,1,1,1	1/8,1/9,2/10,2/11,3/12,3/13,4/14,4/15,5/16,5/17,6/18,6/19,7/20,7/21	8/1/9,10/2/11,12/3/13,14/4/15,16/5/17,18/6/19,20/7/21	-	-	1,2,3,4,5,6,7,1,1,2,2,3,3,4,4,5,5,6,6,7,7
maceoff_water_1482	6,6,6,6,6,6,6,6,1,1,1,1,1,1,1,1,1,1,1,1,1,1,1,1	0.0,0.0,0.0,0.0,0.0,0.0,0.0,0.0,0.0,0.0,0.0,0.0,0.0,0.0,0.0,0.0,0.0,0.0,0.0,0.0,0.0,0.0,0.0,0.0	0,0,0,0,0,0,0,0,0,0,0,0,0,0,0,0,0,0,0,0,0,0,0,0	2,2,2,2,2,2,2,2,1,1,1,1,1,1,1,1,1,1,1,1,1,1,1,1	1/9,1/10,2/11,2/12,3/13,3/14,4/15,4/16,5/17,5/18,6/19,6/20,7/21,7/22,8/23,8/24	9/1/10,11/2/12,13/3/14,15/4/16,17/5/18,19/6/20,21/7/22,23/8/24	-	-	1,2,3,4,5,6,7,8,1,1,2,2,3,3,4,4,5,5,6,6,7,7,8,8
maceoff_water_1483	6,1,1	0.0,0.0,0.0	0,0,0	2,1,1	1/2,1/3	2/1/3	-	-	1,1,1
maceoff_water_1484	6,6,6,6,6,6,6,6,6,6,6,6,6,6,6,6,6,6,6,6,6,6,6,6,6,1,1,1,1,1,1,1,1,1,1,1,1,1,1,1,1,1,1,1,1,1,1,1,1,1,1,1,1,1,1,1,1,1,1,1,1,1,1,1,1,1,1,1,1,1,1,1,1,1,1	0.0,0.0,0.0,0.0,0.0,0.0,0.0,0.0,0.0,0.0,0.0,0.0,0.0,0.0,0.0,0.0,0.0,0.0,0.0,0.0,0.0,0.0,0.0,0.0,0.0,0.0,0.0,0.0,0.0,0.0,0.0,0.0,0.0,0.0,0.0,0.0,0.0,0.0,0.0,0.0,0.0,0.0,0.0,0.0,0.0,0.0,0.0,0.0,0.0,0.0,0.0,0.0,0.0,0.0,0.0,0.0,0.0,0.0,0.0,0.0,0.0,0.0,0.0,0.0,0.0,0.0,0.0,0.0,0.0,0.0,0.0,0.0,0.0,0.0,0.0	0,0,0,0,0,0,0,0,0,0,0,0,0,0,0,0,0,0,0,0,0,0,0,0,0,0,0,0,0,0,0,0,0,0,0,0,0,0,0,0,0,0,0,0,0,0,0,0,0,0,0,0,0,0,0,0,0,0,0,0,0,0,0,0,0,0,0,0,0,0,0,0,0,0,0	2,2,2,2,2,2,2,2,2,2,2,2,2,2,2,2,2,2,2,2,2,2,2,2,2,1,1,1,1,1,1,1,1,1,1,1,1,1,1,1,1,1,1,1,1,1,1,1,1,1,1,1,1,1,1,1,1,1,1,1,1,1,1,1,1,1,1,1,1,1,1,1,1,1,1	1/26,1/27,2/28,2/29,3/30,3/31,4/32,4/33,5/34,5/35,6/36,6/37,7/38,7/39,8/40,8/41,9/42,9/43,10/44,10/45,11/46,11/47,12/48,12/49,13/50,13/51,14/52,14/53,15/54,15/55,16/56,16/57,17/58,17/59,18/60,18/61,19/62,19/63,20/64,20/65,21/66,21/67,22/68,22/69,23/70,23/71,24/72,24/73,25/74,25/75	26/1/27,28/2/29,30/3/31,32/4/33,34/5/35,36/6/37,38/7/39,40/8/41,42/9/43,44/10/45,46/11/47,48/12/49,50/13/51,52/14/53,54/15/55,56/16/57,58/17/59,60/18/61,62/19/63,64/20/65,66/21/67,68/22/69,70/23/71,72/24/73,74/25/75	-	-	1,2,3,4,5,6,7,8,9,10,11,12,13,14,15,16,17,18,19,20,21,22,23,24,25,1,1,2,2,3,3,4,4,5,5,6,6,7,7,8,8,9,9,10,10,11,11,12,12,13,13,14,14,15,15,16,16,17,17,18,18,19,19,20,20,21,21,22,22,23,23,24,24,25,25
maceoff_water_1485	6,6,6,6,6,6,6,1,1,1,1,1,1,1,1,1,1,1,1,1,1	0.0,0.0,0.0,0.0,0.0,0.0,0.0,0.0,0.0,0.0,0.0,0.0,0.0,0.0,0.0,0.0,0.0,0.0,0.0,0.0,0.0	0,0,0,0,0,0,0,0,0,0,0,0,0,0,0,0,0,0,0,0,0	2,2,2,2,2,2,2,1,1,1,1,1,1,1,1,1,1,1,1,1,1	1/8,1/9,2/10,2/11,3/12,3/13,4/14,4/15,5/16,5/17,6/18,6/19,7/20,7/21	8/1/9,10/2/11,12/3/13,14/4/15,16/5/17,18/6/19,20/7/21	-	-	1,2,3,4,5,6,7,1,1,2,2,3,3,4,4,5,5,6,6,7,7
maceoff_water_1486	6,6,1,1,1,1	0.0,0.0,0.0,0.0,0.0,0.0	0,0,0,0,0,0	2,2,1,1,1,1	1/3,1/4,2/5,2/6	3/1/4,5/2/6	-	-	1,2,1,1,2,2
maceoff_water_1487	6,1,1	0.0,0.0,0.0	0,0,0	2,1,1	1/2,1/3	2/1/3	-	-	1,1,1
maceoff_water_1488	6,6,6,6,6,6,6,1,1,1,1,1,1,1,1,1,1,1,1,1,1	0.0,0.0,0.0,0.0,0.0,0.0,0.0,0.0,0.0,0.0,0.0,0.0,0.0,0.0,0.0,0.0,0.0,0.0,0.0,0.0,0.0	0,0,0,0,0,0,0,0,0,0,0,0,0,0,0,0,0,0,0,0,0	2,2,2,2,2,2,2,1,1,1,1,1,1,1,1,1,1,1,1,1,1	1/8,1/9,2/10,2/11,3/12,3/13,4/14,4/15,5/16,5/17,6/18,6/19,7/20,7/21	8/1/9,10/2/11,12/3/13,14/4/15,16/5/17,18/6/19,20/7/21	-	-	1,2,3,4,5,6,7,1,1,2,2,3,3,4,4,5,5,6,6,7,7
maceoff_water_1489	6,1,1	0.0,0.0,0.0	0,0,0	2,1,1	1/2,1/3	2/1/3	-	-	1,1,1
maceoff_water_1490	6,1,1	0.0,0.0,0.0	0,0,0	2,1,1	1/2,1/3	2/1/3	-	-	1,1,1
maceoff_water_1491	6,6,6,6,6,6,6,1,1,1,1,1,1,1,1,1,1,1,1,1,1	0.0,0.0,0.0,0.0,0.0,0.0,0.0,0.0,0.0,0.0,0.0,0.0,0.0,0.0,0.0,0.0,0.0,0.0,0.0,0.0,0.0	0,0,0,0,0,0,0,0,0,0,0,0,0,0,0,0,0,0,0,0,0	2,2,2,2,2,2,2,1,1,1,1,1,1,1,1,1,1,1,1,1,1	1/8,1/9,2/10,2/11,3/12,3/13,4/14,4/15,5/16,5/17,6/18,6/19,7/20,7/21	8/1/9,10/2/11,12/3/13,14/4/15,16/5/17,18/6/19,20/7/21	-	-	1,2,3,4,5,6,7,1,1,2,2,3,3,4,4,5,5,6,6,7,7
maceoff_water_1492	6,1,1	0.0,0.0,0.0	0,0,0	2,1,1	1/2,1/3	2/1/3	-	-	1,1,1
maceoff_water_1493	6,6,6,1,1,1,1,1,1	0.0,0.0,0.0,0.0,0.0,0.0,0.0,0.0,0.0	0,0,0,0,0,0,0,0,0	2,2,2,1,1,1,1,1,1	1/4,1/5,2/6,2/7,3/8,3/9	4/1/5,6/2/7,8/3/9	-	-	1,2,3,1,1,2,2,3,3
maceoff_water_1494	6,6,6,6,6,1,1,1,1,1,1,1,1,1,1	0.0,0.0,0.0,0.0,0.0,0.0,0.0,0.0,0.0,0.0,0.0,0.0,0.0,0.0,0.0	0,0,0,0,0,0,0,0,0,0,0,0,0,0,0	2,2,2,2,2,1,1,1,1,1,1,1,1,1,1	1/6,1/7,2/8,2/9,3/10,3/11,4/12,4/13,5/14,5/15	6/1/7,8/2/9,10/3/11,12/4/13,14/5/15	-	-	1,2,3,4,5,1,1,2,2,3,3,4,4,5,5
maceoff_water_1495	6,6,6,6,6,1,1,1,1,1,1,1,1,1,1	0.0,0.0,0.0,0.0,0.0,0.0,0.0,0.0,0.0,0.0,0.0,0.0,0.0,0.0,0.0	0,0,0,0,0,0,0,0,0,0,0,0,0,0,0	2,2,2,2,2,1,1,1,1,1,1,1,1,1,1	1/6,1/7,2/8,2/9,3/10,3/11,4/12,4/13,5/14,5/15	6/1/7,8/2/9,10/3/11,12/4/13,14/5/15	-	-	1,2,3,4,5,1,1,2,2,3,3,4,4,5,5
maceoff_water_1496	6,1,1	0.0,0.0,0.0	0,0,0	2,1,1	1/2,1/3	2/1/3	-	-	1,1,1
maceoff_water_1497	6,6,6,6,1,1,1,1,1,1,1,1	0.0,0.0,0.0,0.0,0.0,0.0,0.0,0.0,0.0,0.0,0.0,0.0	0,0,0,0,0,0,0,0,0,0,0,0	2,2,2,2,1,1,1,1,1,1,1,1	1/5,1/6,2/7,2/8,3/9,3/10,4/11,4/12	5/1/6,7/2/8,9/3/10,11/4/12	-	-	1,2,3,4,1,1,2,2,3,3,4,4
maceoff_water_1498	6,6,6,6,1,1,1,1,1,1,1,1	0.0,0.0,0.0,0.0,0.0,0.0,0.0,0.0,0.0,0.0,0.0,0.0	0,0,0,0,0,0,0,0,0,0,0,0	2,2,2,2,1,1,1,1,1,1,1,1	1/5,1/6,2/7,2/8,3/9,3/10,4/11,4/12	5/1/6,7/2/8,9/3/10,11/4/12	-	-	1,2,3,4,1,1,2,2,3,3,4,4
maceoff_water_1499	6,6,6,6,6,6,6,6,6,6,6,6,6,6,6,6,6,6,6,6,6,6,6,6,6,1,1,1,1,1,1,1,1,1,1,1,1,1,1,1,1,1,1,1,1,1,1,1,1,1,1,1,1,1,1,1,1,1,1,1,1,1,1,1,1,1,1,1,1,1,1,1,1,1,1	0.0,0.0,0.0,0.0,0.0,0.0,0.0,0.0,0.0,0.0,0.0,0.0,0.0,0.0,0.0,0.0,0.0,0.0,0.0,0.0,0.0,0.0,0.0,0.0,0.0,0.0,0.0,0.0,0.0,0.0,0.0,0.0,0.0,0.0,0.0,0.0,0.0,0.0,0.0,0.0,0.0,0.0,0.0,0.0,0.0,0.0,0.0,0.0,0.0,0.0,0.0,0.0,0.0,0.0,0.0,0.0,0.0,0.0,0.0,0.0,0.0,0.0,0.0,0.0,0.0,0.0,0.0,0.0,0.0,0.0,0.0,0.0,0.0,0.0,0.0	0,0,0,0,0,0,0,0,0,0,0,0,0,0,0,0,0,0,0,0,0,0,0,0,0,0,0,0,0,0,0,0,0,0,0,0,0,0,0,0,0,0,0,0,0,0,0,0,0,0,0,0,0,0,0,0,0,0,0,0,0,0,0,0,0,0,0,0,0,0,0,0,0,0,0	2,2,2,2,2,2,2,2,2,2,2,2,2,2,2,2,2,2,2,2,2,2,2,2,2,1,1,1,1,1,1,1,1,1,1,1,1,1,1,1,1,1,1,1,1,1,1,1,1,1,1,1,1,1,1,1,1,1,1,1,1,1,1,1,1,1,1,1,1,1,1,1,1,1,1	1/26,1/27,2/28,2/29,3/30,3/31,4/32,4/33,5/34,5/35,6/36,6/37,7/38,7/39,8/40,8/41,9/42,9/43,10/44,10/45,11/46,11/47,12/48,12/49,13/50,13/51,14/52,14/53,15/54,15/55,16/56,16/57,17/58,17/59,18/60,18/61,19/62,19/63,20/64,20/65,21/66,21/67,22/68,22/69,23/70,23/71,24/72,24/73,25/74,25/75	26/1/27,28/2/29,30/3/31,32/4/33,34/5/35,36/6/37,38/7/39,40/8/41,42/9/43,44/10/45,46/11/47,48/12/49,50/13/51,52/14/53,54/15/55,56/16/57,58/17/59,60/18/61,62/19/63,64/20/65,66/21/67,68/22/69,70/23/71,72/24/73,74/25/75	-	-	1,2,3,4,5,6,7,8,9,10,11,12,13,14,15,16,17,18,19,20,21,22,23,24,25,1,1,2,2,3,3,4,4,5,5,6,6,7,7,8,8,9,9,10,10,11,11,12,12,13,13,14,14,15,15,16,16,17,17,18,18,19,19,20,20,21,21,22,22,23,23,24,24,25,25
maceoff_water_1500	6,6,6,6,6,6,1,1,1,1,1,1,1,1,1,1,1,1	0.0,0.0,0.0,0.0,0.0,0.0,0.0,0.0,0.0,0.0,0.0,0.0,0.0,0.0,0.0,0.0,0.0,0.0	0,0,0,0,0,0,0,0,0,0,0,0,0,0,0,0,0,0	2,2,2,2,2,2,1,1,1,1,1,1,1,1,1,1,1,1	1/7,1/8,2/9,2/10,3/11,3/12,4/13,4/14,5/15,5/16,6/17,6/18	7/1/8,9/2/10,11/3/12,13/4/14,15/5/16,17/6/18	-	-	1,2,3,4,5,6,1,1,2,2,3,3,4,4,5,5,6,6
maceoff_water_1501	6,1,1	0.0,0.0,0.0	0,0,0	2,1,1	1/2,1/3	2/1/3	-	-	1,1,1
maceoff_water_1502	6,6,6,6,6,6,6,6,6,1,1,1,1,1,1,1,1,1,1,1,1,1,1,1,1,1,1	0.0,0.0,0.0,0.0,0.0,0.0,0.0,0.0,0.0,0.0,0.0,0.0,0.0,0.0,0.0,0.0,0.0,0.0,0.0,0.0,0.0,0.0,0.0,0.0,0.0,0.0,0.0	0,0,0,0,0,0,0,0,0,0,0,0,0,0,0,0,0,0,0,0,0,0,0,0,0,0,0	2,2,2,2,2,2,2,2,2,1,1,1,1,1,1,1,1,1,1,1,1,1,1,1,1,1,1	1/10,1/11,2/12,2/13,3/14,3/15,4/16,4/17,5/18,5/19,6/20,6/21,7/22,7/23,8/24,8/25,9/26,9/27	10/1/11,12/2/13,14/3/15,16/4/17,18/5/19,20/6/21,22/7/23,24/8/25,26/9/27	-	-	1,2,3,4,5,6,7,8,9,1,1,2,2,3,3,4,4,5,5,6,6,7,7,8,8,9,9
maceoff_water_1503	6,6,6,1,1,1,1,1,1	0.0,0.0,0.0,0.0,0.0,0.0,0.0,0.0,0.0	0,0,0,0,0,0,0,0,0	2,2,2,1,1,1,1,1,1	1/4,1/5,2/6,2/7,3/8,3/9	4/1/5,6/2/7,8/3/9	-	-	1,2,3,1,1,2,2,3,3
maceoff_water_1504	6,6,6,6,6,6,6,6,6,6,1,1,1,1,1,1,1,1,1,1,1,1,1,1,1,1,1,1,1,1	0.0,0.0,0.0,0.0,0.0,0.0,0.0,0.0,0.0,0.0,0.0,0.0,0.0,0.0,0.0,0.0,0.0,0.0,0.0,0.0,0.0,0.0,0.0,0.0,0.0,0.0,0.0,0.0,0.0,0.0	0,0,0,0,0,0,0,0,0,0,0,0,0,0,0,0,0,0,0,0,0,0,0,0,0,0,0,0,0,0	2,2,2,2,2,2,2,2,2,2,1,1,1,1,1,1,1,1,1,1,1,1,1,1,1,1,1,1,1,1	1/11,1/12,2/13,2/14,3/15,3/16,4/17,4/18,5/19,5/20,6/21,6/22,7/23,7/24,8/25,8/26,9/27,9/28,10/29,10/30	11/1/12,13/2/14,15/3/16,17/4/18,19/5/20,21/6/22,23/7/24,25/8/26,27/9/28,29/10/30	-	-	1,2,3,4,5,6,7,8,9,10,1,1,2,2,3,3,4,4,5,5,6,6,7,7,8,8,9,9,10,10
maceoff_water_1505	6,6,6,6,6,1,1,1,1,1,1,1,1,1,1	0.0,0.0,0.0,0.0,0.0,0.0,0.0,0.0,0.0,0.0,0.0,0.0,0.0,0.0,0.0	0,0,0,0,0,0,0,0,0,0,0,0,0,0,0	2,2,2,2,2,1,1,1,1,1,1,1,1,1,1	1/6,1/7,2/8,2/9,3/10,3/11,4/12,4/13,5/14,5/15	6/1/7,8/2/9,10/3/11,12/4/13,14/5/15	-	-	1,2,3,4,5,1,1,2,2,3,3,4,4,5,5
maceoff_water_1506	6,6,6,6,6,6,6,6,6,6,6,1,1,1,1,1,1,1,1,1,1,1,1,1,1,1,1,1,1,1,1,1,1	0.0,0.0,0.0,0.0,0.0,0.0,0.0,0.0,0.0,0.0,0.0,0.0,0.0,0.0,0.0,0.0,0.0,0.0,0.0,0.0,0.0,0.0,0.0,0.0,0.0,0.0,0.0,0.0,0.0,0.0,0.0,0.0,0.0	0,0,0,0,0,0,0,0,0,0,0,0,0,0,0,0,0,0,0,0,0,0,0,0,0,0,0,0,0,0,0,0,0	2,2,2,2,2,2,2,2,2,2,2,1,1,1,1,1,1,1,1,1,1,1,1,1,1,1,1,1,1,1,1,1,1	1/12,1/13,2/14,2/15,3/16,3/17,4/18,4/19,5/20,5/21,6/22,6/23,7/24,7/25,8/26,8/27,9/28,9/29,10/30,10/31,11/32,11/33	12/1/13,14/2/15,16/3/17,18/4/19,20/5/21,22/6/23,24/7/25,26/8/27,28/9/29,30/10/31,32/11/33	-	-	1,2,3,4,5,6,7,8,9,10,11,1,1,2,2,3,3,4,4,5,5,6,6,7,7,8,8,9,9,10,10,11,11
maceoff_water_1507	6,6,6,6,6,6,6,6,6,6,6,6,6,6,6,6,6,6,6,6,6,6,6,6,6,1,1,1,1,1,1,1,1,1,1,1,1,1,1,1,1,1,1,1,1,1,1,1,1,1,1,1,1,1,1,1,1,1,1,1,1,1,1,1,1,1,1,1,1,1,1,1,1,1,1	0.0,0.0,0.0,0.0,0.0,0.0,0.0,0.0,0.0,0.0,0.0,0.0,0.0,0.0,0.0,0.0,0.0,0.0,0.0,0.0,0.0,0.0,0.0,0.0,0.0,0.0,0.0,0.0,0.0,0.0,0.0,0.0,0.0,0.0,0.0,0.0,0.0,0.0,0.0,0.0,0.0,0.0,0.0,0.0,0.0,0.0,0.0,0.0,0.0,0.0,0.0,0.0,0.0,0.0,0.0,0.0,0.0,0.0,0.0,0.0,0.0,0.0,0.0,0.0,0.0,0.0,0.0,0.0,0.0,0.0,0.0,0.0,0.0,0.0,0.0	0,0,0,0,0,0,0,0,0,0,0,0,0,0,0,0,0,0,0,0,0,0,0,0,0,0,0,0,0,0,0,0,0,0,0,0,0,0,0,0,0,0,0,0,0,0,0,0,0,0,0,0,0,0,0,0,0,0,0,0,0,0,0,0,0,0,0,0,0,0,0,0,0,0,0	2,2,2,2,2,2,2,2,2,2,2,2,2,2,2,2,2,2,2,2,2,2,2,2,2,1,1,1,1,1,1,1,1,1,1,1,1,1,1,1,1,1,1,1,1,1,1,1,1,1,1,1,1,1,1,1,1,1,1,1,1,1,1,1,1,1,1,1,1,1,1,1,1,1,1	1/26,1/27,2/28,2/29,3/30,3/31,4/32,4/33,5/34,5/35,6/36,6/37,7/38,7/39,8/40,8/41,9/42,9/43,10/44,10/45,11/46,11/47,12/48,12/49,13/50,13/51,14/52,14/53,15/54,15/55,16/56,16/57,17/58,17/59,18/60,18/61,19/62,19/63,20/64,20/65,21/66,21/67,22/68,22/69,23/70,23/71,24/72,24/73,25/74,25/75	26/1/27,28/2/29,30/3/31,32/4/33,34/5/35,36/6/37,38/7/39,40/8/41,42/9/43,44/10/45,46/11/47,48/12/49,50/13/51,52/14/53,54/15/55,56/16/57,58/17/59,60/18/61,62/19/63,64/20/65,66/21/67,68/22/69,70/23/71,72/24/73,74/25/75	-	-	1,2,3,4,5,6,7,8,9,10,11,12,13,14,15,16,17,18,19,20,21,22,23,24,25,1,1,2,2,3,3,4,4,5,5,6,6,7,7,8,8,9,9,10,10,11,11,12,12,13,13,14,14,15,15,16,16,17,17,18,18,19,19,20,20,21,21,22,22,23,23,24,24,25,25
maceoff_water_1508	6,6,6,1,1,1,1,1,1	0.0,0.0,0.0,0.0,0.0,0.0,0.0,0.0,0.0	0,0,0,0,0,0,0,0,0	2,2,2,1,1,1,1,1,1	1/4,1/5,2/6,2/7,3/8,3/9	4/1/5,6/2/7,8/3/9	-	-	1,2,3,1,1,2,2,3,3
maceoff_water_1509	6,6,6,6,6,6,6,6,1,1,1,1,1,1,1,1,1,1,1,1,1,1,1,1	0.0,0.0,0.0,0.0,0.0,0.0,0.0,0.0,0.0,0.0,0.0,0.0,0.0,0.0,0.0,0.0,0.0,0.0,0.0,0.0,0.0,0.0,0.0,0.0	0,0,0,0,0,0,0,0,0,0,0,0,0,0,0,0,0,0,0,0,0,0,0,0	2,2,2,2,2,2,2,2,1,1,1,1,1,1,1,1,1,1,1,1,1,1,1,1	1/9,1/10,2/11,2/12,3/13,3/14,4/15,4/16,5/17,5/18,6/19,6/20,7/21,7/22,8/23,8/24	9/1/10,11/2/12,13/3/14,15/4/16,17/5/18,19/6/20,21/7/22,23/8/24	-	-	1,2,3,4,5,6,7,8,1,1,2,2,3,3,4,4,5,5,6,6,7,7,8,8
maceoff_water_1510	6,6,6,6,6,1,1,1,1,1,1,1,1,1,1	0.0,0.0,0.0,0.0,0.0,0.0,0.0,0.0,0.0,0.0,0.0,0.0,0.0,0.0,0.0	0,0,0,0,0,0,0,0,0,0,0,0,0,0,0	2,2,2,2,2,1,1,1,1,1,1,1,1,1,1	1/6,1/7,2/8,2/9,3/10,3/11,4/12,4/13,5/14,5/15	6/1/7,8/2/9,10/3/11,12/4/13,14/5/15	-	-	1,2,3,4,5,1,1,2,2,3,3,4,4,5,5
maceoff_water_1511	6,6,6,6,6,1,1,1,1,1,1,1,1,1,1	0.0,0.0,0.0,0.0,0.0,0.0,0.0,0.0,0.0,0.0,0.0,0.0,0.0,0.0,0.0	0,0,0,0,0,0,0,0,0,0,0,0,0,0,0	2,2,2,2,2,1,1,1,1,1,1,1,1,1,1	1/6,1/7,2/8,2/9,3/10,3/11,4/12,4/13,5/14,5/15	6/1/7,8/2/9,10/3/11,12/4/13,14/5/15	-	-	1,2,3,4,5,1,1,2,2,3,3,4,4,5,5
maceoff_water_1512	6,6,1,1,1,1	0.0,0.0,0.0,0.0,0.0,0.0	0,0,0,0,0,0	2,2,1,1,1,1	1/3,1/4,2/5,2/6	3/1/4,5/2/6	-	-	1,2,1,1,2,2
maceoff_water_1513	6,6,6,6,6,6,6,6,1,1,1,1,1,1,1,1,1,1,1,1,1,1,1,1	0.0,0.0,0.0,0.0,0.0,0.0,0.0,0.0,0.0,0.0,0.0,0.0,0.0,0.0,0.0,0.0,0.0,0.0,0.0,0.0,0.0,0.0,0.0,0.0	0,0,0,0,0,0,0,0,0,0,0,0,0,0,0,0,0,0,0,0,0,0,0,0	2,2,2,2,2,2,2,2,1,1,1,1,1,1,1,1,1,1,1,1,1,1,1,1	1/9,1/10,2/11,2/12,3/13,3/14,4/15,4/16,5/17,5/18,6/19,6/20,7/21,7/22,8/23,8/24	9/1/10,11/2/12,13/3/14,15/4/16,17/5/18,19/6/20,21/7/22,23/8/24	-	-	1,2,3,4,5,6,7,8,1,1,2,2,3,3,4,4,5,5,6,6,7,7,8,8
maceoff_water_1514	6,6,6,6,6,6,6,1,1,1,1,1,1,1,1,1,1,1,1,1,1	0.0,0.0,0.0,0.0,0.0,0.0,0.0,0.0,0.0,0.0,0.0,0.0,0.0,0.0,0.0,0.0,0.0,0.0,0.0,0.0,0.0	0,0,0,0,0,0,0,0,0,0,0,0,0,0,0,0,0,0,0,0,0	2,2,2,2,2,2,2,1,1,1,1,1,1,1,1,1,1,1,1,1,1	1/8,1/9,2/10,2/11,3/12,3/13,4/14,4/15,5/16,5/17,6/18,6/19,7/20,7/21	8/1/9,10/2/11,12/3/13,14/4/15,16/5/17,18/6/19,20/7/21	-	-	1,2,3,4,5,6,7,1,1,2,2,3,3,4,4,5,5,6,6,7,7
maceoff_water_1515	6,6,6,6,6,6,6,6,1,1,1,1,1,1,1,1,1,1,1,1,1,1,1,1	0.0,0.0,0.0,0.0,0.0,0.0,0.0,0.0,0.0,0.0,0.0,0.0,0.0,0.0,0.0,0.0,0.0,0.0,0.0,0.0,0.0,0.0,0.0,0.0	0,0,0,0,0,0,0,0,0,0,0,0,0,0,0,0,0,0,0,0,0,0,0,0	2,2,2,2,2,2,2,2,1,1,1,1,1,1,1,1,1,1,1,1,1,1,1,1	1/9,1/10,2/11,2/12,3/13,3/14,4/15,4/16,5/17,5/18,6/19,6/20,7/21,7/22,8/23,8/24	9/1/10,11/2/12,13/3/14,15/4/16,17/5/18,19/6/20,21/7/22,23/8/24	-	-	1,2,3,4,5,6,7,8,1,1,2,2,3,3,4,4,5,5,6,6,7,7,8,8
maceoff_water_1516	6,6,6,6,6,6,6,6,1,1,1,1,1,1,1,1,1,1,1,1,1,1,1,1	0.0,0.0,0.0,0.0,0.0,0.0,0.0,0.0,0.0,0.0,0.0,0.0,0.0,0.0,0.0,0.0,0.0,0.0,0.0,0.0,0.0,0.0,0.0,0.0	0,0,0,0,0,0,0,0,0,0,0,0,0,0,0,0,0,0,0,0,0,0,0,0	2,2,2,2,2,2,2,2,1,1,1,1,1,1,1,1,1,1,1,1,1,1,1,1	1/9,1/10,2/11,2/12,3/13,3/14,4/15,4/16,5/17,5/18,6/19,6/20,7/21,7/22,8/23,8/24	9/1/10,11/2/12,13/3/14,15/4/16,17/5/18,19/6/20,21/7/22,23/8/24	-	-	1,2,3,4,5,6,7,8,1,1,2,2,3,3,4,4,5,5,6,6,7,7,8,8
maceoff_water_1517	6,6,6,6,6,6,6,1,1,1,1,1,1,1,1,1,1,1,1,1,1	0.0,0.0,0.0,0.0,0.0,0.0,0.0,0.0,0.0,0.0,0.0,0.0,0.0,0.0,0.0,0.0,0.0,0.0,0.0,0.0,0.0	0,0,0,0,0,0,0,0,0,0,0,0,0,0,0,0,0,0,0,0,0	2,2,2,2,2,2,2,1,1,1,1,1,1,1,1,1,1,1,1,1,1	1/8,1/9,2/10,2/11,3/12,3/13,4/14,4/15,5/16,5/17,6/18,6/19,7/20,7/21	8/1/9,10/2/11,12/3/13,14/4/15,16/5/17,18/6/19,20/7/21	-	-	1,2,3,4,5,6,7,1,1,2,2,3,3,4,4,5,5,6,6,7,7
maceoff_water_1518	6,6,6,6,6,6,6,1,1,1,1,1,1,1,1,1,1,1,1,1,1	0.0,0.0,0.0,0.0,0.0,0.0,0.0,0.0,0.0,0.0,0.0,0.0,0.0,0.0,0.0,0.0,0.0,0.0,0.0,0.0,0.0	0,0,0,0,0,0,0,0,0,0,0,0,0,0,0,0,0,0,0,0,0	2,2,2,2,2,2,2,1,1,1,1,1,1,1,1,1,1,1,1,1,1	1/8,1/9,2/10,2/11,3/12,3/13,4/14,4/15,5/16,5/17,6/18,6/19,7/20,7/21	8/1/9,10/2/11,12/3/13,14/4/15,16/5/17,18/6/19,20/7/21	-	-	1,2,3,4,5,6,7,1,1,2,2,3,3,4,4,5,5,6,6,7,7
maceoff_water_1519	6,6,6,6,6,6,1,1,1,1,1,1,1,1,1,1,1,1	0.0,0.0,0.0,0.0,0.0,0.0,0.0,0.0,0.0,0.0,0.0,0.0,0.0,0.0,0.0,0.0,0.0,0.0	0,0,0,0,0,0,0,0,0,0,0,0,0,0,0,0,0,0	2,2,2,2,2,2,1,1,1,1,1,1,1,1,1,1,1,1	1/7,1/8,2/9,2/10,3/11,3/12,4/13,4/14,5/15,5/16,6/17,6/18	7/1/8,9/2/10,11/3/12,13/4/14,15/5/16,17/6/18	-	-	1,2,3,4,5,6,1,1,2,2,3,3,4,4,5,5,6,6
maceoff_water_1520	6,6,6,6,6,6,6,6,6,6,1,1,1,1,1,1,1,1,1,1,1,1,1,1,1,1,1,1,1,1	0.0,0.0,0.0,0.0,0.0,0.0,0.0,0.0,0.0,0.0,0.0,0.0,0.0,0.0,0.0,0.0,0.0,0.0,0.0,0.0,0.0,0.0,0.0,0.0,0.0,0.0,0.0,0.0,0.0,0.0	0,0,0,0,0,0,0,0,0,0,0,0,0,0,0,0,0,0,0,0,0,0,0,0,0,0,0,0,0,0	2,2,2,2,2,2,2,2,2,2,1,1,1,1,1,1,1,1,1,1,1,1,1,1,1,1,1,1,1,1	1/11,1/12,2/13,2/14,3/15,3/16,4/17,4/18,5/19,5/20,6/21,6/22,7/23,7/24,8/25,8/26,9/27,9/28,10/29,10/30	11/1/12,13/2/14,15/3/16,17/4/18,19/5/20,21/6/22,23/7/24,25/8/26,27/9/28,29/10/30	-	-	1,2,3,4,5,6,7,8,9,10,1,1,2,2,3,3,4,4,5,5,6,6,7,7,8,8,9,9,10,10
maceoff_water_1521	6,6,6,6,6,6,6,1,1,1,1,1,1,1,1,1,1,1,1,1,1	0.0,0.0,0.0,0.0,0.0,0.0,0.0,0.0,0.0,0.0,0.0,0.0,0.0,0.0,0.0,0.0,0.0,0.0,0.0,0.0,0.0	0,0,0,0,0,0,0,0,0,0,0,0,0,0,0,0,0,0,0,0,0	2,2,2,2,2,2,2,1,1,1,1,1,1,1,1,1,1,1,1,1,1	1/8,1/9,2/10,2/11,3/12,3/13,4/14,4/15,5/16,5/17,6/18,6/19,7/20,7/21	8/1/9,10/2/11,12/3/13,14/4/15,16/5/17,18/6/19,20/7/21	-	-	1,2,3,4,5,6,7,1,1,2,2,3,3,4,4,5,5,6,6,7,7
maceoff_water_1522	6,6,6,6,6,6,1,1,1,1,1,1,1,1,1,1,1,1	0.0,0.0,0.0,0.0,0.0,0.0,0.0,0.0,0.0,0.0,0.0,0.0,0.0,0.0,0.0,0.0,0.0,0.0	0,0,0,0,0,0,0,0,0,0,0,0,0,0,0,0,0,0	2,2,2,2,2,2,1,1,1,1,1,1,1,1,1,1,1,1	1/7,1/8,2/9,2/10,3/11,3/12,4/13,4/14,5/15,5/16,6/17,6/18	7/1/8,9/2/10,11/3/12,13/4/14,15/5/16,17/6/18	-	-	1,2,3,4,5,6,1,1,2,2,3,3,4,4,5,5,6,6
maceoff_water_1523	6,1,1	0.0,0.0,0.0	0,0,0	2,1,1	1/2,1/3	2/1/3	-	-	1,1,1
maceoff_water_1524	6,6,6,6,6,6,1,1,1,1,1,1,1,1,1,1,1,1	0.0,0.0,0.0,0.0,0.0,0.0,0.0,0.0,0.0,0.0,0.0,0.0,0.0,0.0,0.0,0.0,0.0,0.0	0,0,0,0,0,0,0,0,0,0,0,0,0,0,0,0,0,0	2,2,2,2,2,2,1,1,1,1,1,1,1,1,1,1,1,1	1/7,1/8,2/9,2/10,3/11,3/12,4/13,4/14,5/15,5/16,6/17,6/18	7/1/8,9/2/10,11/3/12,13/4/14,15/5/16,17/6/18	-	-	1,2,3,4,5,6,1,1,2,2,3,3,4,4,5,5,6,6
maceoff_water_1525	6,6,6,6,1,1,1,1,1,1,1,1	0.0,0.0,0.0,0.0,0.0,0.0,0.0,0.0,0.0,0.0,0.0,0.0	0,0,0,0,0,0,0,0,0,0,0,0	2,2,2,2,1,1,1,1,1,1,1,1	1/5,1/6,2/7,2/8,3/9,3/10,4/11,4/12	5/1/6,7/2/8,9/3/10,11/4/12	-	-	1,2,3,4,1,1,2,2,3,3,4,4
maceoff_water_1526	6,6,6,1,1,1,1,1,1	0.0,0.0,0.0,0.0,0.0,0.0,0.0,0.0,0.0	0,0,0,0,0,0,0,0,0	2,2,2,1,1,1,1,1,1	1/4,1/5,2/6,2/7,3/8,3/9	4/1/5,6/2/7,8/3/9	-	-	1,2,3,1,1,2,2,3,3
maceoff_water_1527	6,1,1	0.0,0.0,0.0	0,0,0	2,1,1	1/2,1/3	2/1/3	-	-	1,1,1
maceoff_water_1528	6,6,6,6,6,6,6,6,6,1,1,1,1,1,1,1,1,1,1,1,1,1,1,1,1,1,1	0.0,0.0,0.0,0.0,0.0,0.0,0.0,0.0,0.0,0.0,0.0,0.0,0.0,0.0,0.0,0.0,0.0,0.0,0.0,0.0,0.0,0.0,0.0,0.0,0.0,0.0,0.0	0,0,0,0,0,0,0,0,0,0,0,0,0,0,0,0,0,0,0,0,0,0,0,0,0,0,0	2,2,2,2,2,2,2,2,2,1,1,1,1,1,1,1,1,1,1,1,1,1,1,1,1,1,1	1/10,1/11,2/12,2/13,3/14,3/15,4/16,4/17,5/18,5/19,6/20,6/21,7/22,7/23,8/24,8/25,9/26,9/27	10/1/11,12/2/13,14/3/15,16/4/17,18/5/19,20/6/21,22/7/23,24/8/25,26/9/27	-	-	1,2,3,4,5,6,7,8,9,1,1,2,2,3,3,4,4,5,5,6,6,7,7,8,8,9,9
maceoff_water_1529	6,6,6,6,1,1,1,1,1,1,1,1	0.0,0.0,0.0,0.0,0.0,0.0,0.0,0.0,0.0,0.0,0.0,0.0	0,0,0,0,0,0,0,0,0,0,0,0	2,2,2,2,1,1,1,1,1,1,1,1	1/5,1/6,2/7,2/8,3/9,3/10,4/11,4/12	5/1/6,7/2/8,9/3/10,11/4/12	-	-	1,2,3,4,1,1,2,2,3,3,4,4
maceoff_water_1530	6,6,6,6,6,6,6,6,6,6,6,6,6,6,6,6,6,6,6,6,6,6,6,6,6,6,6,6,6,6,6,6,6,6,6,6,6,6,6,6,6,6,6,6,6,6,6,6,6,6,1,1,1,1,1,1,1,1,1,1,1,1,1,1,1,1,1,1,1,1,1,1,1,1,1,1,1,1,1,1,1,1,1,1,1,1,1,1,1,1,1,1,1,1,1,1,1,1,1,1,1,1,1,1,1,1,1,1,1,1,1,1,1,1,1,1,1,1,1,1,1,1,1,1,1,1,1,1,1,1,1,1,1,1,1,1,1,1,1,1,1,1,1,1,1,1,1,1,1,1	0.0,0.0,0.0,0.0,0.0,0.0,0.0,0.0,0.0,0.0,0.0,0.0,0.0,0.0,0.0,0.0,0.0,0.0,0.0,0.0,0.0,0.0,0.0,0.0,0.0,0.0,0.0,0.0,0.0,0.0,0.0,0.0,0.0,0.0,0.0,0.0,0.0,0.0,0.0,0.0,0.0,0.0,0.0,0.0,0.0,0.0,0.0,0.0,0.0,0.0,0.0,0.0,0.0,0.0,0.0,0.0,0.0,0.0,0.0,0.0,0.0,0.0,0.0,0.0,0.0,0.0,0.0,0.0,0.0,0.0,0.0,0.0,0.0,0.0,0.0,0.0,0.0,0.0,0.0,0.0,0.0,0.0,0.0,0.0,0.0,0.0,0.0,0.0,0.0,0.0,0.0,0.0,0.0,0.0,0.0,0.0,0.0,0.0,0.0,0.0,0.0,0.0,0.0,0.0,0.0,0.0,0.0,0.0,0.0,0.0,0.0,0.0,0.0,0.0,0.0,0.0,0.0,0.0,0.0,0.0,0.0,0.0,0.0,0.0,0.0,0.0,0.0,0.0,0.0,0.0,0.0,0.0,0.0,0.0,0.0,0.0,0.0,0.0,0.0,0.0,0.0,0.0,0.0,0.0,0.0,0.0,0.0,0.0,0.0,0.0	0,0,0,0,0,0,0,0,0,0,0,0,0,0,0,0,0,0,0,0,0,0,0,0,0,0,0,0,0,0,0,0,0,0,0,0,0,0,0,0,0,0,0,0,0,0,0,0,0,0,0,0,0,0,0,0,0,0,0,0,0,0,0,0,0,0,0,0,0,0,0,0,0,0,0,0,0,0,0,0,0,0,0,0,0,0,0,0,0,0,0,0,0,0,0,0,0,0,0,0,0,0,0,0,0,0,0,0,0,0,0,0,0,0,0,0,0,0,0,0,0,0,0,0,0,0,0,0,0,0,0,0,0,0,0,0,0,0,0,0,0,0,0,0,0,0,0,0,0,0	2,2,2,2,2,2,2,2,2,2,2,2,2,2,2,2,2,2,2,2,2,2,2,2,2,2,2,2,2,2,2,2,2,2,2,2,2,2,2,2,2,2,2,2,2,2,2,2,2,2,1,1,1,1,1,1,1,1,1,1,1,1,1,1,1,1,1,1,1,1,1,1,1,1,1,1,1,1,1,1,1,1,1,1,1,1,1,1,1,1,1,1,1,1,1,1,1,1,1,1,1,1,1,1,1,1,1,1,1,1,1,1,1,1,1,1,1,1,1,1,1,1,1,1,1,1,1,1,1,1,1,1,1,1,1,1,1,1,1,1,1,1,1,1,1,1,1,1,1,1	1/51,1/52,2/53,2/54,3/55,3/56,4/57,4/58,5/59,5/60,6/61,6/62,7/63,7/64,8/65,8/66,9/67,9/68,10/69,10/70,11/71,11/72,12/73,12/74,13/75,13/76,14/77,14/78,15/79,15/80,16/81,16/82,17/83,17/84,18/85,18/86,19/87,19/88,20/89,20/90,21/91,21/92,22/93,22/94,23/95,23/96,24/97,24/98,25/99,25/100,26/101,26/102,27/103,27/104,28/105,28/106,29/107,29/108,30/109,30/110,31/111,31/112,32/113,32/114,33/115,33/116,34/117,34/118,35/119,35/120,36/121,36/122,37/123,37/124,38/125,38/126,39/127,39/128,40/129,40/130,41/131,41/132,42/133,42/134,43/135,43/136,44/137,44/138,45/139,45/140,46/141,46/142,47/143,47/144,48/145,48/146,49/147,49/148,50/149,50/150	51/1/52,53/2/54,55/3/56,57/4/58,59/5/60,61/6/62,63/7/64,65/8/66,67/9/68,69/10/70,71/11/72,73/12/74,75/13/76,77/14/78,79/15/80,81/16/82,83/17/84,85/18/86,87/19/88,89/20/90,91/21/92,93/22/94,95/23/96,97/24/98,99/25/100,101/26/102,103/27/104,105/28/106,107/29/108,109/30/110,111/31/112,113/32/114,115/33/116,117/34/118,119/35/120,121/36/122,123/37/124,125/38/126,127/39/128,129/40/130,131/41/132,133/42/134,135/43/136,137/44/138,139/45/140,141/46/142,143/47/144,145/48/146,147/49/148,149/50/150	-	-	1,2,3,4,5,6,7,8,9,10,11,12,13,14,15,16,17,18,19,20,21,22,23,24,25,26,27,28,29,30,31,32,33,34,35,36,37,38,39,40,41,42,43,44,45,46,47,48,49,50,1,1,2,2,3,3,4,4,5,5,6,6,7,7,8,8,9,9,10,10,11,11,12,12,13,13,14,14,15,15,16,16,17,17,18,18,19,19,20,20,21,21,22,22,23,23,24,24,25,25,26,26,27,27,28,28,29,29,30,30,31,31,32,32,33,33,34,34,35,35,36,36,37,37,38,38,39,39,40,40,41,41,42,42,43,43,44,44,45,45,46,46,47,47,48,48,49,49,50,50
maceoff_water_1531	6,6,6,6,6,6,6,6,6,6,1,1,1,1,1,1,1,1,1,1,1,1,1,1,1,1,1,1,1,1	0.0,0.0,0.0,0.0,0.0,0.0,0.0,0.0,0.0,0.0,0.0,0.0,0.0,0.0,0.0,0.0,0.0,0.0,0.0,0.0,0.0,0.0,0.0,0.0,0.0,0.0,0.0,0.0,0.0,0.0	0,0,0,0,0,0,0,0,0,0,0,0,0,0,0,0,0,0,0,0,0,0,0,0,0,0,0,0,0,0	2,2,2,2,2,2,2,2,2,2,1,1,1,1,1,1,1,1,1,1,1,1,1,1,1,1,1,1,1,1	1/11,1/12,2/13,2/14,3/15,3/16,4/17,4/18,5/19,5/20,6/21,6/22,7/23,7/24,8/25,8/26,9/27,9/28,10/29,10/30	11/1/12,13/2/14,15/3/16,17/4/18,19/5/20,21/6/22,23/7/24,25/8/26,27/9/28,29/10/30	-	-	1,2,3,4,5,6,7,8,9,10,1,1,2,2,3,3,4,4,5,5,6,6,7,7,8,8,9,9,10,10
maceoff_water_1532	6,6,6,1,1,1,1,1,1	0.0,0.0,0.0,0.0,0.0,0.0,0.0,0.0,0.0	0,0,0,0,0,0,0,0,0	2,2,2,1,1,1,1,1,1	1/4,1/5,2/6,2/7,3/8,3/9	4/1/5,6/2/7,8/3/9	-	-	1,2,3,1,1,2,2,3,3
maceoff_water_1533	6,6,6,6,6,6,6,6,6,1,1,1,1,1,1,1,1,1,1,1,1,1,1,1,1,1,1	0.0,0.0,0.0,0.0,0.0,0.0,0.0,0.0,0.0,0.0,0.0,0.0,0.0,0.0,0.0,0.0,0.0,0.0,0.0,0.0,0.0,0.0,0.0,0.0,0.0,0.0,0.0	0,0,0,0,0,0,0,0,0,0,0,0,0,0,0,0,0,0,0,0,0,0,0,0,0,0,0	2,2,2,2,2,2,2,2,2,1,1,1,1,1,1,1,1,1,1,1,1,1,1,1,1,1,1	1/10,1/11,2/12,2/13,3/14,3/15,4/16,4/17,5/18,5/19,6/20,6/21,7/22,7/23,8/24,8/25,9/26,9/27	10/1/11,12/2/13,14/3/15,16/4/17,18/5/19,20/6/21,22/7/23,24/8/25,26/9/27	-	-	1,2,3,4,5,6,7,8,9,1,1,2,2,3,3,4,4,5,5,6,6,7,7,8,8,9,9
maceoff_water_1534	6,6,6,6,6,6,6,6,1,1,1,1,1,1,1,1,1,1,1,1,1,1,1,1	0.0,0.0,0.0,0.0,0.0,0.0,0.0,0.0,0.0,0.0,0.0,0.0,0.0,0.0,0.0,0.0,0.0,0.0,0.0,0.0,0.0,0.0,0.0,0.0	0,0,0,0,0,0,0,0,0,0,0,0,0,0,0,0,0,0,0,0,0,0,0,0	2,2,2,2,2,2,2,2,1,1,1,1,1,1,1,1,1,1,1,1,1,1,1,1	1/9,1/10,2/11,2/12,3/13,3/14,4/15,4/16,5/17,5/18,6/19,6/20,7/21,7/22,8/23,8/24	9/1/10,11/2/12,13/3/14,15/4/16,17/5/18,19/6/20,21/7/22,23/8/24	-	-	1,2,3,4,5,6,7,8,1,1,2,2,3,3,4,4,5,5,6,6,7,7,8,8
maceoff_water_1535	6,6,6,6,6,6,1,1,1,1,1,1,1,1,1,1,1,1	0.0,0.0,0.0,0.0,0.0,0.0,0.0,0.0,0.0,0.0,0.0,0.0,0.0,0.0,0.0,0.0,0.0,0.0	0,0,0,0,0,0,0,0,0,0,0,0,0,0,0,0,0,0	2,2,2,2,2,2,1,1,1,1,1,1,1,1,1,1,1,1	1/7,1/8,2/9,2/10,3/11,3/12,4/13,4/14,5/15,5/16,6/17,6/18	7/1/8,9/2/10,11/3/12,13/4/14,15/5/16,17/6/18	-	-	1,2,3,4,5,6,1,1,2,2,3,3,4,4,5,5,6,6
maceoff_water_1536	6,6,1,1,1,1	0.0,0.0,0.0,0.0,0.0,0.0	0,0,0,0,0,0	2,2,1,1,1,1	1/3,1/4,2/5,2/6	3/1/4,5/2/6	-	-	1,2,1,1,2,2
maceoff_water_1537	6,6,6,6,6,6,6,6,1,1,1,1,1,1,1,1,1,1,1,1,1,1,1,1	0.0,0.0,0.0,0.0,0.0,0.0,0.0,0.0,0.0,0.0,0.0,0.0,0.0,0.0,0.0,0.0,0.0,0.0,0.0,0.0,0.0,0.0,0.0,0.0	0,0,0,0,0,0,0,0,0,0,0,0,0,0,0,0,0,0,0,0,0,0,0,0	2,2,2,2,2,2,2,2,1,1,1,1,1,1,1,1,1,1,1,1,1,1,1,1	1/9,1/10,2/11,2/12,3/13,3/14,4/15,4/16,5/17,5/18,6/19,6/20,7/21,7/22,8/23,8/24	9/1/10,11/2/12,13/3/14,15/4/16,17/5/18,19/6/20,21/7/22,23/8/24	-	-	1,2,3,4,5,6,7,8,1,1,2,2,3,3,4,4,5,5,6,6,7,7,8,8
maceoff_water_1538	6,6,6,6,1,1,1,1,1,1,1,1	0.0,0.0,0.0,0.0,0.0,0.0,0.0,0.0,0.0,0.0,0.0,0.0	0,0,0,0,0,0,0,0,0,0,0,0	2,2,2,2,1,1,1,1,1,1,1,1	1/5,1/6,2/7,2/8,3/9,3/10,4/11,4/12	5/1/6,7/2/8,9/3/10,11/4/12	-	-	1,2,3,4,1,1,2,2,3,3,4,4
maceoff_water_1539	6,6,6,6,6,6,6,6,6,6,1,1,1,1,1,1,1,1,1,1,1,1,1,1,1,1,1,1,1,1	0.0,0.0,0.0,0.0,0.0,0.0,0.0,0.0,0.0,0.0,0.0,0.0,0.0,0.0,0.0,0.0,0.0,0.0,0.0,0.0,0.0,0.0,0.0,0.0,0.0,0.0,0.0,0.0,0.0,0.0	0,0,0,0,0,0,0,0,0,0,0,0,0,0,0,0,0,0,0,0,0,0,0,0,0,0,0,0,0,0	2,2,2,2,2,2,2,2,2,2,1,1,1,1,1,1,1,1,1,1,1,1,1,1,1,1,1,1,1,1	1/11,1/12,2/13,2/14,3/15,3/16,4/17,4/18,5/19,5/20,6/21,6/22,7/23,7/24,8/25,8/26,9/27,9/28,10/29,10/30	11/1/12,13/2/14,15/3/16,17/4/18,19/5/20,21/6/22,23/7/24,25/8/26,27/9/28,29/10/30	-	-	1,2,3,4,5,6,7,8,9,10,1,1,2,2,3,3,4,4,5,5,6,6,7,7,8,8,9,9,10,10
maceoff_water_1540	6,6,6,6,1,1,1,1,1,1,1,1	0.0,0.0,0.0,0.0,0.0,0.0,0.0,0.0,0.0,0.0,0.0,0.0	0,0,0,0,0,0,0,0,0,0,0,0	2,2,2,2,1,1,1,1,1,1,1,1	1/5,1/6,2/7,2/8,3/9,3/10,4/11,4/12	5/1/6,7/2/8,9/3/10,11/4/12	-	-	1,2,3,4,1,1,2,2,3,3,4,4
maceoff_water_1541	6,6,1,1,1,1	0.0,0.0,0.0,0.0,0.0,0.0	0,0,0,0,0,0	2,2,1,1,1,1	1/3,1/4,2/5,2/6	3/1/4,5/2/6	-	-	1,2,1,1,2,2
maceoff_water_1542	6,6,1,1,1,1	0.0,0.0,0.0,0.0,0.0,0.0	0,0,0,0,0,0	2,2,1,1,1,1	1/3,1/4,2/5,2/6	3/1/4,5/2/6	-	-	1,2,1,1,2,2
maceoff_water_1543	6,6,6,6,6,6,6,6,6,6,6,6,6,6,6,6,6,6,6,6,6,6,6,6,6,1,1,1,1,1,1,1,1,1,1,1,1,1,1,1,1,1,1,1,1,1,1,1,1,1,1,1,1,1,1,1,1,1,1,1,1,1,1,1,1,1,1,1,1,1,1,1,1,1,1	0.0,0.0,0.0,0.0,0.0,0.0,0.0,0.0,0.0,0.0,0.0,0.0,0.0,0.0,0.0,0.0,0.0,0.0,0.0,0.0,0.0,0.0,0.0,0.0,0.0,0.0,0.0,0.0,0.0,0.0,0.0,0.0,0.0,0.0,0.0,0.0,0.0,0.0,0.0,0.0,0.0,0.0,0.0,0.0,0.0,0.0,0.0,0.0,0.0,0.0,0.0,0.0,0.0,0.0,0.0,0.0,0.0,0.0,0.0,0.0,0.0,0.0,0.0,0.0,0.0,0.0,0.0,0.0,0.0,0.0,0.0,0.0,0.0,0.0,0.0	0,0,0,0,0,0,0,0,0,0,0,0,0,0,0,0,0,0,0,0,0,0,0,0,0,0,0,0,0,0,0,0,0,0,0,0,0,0,0,0,0,0,0,0,0,0,0,0,0,0,0,0,0,0,0,0,0,0,0,0,0,0,0,0,0,0,0,0,0,0,0,0,0,0,0	2,2,2,2,2,2,2,2,2,2,2,2,2,2,2,2,2,2,2,2,2,2,2,2,2,1,1,1,1,1,1,1,1,1,1,1,1,1,1,1,1,1,1,1,1,1,1,1,1,1,1,1,1,1,1,1,1,1,1,1,1,1,1,1,1,1,1,1,1,1,1,1,1,1,1	1/26,1/27,2/28,2/29,3/30,3/31,4/32,4/33,5/34,5/35,6/36,6/37,7/38,7/39,8/40,8/41,9/42,9/43,10/44,10/45,11/46,11/47,12/48,12/49,13/50,13/51,14/52,14/53,15/54,15/55,16/56,16/57,17/58,17/59,18/60,18/61,19/62,19/63,20/64,20/65,21/66,21/67,22/68,22/69,23/70,23/71,24/72,24/73,25/74,25/75	26/1/27,28/2/29,30/3/31,32/4/33,34/5/35,36/6/37,38/7/39,40/8/41,42/9/43,44/10/45,46/11/47,48/12/49,50/13/51,52/14/53,54/15/55,56/16/57,58/17/59,60/18/61,62/19/63,64/20/65,66/21/67,68/22/69,70/23/71,72/24/73,74/25/75	-	-	1,2,3,4,5,6,7,8,9,10,11,12,13,14,15,16,17,18,19,20,21,22,23,24,25,1,1,2,2,3,3,4,4,5,5,6,6,7,7,8,8,9,9,10,10,11,11,12,12,13,13,14,14,15,15,16,16,17,17,18,18,19,19,20,20,21,21,22,22,23,23,24,24,25,25
maceoff_water_1544	6,6,6,6,6,6,6,6,6,6,1,1,1,1,1,1,1,1,1,1,1,1,1,1,1,1,1,1,1,1	0.0,0.0,0.0,0.0,0.0,0.0,0.0,0.0,0.0,0.0,0.0,0.0,0.0,0.0,0.0,0.0,0.0,0.0,0.0,0.0,0.0,0.0,0.0,0.0,0.0,0.0,0.0,0.0,0.0,0.0	0,0,0,0,0,0,0,0,0,0,0,0,0,0,0,0,0,0,0,0,0,0,0,0,0,0,0,0,0,0	2,2,2,2,2,2,2,2,2,2,1,1,1,1,1,1,1,1,1,1,1,1,1,1,1,1,1,1,1,1	1/11,1/12,2/13,2/14,3/15,3/16,4/17,4/18,5/19,5/20,6/21,6/22,7/23,7/24,8/25,8/26,9/27,9/28,10/29,10/30	11/1/12,13/2/14,15/3/16,17/4/18,19/5/20,21/6/22,23/7/24,25/8/26,27/9/28,29/10/30	-	-	1,2,3,4,5,6,7,8,9,10,1,1,2,2,3,3,4,4,5,5,6,6,7,7,8,8,9,9,10,10
maceoff_water_1545	6,6,6,6,6,6,6,6,6,6,1,1,1,1,1,1,1,1,1,1,1,1,1,1,1,1,1,1,1,1	0.0,0.0,0.0,0.0,0.0,0.0,0.0,0.0,0.0,0.0,0.0,0.0,0.0,0.0,0.0,0.0,0.0,0.0,0.0,0.0,0.0,0.0,0.0,0.0,0.0,0.0,0.0,0.0,0.0,0.0	0,0,0,0,0,0,0,0,0,0,0,0,0,0,0,0,0,0,0,0,0,0,0,0,0,0,0,0,0,0	2,2,2,2,2,2,2,2,2,2,1,1,1,1,1,1,1,1,1,1,1,1,1,1,1,1,1,1,1,1	1/11,1/12,2/13,2/14,3/15,3/16,4/17,4/18,5/19,5/20,6/21,6/22,7/23,7/24,8/25,8/26,9/27,9/28,10/29,10/30	11/1/12,13/2/14,15/3/16,17/4/18,19/5/20,21/6/22,23/7/24,25/8/26,27/9/28,29/10/30	-	-	1,2,3,4,5,6,7,8,9,10,1,1,2,2,3,3,4,4,5,5,6,6,7,7,8,8,9,9,10,10
maceoff_water_1546	6,6,6,6,6,6,6,6,6,6,6,6,6,6,6,6,6,6,6,6,6,6,6,6,6,1,1,1,1,1,1,1,1,1,1,1,1,1,1,1,1,1,1,1,1,1,1,1,1,1,1,1,1,1,1,1,1,1,1,1,1,1,1,1,1,1,1,1,1,1,1,1,1,1,1	0.0,0.0,0.0,0.0,0.0,0.0,0.0,0.0,0.0,0.0,0.0,0.0,0.0,0.0,0.0,0.0,0.0,0.0,0.0,0.0,0.0,0.0,0.0,0.0,0.0,0.0,0.0,0.0,0.0,0.0,0.0,0.0,0.0,0.0,0.0,0.0,0.0,0.0,0.0,0.0,0.0,0.0,0.0,0.0,0.0,0.0,0.0,0.0,0.0,0.0,0.0,0.0,0.0,0.0,0.0,0.0,0.0,0.0,0.0,0.0,0.0,0.0,0.0,0.0,0.0,0.0,0.0,0.0,0.0,0.0,0.0,0.0,0.0,0.0,0.0	0,0,0,0,0,0,0,0,0,0,0,0,0,0,0,0,0,0,0,0,0,0,0,0,0,0,0,0,0,0,0,0,0,0,0,0,0,0,0,0,0,0,0,0,0,0,0,0,0,0,0,0,0,0,0,0,0,0,0,0,0,0,0,0,0,0,0,0,0,0,0,0,0,0,0	2,2,2,2,2,2,2,2,2,2,2,2,2,2,2,2,2,2,2,2,2,2,2,2,2,1,1,1,1,1,1,1,1,1,1,1,1,1,1,1,1,1,1,1,1,1,1,1,1,1,1,1,1,1,1,1,1,1,1,1,1,1,1,1,1,1,1,1,1,1,1,1,1,1,1	1/26,1/27,2/28,2/29,3/30,3/31,4/32,4/33,5/34,5/35,6/36,6/37,7/38,7/39,8/40,8/41,9/42,9/43,10/44,10/45,11/46,11/47,12/48,12/49,13/50,13/51,14/52,14/53,15/54,15/55,16/56,16/57,17/58,17/59,18/60,18/61,19/62,19/63,20/64,20/65,21/66,21/67,22/68,22/69,23/70,23/71,24/72,24/73,25/74,25/75	26/1/27,28/2/29,30/3/31,32/4/33,34/5/35,36/6/37,38/7/39,40/8/41,42/9/43,44/10/45,46/11/47,48/12/49,50/13/51,52/14/53,54/15/55,56/16/57,58/17/59,60/18/61,62/19/63,64/20/65,66/21/67,68/22/69,70/23/71,72/24/73,74/25/75	-	-	1,2,3,4,5,6,7,8,9,10,11,12,13,14,15,16,17,18,19,20,21,22,23,24,25,1,1,2,2,3,3,4,4,5,5,6,6,7,7,8,8,9,9,10,10,11,11,12,12,13,13,14,14,15,15,16,16,17,17,18,18,19,19,20,20,21,21,22,22,23,23,24,24,25,25
maceoff_water_1547	6,6,1,1,1,1	0.0,0.0,0.0,0.0,0.0,0.0	0,0,0,0,0,0	2,2,1,1,1,1	1/3,1/4,2/5,2/6	3/1/4,5/2/6	-	-	1,2,1,1,2,2
maceoff_water_1548	6,6,6,6,1,1,1,1,1,1,1,1	0.0,0.0,0.0,0.0,0.0,0.0,0.0,0.0,0.0,0.0,0.0,0.0	0,0,0,0,0,0,0,0,0,0,0,0	2,2,2,2,1,1,1,1,1,1,1,1	1/5,1/6,2/7,2/8,3/9,3/10,4/11,4/12	5/1/6,7/2/8,9/3/10,11/4/12	-	-	1,2,3,4,1,1,2,2,3,3,4,4
maceoff_water_1549	6,6,6,6,1,1,1,1,1,1,1,1	0.0,0.0,0.0,0.0,0.0,0.0,0.0,0.0,0.0,0.0,0.0,0.0	0,0,0,0,0,0,0,0,0,0,0,0	2,2,2,2,1,1,1,1,1,1,1,1	1/5,1/6,2/7,2/8,3/9,3/10,4/11,4/12	5/1/6,7/2/8,9/3/10,11/4/12	-	-	1,2,3,4,1,1,2,2,3,3,4,4
maceoff_water_1550	6,6,6,6,6,6,1,1,1,1,1,1,1,1,1,1,1,1	0.0,0.0,0.0,0.0,0.0,0.0,0.0,0.0,0.0,0.0,0.0,0.0,0.0,0.0,0.0,0.0,0.0,0.0	0,0,0,0,0,0,0,0,0,0,0,0,0,0,0,0,0,0	2,2,2,2,2,2,1,1,1,1,1,1,1,1,1,1,1,1	1/7,1/8,2/9,2/10,3/11,3/12,4/13,4/14,5/15,5/16,6/17,6/18	7/1/8,9/2/10,11/3/12,13/4/14,15/5/16,17/6/18	-	-	1,2,3,4,5,6,1,1,2,2,3,3,4,4,5,5,6,6
maceoff_water_1551	6,6,6,6,6,6,6,6,6,6,1,1,1,1,1,1,1,1,1,1,1,1,1,1,1,1,1,1,1,1	0.0,0.0,0.0,0.0,0.0,0.0,0.0,0.0,0.0,0.0,0.0,0.0,0.0,0.0,0.0,0.0,0.0,0.0,0.0,0.0,0.0,0.0,0.0,0.0,0.0,0.0,0.0,0.0,0.0,0.0	0,0,0,0,0,0,0,0,0,0,0,0,0,0,0,0,0,0,0,0,0,0,0,0,0,0,0,0,0,0	2,2,2,2,2,2,2,2,2,2,1,1,1,1,1,1,1,1,1,1,1,1,1,1,1,1,1,1,1,1	1/11,1/12,2/13,2/14,3/15,3/16,4/17,4/18,5/19,5/20,6/21,6/22,7/23,7/24,8/25,8/26,9/27,9/28,10/29,10/30	11/1/12,13/2/14,15/3/16,17/4/18,19/5/20,21/6/22,23/7/24,25/8/26,27/9/28,29/10/30	-	-	1,2,3,4,5,6,7,8,9,10,1,1,2,2,3,3,4,4,5,5,6,6,7,7,8,8,9,9,10,10
maceoff_water_1552	6,6,6,6,1,1,1,1,1,1,1,1	0.0,0.0,0.0,0.0,0.0,0.0,0.0,0.0,0.0,0.0,0.0,0.0	0,0,0,0,0,0,0,0,0,0,0,0	2,2,2,2,1,1,1,1,1,1,1,1	1/5,1/6,2/7,2/8,3/9,3/10,4/11,4/12	5/1/6,7/2/8,9/3/10,11/4/12	-	-	1,2,3,4,1,1,2,2,3,3,4,4
maceoff_water_1553	6,6,6,6,6,6,6,6,6,6,6,1,1,1,1,1,1,1,1,1,1,1,1,1,1,1,1,1,1,1,1,1,1	0.0,0.0,0.0,0.0,0.0,0.0,0.0,0.0,0.0,0.0,0.0,0.0,0.0,0.0,0.0,0.0,0.0,0.0,0.0,0.0,0.0,0.0,0.0,0.0,0.0,0.0,0.0,0.0,0.0,0.0,0.0,0.0,0.0	0,0,0,0,0,0,0,0,0,0,0,0,0,0,0,0,0,0,0,0,0,0,0,0,0,0,0,0,0,0,0,0,0	2,2,2,2,2,2,2,2,2,2,2,1,1,1,1,1,1,1,1,1,1,1,1,1,1,1,1,1,1,1,1,1,1	1/12,1/13,2/14,2/15,3/16,3/17,4/18,4/19,5/20,5/21,6/22,6/23,7/24,7/25,8/26,8/27,9/28,9/29,10/30,10/31,11/32,11/33	12/1/13,14/2/15,16/3/17,18/4/19,20/5/21,22/6/23,24/7/25,26/8/27,28/9/29,30/10/31,32/11/33	-	-	1,2,3,4,5,6,7,8,9,10,11,1,1,2,2,3,3,4,4,5,5,6,6,7,7,8,8,9,9,10,10,11,11
maceoff_water_1554	6,6,6,6,6,6,6,6,1,1,1,1,1,1,1,1,1,1,1,1,1,1,1,1	0.0,0.0,0.0,0.0,0.0,0.0,0.0,0.0,0.0,0.0,0.0,0.0,0.0,0.0,0.0,0.0,0.0,0.0,0.0,0.0,0.0,0.0,0.0,0.0	0,0,0,0,0,0,0,0,0,0,0,0,0,0,0,0,0,0,0,0,0,0,0,0	2,2,2,2,2,2,2,2,1,1,1,1,1,1,1,1,1,1,1,1,1,1,1,1	1/9,1/10,2/11,2/12,3/13,3/14,4/15,4/16,5/17,5/18,6/19,6/20,7/21,7/22,8/23,8/24	9/1/10,11/2/12,13/3/14,15/4/16,17/5/18,19/6/20,21/7/22,23/8/24	-	-	1,2,3,4,5,6,7,8,1,1,2,2,3,3,4,4,5,5,6,6,7,7,8,8
maceoff_water_1555	6,6,6,6,6,6,6,6,6,6,6,1,1,1,1,1,1,1,1,1,1,1,1,1,1,1,1,1,1,1,1,1,1	0.0,0.0,0.0,0.0,0.0,0.0,0.0,0.0,0.0,0.0,0.0,0.0,0.0,0.0,0.0,0.0,0.0,0.0,0.0,0.0,0.0,0.0,0.0,0.0,0.0,0.0,0.0,0.0,0.0,0.0,0.0,0.0,0.0	0,0,0,0,0,0,0,0,0,0,0,0,0,0,0,0,0,0,0,0,0,0,0,0,0,0,0,0,0,0,0,0,0	2,2,2,2,2,2,2,2,2,2,2,1,1,1,1,1,1,1,1,1,1,1,1,1,1,1,1,1,1,1,1,1,1	1/12,1/13,2/14,2/15,3/16,3/17,4/18,4/19,5/20,5/21,6/22,6/23,7/24,7/25,8/26,8/27,9/28,9/29,10/30,10/31,11/32,11/33	12/1/13,14/2/15,16/3/17,18/4/19,20/5/21,22/6/23,24/7/25,26/8/27,28/9/29,30/10/31,32/11/33	-	-	1,2,3,4,5,6,7,8,9,10,11,1,1,2,2,3,3,4,4,5,5,6,6,7,7,8,8,9,9,10,10,11,11
maceoff_water_1556	6,6,6,6,6,6,6,6,1,1,1,1,1,1,1,1,1,1,1,1,1,1,1,1	0.0,0.0,0.0,0.0,0.0,0.0,0.0,0.0,0.0,0.0,0.0,0.0,0.0,0.0,0.0,0.0,0.0,0.0,0.0,0.0,0.0,0.0,0.0,0.0	0,0,0,0,0,0,0,0,0,0,0,0,0,0,0,0,0,0,0,0,0,0,0,0	2,2,2,2,2,2,2,2,1,1,1,1,1,1,1,1,1,1,1,1,1,1,1,1	1/9,1/10,2/11,2/12,3/13,3/14,4/15,4/16,5/17,5/18,6/19,6/20,7/21,7/22,8/23,8/24	9/1/10,11/2/12,13/3/14,15/4/16,17/5/18,19/6/20,21/7/22,23/8/24	-	-	1,2,3,4,5,6,7,8,1,1,2,2,3,3,4,4,5,5,6,6,7,7,8,8
maceoff_water_1557	6,6,6,6,6,1,1,1,1,1,1,1,1,1,1	0.0,0.0,0.0,0.0,0.0,0.0,0.0,0.0,0.0,0.0,0.0,0.0,0.0,0.0,0.0	0,0,0,0,0,0,0,0,0,0,0,0,0,0,0	2,2,2,2,2,1,1,1,1,1,1,1,1,1,1	1/6,1/7,2/8,2/9,3/10,3/11,4/12,4/13,5/14,5/15	6/1/7,8/2/9,10/3/11,12/4/13,14/5/15	-	-	1,2,3,4,5,1,1,2,2,3,3,4,4,5,5
maceoff_water_1558	6,6,6,6,6,6,1,1,1,1,1,1,1,1,1,1,1,1	0.0,0.0,0.0,0.0,0.0,0.0,0.0,0.0,0.0,0.0,0.0,0.0,0.0,0.0,0.0,0.0,0.0,0.0	0,0,0,0,0,0,0,0,0,0,0,0,0,0,0,0,0,0	2,2,2,2,2,2,1,1,1,1,1,1,1,1,1,1,1,1	1/7,1/8,2/9,2/10,3/11,3/12,4/13,4/14,5/15,5/16,6/17,6/18	7/1/8,9/2/10,11/3/12,13/4/14,15/5/16,17/6/18	-	-	1,2,3,4,5,6,1,1,2,2,3,3,4,4,5,5,6,6
maceoff_water_1559	6,6,1,1,1,1	0.0,0.0,0.0,0.0,0.0,0.0	0,0,0,0,0,0	2,2,1,1,1,1	1/3,1/4,2/5,2/6	3/1/4,5/2/6	-	-	1,2,1,1,2,2
maceoff_water_1560	6,6,1,1,1,1	0.0,0.0,0.0,0.0,0.0,0.0	0,0,0,0,0,0	2,2,1,1,1,1	1/3,1/4,2/5,2/6	3/1/4,5/2/6	-	-	1,2,1,1,2,2
maceoff_water_1561	6,6,6,6,1,1,1,1,1,1,1,1	0.0,0.0,0.0,0.0,0.0,0.0,0.0,0.0,0.0,0.0,0.0,0.0	0,0,0,0,0,0,0,0,0,0,0,0	2,2,2,2,1,1,1,1,1,1,1,1	1/5,1/6,2/7,2/8,3/9,3/10,4/11,4/12	5/1/6,7/2/8,9/3/10,11/4/12	-	-	1,2,3,4,1,1,2,2,3,3,4,4
maceoff_water_1562	6,6,6,6,6,6,1,1,1,1,1,1,1,1,1,1,1,1	0.0,0.0,0.0,0.0,0.0,0.0,0.0,0.0,0.0,0.0,0.0,0.0,0.0,0.0,0.0,0.0,0.0,0.0	0,0,0,0,0,0,0,0,0,0,0,0,0,0,0,0,0,0	2,2,2,2,2,2,1,1,1,1,1,1,1,1,1,1,1,1	1/7,1/8,2/9,2/10,3/11,3/12,4/13,4/14,5/15,5/16,6/17,6/18	7/1/8,9/2/10,11/3/12,13/4/14,15/5/16,17/6/18	-	-	1,2,3,4,5,6,1,1,2,2,3,3,4,4,5,5,6,6
maceoff_water_1563	6,6,1,1,1,1	0.0,0.0,0.0,0.0,0.0,0.0	0,0,0,0,0,0	2,2,1,1,1,1	1/3,1/4,2/5,2/6	3/1/4,5/2/6	-	-	1,2,1,1,2,2
maceoff_water_1564	6,6,6,6,6,6,6,6,6,6,6,6,1,1,1,1,1,1,1,1,1,1,1,1,1,1,1,1,1,1,1,1,1,1,1,1	0.0,0.0,0.0,0.0,0.0,0.0,0.0,0.0,0.0,0.0,0.0,0.0,0.0,0.0,0.0,0.0,0.0,0.0,0.0,0.0,0.0,0.0,0.0,0.0,0.0,0.0,0.0,0.0,0.0,0.0,0.0,0.0,0.0,0.0,0.0,0.0	0,0,0,0,0,0,0,0,0,0,0,0,0,0,0,0,0,0,0,0,0,0,0,0,0,0,0,0,0,0,0,0,0,0,0,0	2,2,2,2,2,2,2,2,2,2,2,2,1,1,1,1,1,1,1,1,1,1,1,1,1,1,1,1,1,1,1,1,1,1,1,1	1/13,1/14,2/15,2/16,3/17,3/18,4/19,4/20,5/21,5/22,6/23,6/24,7/25,7/26,8/27,8/28,9/29,9/30,10/31,10/32,11/33,11/34,12/35,12/36	13/1/14,15/2/16,17/3/18,19/4/20,21/5/22,23/6/24,25/7/26,27/8/28,29/9/30,31/10/32,33/11/34,35/12/36	-	-	1,2,3,4,5,6,7,8,9,10,11,12,1,1,2,2,3,3,4,4,5,5,6,6,7,7,8,8,9,9,10,10,11,11,12,12
maceoff_water_1565	6,6,6,6,6,6,6,6,6,6,6,1,1,1,1,1,1,1,1,1,1,1,1,1,1,1,1,1,1,1,1,1,1	0.0,0.0,0.0,0.0,0.0,0.0,0.0,0.0,0.0,0.0,0.0,0.0,0.0,0.0,0.0,0.0,0.0,0.0,0.0,0.0,0.0,0.0,0.0,0.0,0.0,0.0,0.0,0.0,0.0,0.0,0.0,0.0,0.0	0,0,0,0,0,0,0,0,0,0,0,0,0,0,0,0,0,0,0,0,0,0,0,0,0,0,0,0,0,0,0,0,0	2,2,2,2,2,2,2,2,2,2,2,1,1,1,1,1,1,1,1,1,1,1,1,1,1,1,1,1,1,1,1,1,1	1/12,1/13,2/14,2/15,3/16,3/17,4/18,4/19,5/20,5/21,6/22,6/23,7/24,7/25,8/26,8/27,9/28,9/29,10/30,10/31,11/32,11/33	12/1/13,14/2/15,16/3/17,18/4/19,20/5/21,22/6/23,24/7/25,26/8/27,28/9/29,30/10/31,32/11/33	-	-	1,2,3,4,5,6,7,8,9,10,11,1,1,2,2,3,3,4,4,5,5,6,6,7,7,8,8,9,9,10,10,11,11
maceoff_water_1566	6,1,1	0.0,0.0,0.0	0,0,0	2,1,1	1/2,1/3	2/1/3	-	-	1,1,1
maceoff_water_1567	6,6,6,6,6,6,6,6,6,6,6,1,1,1,1,1,1,1,1,1,1,1,1,1,1,1,1,1,1,1,1,1,1	0.0,0.0,0.0,0.0,0.0,0.0,0.0,0.0,0.0,0.0,0.0,0.0,0.0,0.0,0.0,0.0,0.0,0.0,0.0,0.0,0.0,0.0,0.0,0.0,0.0,0.0,0.0,0.0,0.0,0.0,0.0,0.0,0.0	0,0,0,0,0,0,0,0,0,0,0,0,0,0,0,0,0,0,0,0,0,0,0,0,0,0,0,0,0,0,0,0,0	2,2,2,2,2,2,2,2,2,2,2,1,1,1,1,1,1,1,1,1,1,1,1,1,1,1,1,1,1,1,1,1,1	1/12,1/13,2/14,2/15,3/16,3/17,4/18,4/19,5/20,5/21,6/22,6/23,7/24,7/25,8/26,8/27,9/28,9/29,10/30,10/31,11/32,11/33	12/1/13,14/2/15,16/3/17,18/4/19,20/5/21,22/6/23,24/7/25,26/8/27,28/9/29,30/10/31,32/11/33	-	-	1,2,3,4,5,6,7,8,9,10,11,1,1,2,2,3,3,4,4,5,5,6,6,7,7,8,8,9,9,10,10,11,11
maceoff_water_1568	6,6,6,1,1,1,1,1,1	0.0,0.0,0.0,0.0,0.0,0.0,0.0,0.0,0.0	0,0,0,0,0,0,0,0,0	2,2,2,1,1,1,1,1,1	1/4,1/5,2/6,2/7,3/8,3/9	4/1/5,6/2/7,8/3/9	-	-	1,2,3,1,1,2,2,3,3
maceoff_water_1569	6,6,6,6,6,1,1,1,1,1,1,1,1,1,1	0.0,0.0,0.0,0.0,0.0,0.0,0.0,0.0,0.0,0.0,0.0,0.0,0.0,0.0,0.0	0,0,0,0,0,0,0,0,0,0,0,0,0,0,0	2,2,2,2,2,1,1,1,1,1,1,1,1,1,1	1/6,1/7,2/8,2/9,3/10,3/11,4/12,4/13,5/14,5/15	6/1/7,8/2/9,10/3/11,12/4/13,14/5/15	-	-	1,2,3,4,5,1,1,2,2,3,3,4,4,5,5
maceoff_water_1570	6,6,1,1,1,1	0.0,0.0,0.0,0.0,0.0,0.0	0,0,0,0,0,0	2,2,1,1,1,1	1/3,1/4,2/5,2/6	3/1/4,5/2/6	-	-	1,2,1,1,2,2
maceoff_water_1571	6,6,6,6,6,6,6,6,6,6,6,6,6,6,6,6,6,6,6,6,6,6,6,6,6,1,1,1,1,1,1,1,1,1,1,1,1,1,1,1,1,1,1,1,1,1,1,1,1,1,1,1,1,1,1,1,1,1,1,1,1,1,1,1,1,1,1,1,1,1,1,1,1,1,1	0.0,0.0,0.0,0.0,0.0,0.0,0.0,0.0,0.0,0.0,0.0,0.0,0.0,0.0,0.0,0.0,0.0,0.0,0.0,0.0,0.0,0.0,0.0,0.0,0.0,0.0,0.0,0.0,0.0,0.0,0.0,0.0,0.0,0.0,0.0,0.0,0.0,0.0,0.0,0.0,0.0,0.0,0.0,0.0,0.0,0.0,0.0,0.0,0.0,0.0,0.0,0.0,0.0,0.0,0.0,0.0,0.0,0.0,0.0,0.0,0.0,0.0,0.0,0.0,0.0,0.0,0.0,0.0,0.0,0.0,0.0,0.0,0.0,0.0,0.0	0,0,0,0,0,0,0,0,0,0,0,0,0,0,0,0,0,0,0,0,0,0,0,0,0,0,0,0,0,0,0,0,0,0,0,0,0,0,0,0,0,0,0,0,0,0,0,0,0,0,0,0,0,0,0,0,0,0,0,0,0,0,0,0,0,0,0,0,0,0,0,0,0,0,0	2,2,2,2,2,2,2,2,2,2,2,2,2,2,2,2,2,2,2,2,2,2,2,2,2,1,1,1,1,1,1,1,1,1,1,1,1,1,1,1,1,1,1,1,1,1,1,1,1,1,1,1,1,1,1,1,1,1,1,1,1,1,1,1,1,1,1,1,1,1,1,1,1,1,1	1/26,1/27,2/28,2/29,3/30,3/31,4/32,4/33,5/34,5/35,6/36,6/37,7/38,7/39,8/40,8/41,9/42,9/43,10/44,10/45,11/46,11/47,12/48,12/49,13/50,13/51,14/52,14/53,15/54,15/55,16/56,16/57,17/58,17/59,18/60,18/61,19/62,19/63,20/64,20/65,21/66,21/67,22/68,22/69,23/70,23/71,24/72,24/73,25/74,25/75	26/1/27,28/2/29,30/3/31,32/4/33,34/5/35,36/6/37,38/7/39,40/8/41,42/9/43,44/10/45,46/11/47,48/12/49,50/13/51,52/14/53,54/15/55,56/16/57,58/17/59,60/18/61,62/19/63,64/20/65,66/21/67,68/22/69,70/23/71,72/24/73,74/25/75	-	-	1,2,3,4,5,6,7,8,9,10,11,12,13,14,15,16,17,18,19,20,21,22,23,24,25,1,1,2,2,3,3,4,4,5,5,6,6,7,7,8,8,9,9,10,10,11,11,12,12,13,13,14,14,15,15,16,16,17,17,18,18,19,19,20,20,21,21,22,22,23,23,24,24,25,25
maceoff_water_1572	6,6,6,6,1,1,1,1,1,1,1,1	0.0,0.0,0.0,0.0,0.0,0.0,0.0,0.0,0.0,0.0,0.0,0.0	0,0,0,0,0,0,0,0,0,0,0,0	2,2,2,2,1,1,1,1,1,1,1,1	1/5,1/6,2/7,2/8,3/9,3/10,4/11,4/12	5/1/6,7/2/8,9/3/10,11/4/12	-	-	1,2,3,4,1,1,2,2,3,3,4,4
maceoff_water_1573	6,6,6,1,1,1,1,1,1	0.0,0.0,0.0,0.0,0.0,0.0,0.0,0.0,0.0	0,0,0,0,0,0,0,0,0	2,2,2,1,1,1,1,1,1	1/4,1/5,2/6,2/7,3/8,3/9	4/1/5,6/2/7,8/3/9	-	-	1,2,3,1,1,2,2,3,3
maceoff_water_1574	6,6,6,6,6,6,6,6,6,6,6,6,6,6,6,6,6,6,6,6,6,6,6,6,6,6,6,6,6,6,6,6,6,6,6,6,6,6,6,6,6,6,6,6,6,6,6,6,6,6,1,1,1,1,1,1,1,1,1,1,1,1,1,1,1,1,1,1,1,1,1,1,1,1,1,1,1,1,1,1,1,1,1,1,1,1,1,1,1,1,1,1,1,1,1,1,1,1,1,1,1,1,1,1,1,1,1,1,1,1,1,1,1,1,1,1,1,1,1,1,1,1,1,1,1,1,1,1,1,1,1,1,1,1,1,1,1,1,1,1,1,1,1,1,1,1,1,1,1,1	0.0,0.0,0.0,0.0,0.0,0.0,0.0,0.0,0.0,0.0,0.0,0.0,0.0,0.0,0.0,0.0,0.0,0.0,0.0,0.0,0.0,0.0,0.0,0.0,0.0,0.0,0.0,0.0,0.0,0.0,0.0,0.0,0.0,0.0,0.0,0.0,0.0,0.0,0.0,0.0,0.0,0.0,0.0,0.0,0.0,0.0,0.0,0.0,0.0,0.0,0.0,0.0,0.0,0.0,0.0,0.0,0.0,0.0,0.0,0.0,0.0,0.0,0.0,0.0,0.0,0.0,0.0,0.0,0.0,0.0,0.0,0.0,0.0,0.0,0.0,0.0,0.0,0.0,0.0,0.0,0.0,0.0,0.0,0.0,0.0,0.0,0.0,0.0,0.0,0.0,0.0,0.0,0.0,0.0,0.0,0.0,0.0,0.0,0.0,0.0,0.0,0.0,0.0,0.0,0.0,0.0,0.0,0.0,0.0,0.0,0.0,0.0,0.0,0.0,0.0,0.0,0.0,0.0,0.0,0.0,0.0,0.0,0.0,0.0,0.0,0.0,0.0,0.0,0.0,0.0,0.0,0.0,0.0,0.0,0.0,0.0,0.0,0.0,0.0,0.0,0.0,0.0,0.0,0.0,0.0,0.0,0.0,0.0,0.0,0.0	0,0,0,0,0,0,0,0,0,0,0,0,0,0,0,0,0,0,0,0,0,0,0,0,0,0,0,0,0,0,0,0,0,0,0,0,0,0,0,0,0,0,0,0,0,0,0,0,0,0,0,0,0,0,0,0,0,0,0,0,0,0,0,0,0,0,0,0,0,0,0,0,0,0,0,0,0,0,0,0,0,0,0,0,0,0,0,0,0,0,0,0,0,0,0,0,0,0,0,0,0,0,0,0,0,0,0,0,0,0,0,0,0,0,0,0,0,0,0,0,0,0,0,0,0,0,0,0,0,0,0,0,0,0,0,0,0,0,0,0,0,0,0,0,0,0,0,0,0,0	2,2,2,2,2,2,2,2,2,2,2,2,2,2,2,2,2,2,2,2,2,2,2,2,2,2,2,2,2,2,2,2,2,2,2,2,2,2,2,2,2,2,2,2,2,2,2,2,2,2,1,1,1,1,1,1,1,1,1,1,1,1,1,1,1,1,1,1,1,1,1,1,1,1,1,1,1,1,1,1,1,1,1,1,1,1,1,1,1,1,1,1,1,1,1,1,1,1,1,1,1,1,1,1,1,1,1,1,1,1,1,1,1,1,1,1,1,1,1,1,1,1,1,1,1,1,1,1,1,1,1,1,1,1,1,1,1,1,1,1,1,1,1,1,1,1,1,1,1,1	1/51,1/52,2/53,2/54,3/55,3/56,4/57,4/58,5/59,5/60,6/61,6/62,7/63,7/64,8/65,8/66,9/67,9/68,10/69,10/70,11/71,11/72,12/73,12/74,13/75,13/76,14/77,14/78,15/79,15/80,16/81,16/82,17/83,17/84,18/85,18/86,19/87,19/88,20/89,20/90,21/91,21/92,22/93,22/94,23/95,23/96,24/97,24/98,25/99,25/100,26/101,26/102,27/103,27/104,28/105,28/106,29/107,29/108,30/109,30/110,31/111,31/112,32/113,32/114,33/115,33/116,34/117,34/118,35/119,35/120,36/121,36/122,37/123,37/124,38/125,38/126,39/127,39/128,40/129,40/130,41/131,41/132,42/133,42/134,43/135,43/136,44/137,44/138,45/139,45/140,46/141,46/142,47/143,47/144,48/145,48/146,49/147,49/148,50/149,50/150	51/1/52,53/2/54,55/3/56,57/4/58,59/5/60,61/6/62,63/7/64,65/8/66,67/9/68,69/10/70,71/11/72,73/12/74,75/13/76,77/14/78,79/15/80,81/16/82,83/17/84,85/18/86,87/19/88,89/20/90,91/21/92,93/22/94,95/23/96,97/24/98,99/25/100,101/26/102,103/27/104,105/28/106,107/29/108,109/30/110,111/31/112,113/32/114,115/33/116,117/34/118,119/35/120,121/36/122,123/37/124,125/38/126,127/39/128,129/40/130,131/41/132,133/42/134,135/43/136,137/44/138,139/45/140,141/46/142,143/47/144,145/48/146,147/49/148,149/50/150	-	-	1,2,3,4,5,6,7,8,9,10,11,12,13,14,15,16,17,18,19,20,21,22,23,24,25,26,27,28,29,30,31,32,33,34,35,36,37,38,39,40,41,42,43,44,45,46,47,48,49,50,1,1,2,2,3,3,4,4,5,5,6,6,7,7,8,8,9,9,10,10,11,11,12,12,13,13,14,14,15,15,16,16,17,17,18,18,19,19,20,20,21,21,22,22,23,23,24,24,25,25,26,26,27,27,28,28,29,29,30,30,31,31,32,32,33,33,34,34,35,35,36,36,37,37,38,38,39,39,40,40,41,41,42,42,43,43,44,44,45,45,46,46,47,47,48,48,49,49,50,50
maceoff_water_1575	6,6,6,6,6,6,6,6,6,6,6,1,1,1,1,1,1,1,1,1,1,1,1,1,1,1,1,1,1,1,1,1,1	0.0,0.0,0.0,0.0,0.0,0.0,0.0,0.0,0.0,0.0,0.0,0.0,0.0,0.0,0.0,0.0,0.0,0.0,0.0,0.0,0.0,0.0,0.0,0.0,0.0,0.0,0.0,0.0,0.0,0.0,0.0,0.0,0.0	0,0,0,0,0,0,0,0,0,0,0,0,0,0,0,0,0,0,0,0,0,0,0,0,0,0,0,0,0,0,0,0,0	2,2,2,2,2,2,2,2,2,2,2,1,1,1,1,1,1,1,1,1,1,1,1,1,1,1,1,1,1,1,1,1,1	1/12,1/13,2/14,2/15,3/16,3/17,4/18,4/19,5/20,5/21,6/22,6/23,7/24,7/25,8/26,8/27,9/28,9/29,10/30,10/31,11/32,11/33	12/1/13,14/2/15,16/3/17,18/4/19,20/5/21,22/6/23,24/7/25,26/8/27,28/9/29,30/10/31,32/11/33	-	-	1,2,3,4,5,6,7,8,9,10,11,1,1,2,2,3,3,4,4,5,5,6,6,7,7,8,8,9,9,10,10,11,11
maceoff_water_1576	6,6,1,1,1,1	0.0,0.0,0.0,0.0,0.0,0.0	0,0,0,0,0,0	2,2,1,1,1,1	1/3,1/4,2/5,2/6	3/1/4,5/2/6	-	-	1,2,1,1,2,2
maceoff_water_1577	6,1,1	0.0,0.0,0.0	0,0,0	2,1,1	1/2,1/3	2/1/3	-	-	1,1,1
maceoff_water_1578	6,6,1,1,1,1	0.0,0.0,0.0,0.0,0.0,0.0	0,0,0,0,0,0	2,2,1,1,1,1	1/3,1/4,2/5,2/6	3/1/4,5/2/6	-	-	1,2,1,1,2,2
maceoff_water_1579	6,6,6,6,6,6,1,1,1,1,1,1,1,1,1,1,1,1	0.0,0.0,0.0,0.0,0.0,0.0,0.0,0.0,0.0,0.0,0.0,0.0,0.0,0.0,0.0,0.0,0.0,0.0	0,0,0,0,0,0,0,0,0,0,0,0,0,0,0,0,0,0	2,2,2,2,2,2,1,1,1,1,1,1,1,1,1,1,1,1	1/7,1/8,2/9,2/10,3/11,3/12,4/13,4/14,5/15,5/16,6/17,6/18	7/1/8,9/2/10,11/3/12,13/4/14,15/5/16,17/6/18	-	-	1,2,3,4,5,6,1,1,2,2,3,3,4,4,5,5,6,6
maceoff_water_1580	6,1,1	0.0,0.0,0.0	0,0,0	2,1,1	1/2,1/3	2/1/3	-	-	1,1,1
maceoff_water_1581	6,6,6,1,1,1,1,1,1	0.0,0.0,0.0,0.0,0.0,0.0,0.0,0.0,0.0	0,0,0,0,0,0,0,0,0	2,2,2,1,1,1,1,1,1	1/4,1/5,2/6,2/7,3/8,3/9	4/1/5,6/2/7,8/3/9	-	-	1,2,3,1,1,2,2,3,3
maceoff_water_1582	6,6,6,6,6,6,6,1,1,1,1,1,1,1,1,1,1,1,1,1,1	0.0,0.0,0.0,0.0,0.0,0.0,0.0,0.0,0.0,0.0,0.0,0.0,0.0,0.0,0.0,0.0,0.0,0.0,0.0,0.0,0.0	0,0,0,0,0,0,0,0,0,0,0,0,0,0,0,0,0,0,0,0,0	2,2,2,2,2,2,2,1,1,1,1,1,1,1,1,1,1,1,1,1,1	1/8,1/9,2/10,2/11,3/12,3/13,4/14,4/15,5/16,5/17,6/18,6/19,7/20,7/21	8/1/9,10/2/11,12/3/13,14/4/15,16/5/17,18/6/19,20/7/21	-	-	1,2,3,4,5,6,7,1,1,2,2,3,3,4,4,5,5,6,6,7,7
maceoff_water_1583	6,6,6,6,6,6,6,6,6,6,6,1,1,1,1,1,1,1,1,1,1,1,1,1,1,1,1,1,1,1,1,1,1	0.0,0.0,0.0,0.0,0.0,0.0,0.0,0.0,0.0,0.0,0.0,0.0,0.0,0.0,0.0,0.0,0.0,0.0,0.0,0.0,0.0,0.0,0.0,0.0,0.0,0.0,0.0,0.0,0.0,0.0,0.0,0.0,0.0	0,0,0,0,0,0,0,0,0,0,0,0,0,0,0,0,0,0,0,0,0,0,0,0,0,0,0,0,0,0,0,0,0	2,2,2,2,2,2,2,2,2,2,2,1,1,1,1,1,1,1,1,1,1,1,1,1,1,1,1,1,1,1,1,1,1	1/12,1/13,2/14,2/15,3/16,3/17,4/18,4/19,5/20,5/21,6/22,6/23,7/24,7/25,8/26,8/27,9/28,9/29,10/30,10/31,11/32,11/33	12/1/13,14/2/15,16/3/17,18/4/19,20/5/21,22/6/23,24/7/25,26/8/27,28/9/29,30/10/31,32/11/33	-	-	1,2,3,4,5,6,7,8,9,10,11,1,1,2,2,3,3,4,4,5,5,6,6,7,7,8,8,9,9,10,10,11,11
maceoff_water_1584	6,6,6,6,6,6,6,1,1,1,1,1,1,1,1,1,1,1,1,1,1	0.0,0.0,0.0,0.0,0.0,0.0,0.0,0.0,0.0,0.0,0.0,0.0,0.0,0.0,0.0,0.0,0.0,0.0,0.0,0.0,0.0	0,0,0,0,0,0,0,0,0,0,0,0,0,0,0,0,0,0,0,0,0	2,2,2,2,2,2,2,1,1,1,1,1,1,1,1,1,1,1,1,1,1	1/8,1/9,2/10,2/11,3/12,3/13,4/14,4/15,5/16,5/17,6/18,6/19,7/20,7/21	8/1/9,10/2/11,12/3/13,14/4/15,16/5/17,18/6/19,20/7/21	-	-	1,2,3,4,5,6,7,1,1,2,2,3,3,4,4,5,5,6,6,7,7
maceoff_water_1585	6,6,6,6,1,1,1,1,1,1,1,1	0.0,0.0,0.0,0.0,0.0,0.0,0.0,0.0,0.0,0.0,0.0,0.0	0,0,0,0,0,0,0,0,0,0,0,0	2,2,2,2,1,1,1,1,1,1,1,1	1/5,1/6,2/7,2/8,3/9,3/10,4/11,4/12	5/1/6,7/2/8,9/3/10,11/4/12	-	-	1,2,3,4,1,1,2,2,3,3,4,4
maceoff_water_1586	6,1,1	0.0,0.0,0.0	0,0,0	2,1,1	1/2,1/3	2/1/3	-	-	1,1,1
maceoff_water_1587	6,6,6,6,6,6,6,6,6,6,6,6,1,1,1,1,1,1,1,1,1,1,1,1,1,1,1,1,1,1,1,1,1,1,1,1	0.0,0.0,0.0,0.0,0.0,0.0,0.0,0.0,0.0,0.0,0.0,0.0,0.0,0.0,0.0,0.0,0.0,0.0,0.0,0.0,0.0,0.0,0.0,0.0,0.0,0.0,0.0,0.0,0.0,0.0,0.0,0.0,0.0,0.0,0.0,0.0	0,0,0,0,0,0,0,0,0,0,0,0,0,0,0,0,0,0,0,0,0,0,0,0,0,0,0,0,0,0,0,0,0,0,0,0	2,2,2,2,2,2,2,2,2,2,2,2,1,1,1,1,1,1,1,1,1,1,1,1,1,1,1,1,1,1,1,1,1,1,1,1	1/13,1/14,2/15,2/16,3/17,3/18,4/19,4/20,5/21,5/22,6/23,6/24,7/25,7/26,8/27,8/28,9/29,9/30,10/31,10/32,11/33,11/34,12/35,12/36	13/1/14,15/2/16,17/3/18,19/4/20,21/5/22,23/6/24,25/7/26,27/8/28,29/9/30,31/10/32,33/11/34,35/12/36	-	-	1,2,3,4,5,6,7,8,9,10,11,12,1,1,2,2,3,3,4,4,5,5,6,6,7,7,8,8,9,9,10,10,11,11,12,12
maceoff_water_1588	6,6,6,6,6,1,1,1,1,1,1,1,1,1,1	0.0,0.0,0.0,0.0,0.0,0.0,0.0,0.0,0.0,0.0,0.0,0.0,0.0,0.0,0.0	0,0,0,0,0,0,0,0,0,0,0,0,0,0,0	2,2,2,2,2,1,1,1,1,1,1,1,1,1,1	1/6,1/7,2/8,2/9,3/10,3/11,4/12,4/13,5/14,5/15	6/1/7,8/2/9,10/3/11,12/4/13,14/5/15	-	-	1,2,3,4,5,1,1,2,2,3,3,4,4,5,5
maceoff_water_1589	6,6,6,6,6,6,6,1,1,1,1,1,1,1,1,1,1,1,1,1,1	0.0,0.0,0.0,0.0,0.0,0.0,0.0,0.0,0.0,0.0,0.0,0.0,0.0,0.0,0.0,0.0,0.0,0.0,0.0,0.0,0.0	0,0,0,0,0,0,0,0,0,0,0,0,0,0,0,0,0,0,0,0,0	2,2,2,2,2,2,2,1,1,1,1,1,1,1,1,1,1,1,1,1,1	1/8,1/9,2/10,2/11,3/12,3/13,4/14,4/15,5/16,5/17,6/18,6/19,7/20,7/21	8/1/9,10/2/11,12/3/13,14/4/15,16/5/17,18/6/19,20/7/21	-	-	1,2,3,4,5,6,7,1,1,2,2,3,3,4,4,5,5,6,6,7,7
maceoff_water_1590	6,1,1	0.0,0.0,0.0	0,0,0	2,1,1	1/2,1/3	2/1/3	-	-	1,1,1
maceoff_water_1591	6,6,6,6,6,6,6,1,1,1,1,1,1,1,1,1,1,1,1,1,1	0.0,0.0,0.0,0.0,0.0,0.0,0.0,0.0,0.0,0.0,0.0,0.0,0.0,0.0,0.0,0.0,0.0,0.0,0.0,0.0,0.0	0,0,0,0,0,0,0,0,0,0,0,0,0,0,0,0,0,0,0,0,0	2,2,2,2,2,2,2,1,1,1,1,1,1,1,1,1,1,1,1,1,1	1/8,1/9,2/10,2/11,3/12,3/13,4/14,4/15,5/16,5/17,6/18,6/19,7/20,7/21	8/1/9,10/2/11,12/3/13,14/4/15,16/5/17,18/6/19,20/7/21	-	-	1,2,3,4,5,6,7,1,1,2,2,3,3,4,4,5,5,6,6,7,7
maceoff_water_1592	6,6,6,6,6,6,6,6,6,1,1,1,1,1,1,1,1,1,1,1,1,1,1,1,1,1,1	0.0,0.0,0.0,0.0,0.0,0.0,0.0,0.0,0.0,0.0,0.0,0.0,0.0,0.0,0.0,0.0,0.0,0.0,0.0,0.0,0.0,0.0,0.0,0.0,0.0,0.0,0.0	0,0,0,0,0,0,0,0,0,0,0,0,0,0,0,0,0,0,0,0,0,0,0,0,0,0,0	2,2,2,2,2,2,2,2,2,1,1,1,1,1,1,1,1,1,1,1,1,1,1,1,1,1,1	1/10,1/11,2/12,2/13,3/14,3/15,4/16,4/17,5/18,5/19,6/20,6/21,7/22,7/23,8/24,8/25,9/26,9/27	10/1/11,12/2/13,14/3/15,16/4/17,18/5/19,20/6/21,22/7/23,24/8/25,26/9/27	-	-	1,2,3,4,5,6,7,8,9,1,1,2,2,3,3,4,4,5,5,6,6,7,7,8,8,9,9
maceoff_water_1593	6,6,6,6,6,6,6,6,6,6,1,1,1,1,1,1,1,1,1,1,1,1,1,1,1,1,1,1,1,1	0.0,0.0,0.0,0.0,0.0,0.0,0.0,0.0,0.0,0.0,0.0,0.0,0.0,0.0,0.0,0.0,0.0,0.0,0.0,0.0,0.0,0.0,0.0,0.0,0.0,0.0,0.0,0.0,0.0,0.0	0,0,0,0,0,0,0,0,0,0,0,0,0,0,0,0,0,0,0,0,0,0,0,0,0,0,0,0,0,0	2,2,2,2,2,2,2,2,2,2,1,1,1,1,1,1,1,1,1,1,1,1,1,1,1,1,1,1,1,1	1/11,1/12,2/13,2/14,3/15,3/16,4/17,4/18,5/19,5/20,6/21,6/22,7/23,7/24,8/25,8/26,9/27,9/28,10/29,10/30	11/1/12,13/2/14,15/3/16,17/4/18,19/5/20,21/6/22,23/7/24,25/8/26,27/9/28,29/10/30	-	-	1,2,3,4,5,6,7,8,9,10,1,1,2,2,3,3,4,4,5,5,6,6,7,7,8,8,9,9,10,10
maceoff_water_1594	6,6,6,6,6,6,6,6,6,6,6,6,1,1,1,1,1,1,1,1,1,1,1,1,1,1,1,1,1,1,1,1,1,1,1,1	0.0,0.0,0.0,0.0,0.0,0.0,0.0,0.0,0.0,0.0,0.0,0.0,0.0,0.0,0.0,0.0,0.0,0.0,0.0,0.0,0.0,0.0,0.0,0.0,0.0,0.0,0.0,0.0,0.0,0.0,0.0,0.0,0.0,0.0,0.0,0.0	0,0,0,0,0,0,0,0,0,0,0,0,0,0,0,0,0,0,0,0,0,0,0,0,0,0,0,0,0,0,0,0,0,0,0,0	2,2,2,2,2,2,2,2,2,2,2,2,1,1,1,1,1,1,1,1,1,1,1,1,1,1,1,1,1,1,1,1,1,1,1,1	1/13,1/14,2/15,2/16,3/17,3/18,4/19,4/20,5/21,5/22,6/23,6/24,7/25,7/26,8/27,8/28,9/29,9/30,10/31,10/32,11/33,11/34,12/35,12/36	13/1/14,15/2/16,17/3/18,19/4/20,21/5/22,23/6/24,25/7/26,27/8/28,29/9/30,31/10/32,33/11/34,35/12/36	-	-	1,2,3,4,5,6,7,8,9,10,11,12,1,1,2,2,3,3,4,4,5,5,6,6,7,7,8,8,9,9,10,10,11,11,12,12
maceoff_water_1595	6,6,6,6,6,6,6,6,6,6,6,6,6,6,6,6,6,6,6,6,6,6,6,6,6,1,1,1,1,1,1,1,1,1,1,1,1,1,1,1,1,1,1,1,1,1,1,1,1,1,1,1,1,1,1,1,1,1,1,1,1,1,1,1,1,1,1,1,1,1,1,1,1,1,1	0.0,0.0,0.0,0.0,0.0,0.0,0.0,0.0,0.0,0.0,0.0,0.0,0.0,0.0,0.0,0.0,0.0,0.0,0.0,0.0,0.0,0.0,0.0,0.0,0.0,0.0,0.0,0.0,0.0,0.0,0.0,0.0,0.0,0.0,0.0,0.0,0.0,0.0,0.0,0.0,0.0,0.0,0.0,0.0,0.0,0.0,0.0,0.0,0.0,0.0,0.0,0.0,0.0,0.0,0.0,0.0,0.0,0.0,0.0,0.0,0.0,0.0,0.0,0.0,0.0,0.0,0.0,0.0,0.0,0.0,0.0,0.0,0.0,0.0,0.0	0,0,0,0,0,0,0,0,0,0,0,0,0,0,0,0,0,0,0,0,0,0,0,0,0,0,0,0,0,0,0,0,0,0,0,0,0,0,0,0,0,0,0,0,0,0,0,0,0,0,0,0,0,0,0,0,0,0,0,0,0,0,0,0,0,0,0,0,0,0,0,0,0,0,0	2,2,2,2,2,2,2,2,2,2,2,2,2,2,2,2,2,2,2,2,2,2,2,2,2,1,1,1,1,1,1,1,1,1,1,1,1,1,1,1,1,1,1,1,1,1,1,1,1,1,1,1,1,1,1,1,1,1,1,1,1,1,1,1,1,1,1,1,1,1,1,1,1,1,1	1/26,1/27,2/28,2/29,3/30,3/31,4/32,4/33,5/34,5/35,6/36,6/37,7/38,7/39,8/40,8/41,9/42,9/43,10/44,10/45,11/46,11/47,12/48,12/49,13/50,13/51,14/52,14/53,15/54,15/55,16/56,16/57,17/58,17/59,18/60,18/61,19/62,19/63,20/64,20/65,21/66,21/67,22/68,22/69,23/70,23/71,24/72,24/73,25/74,25/75	26/1/27,28/2/29,30/3/31,32/4/33,34/5/35,36/6/37,38/7/39,40/8/41,42/9/43,44/10/45,46/11/47,48/12/49,50/13/51,52/14/53,54/15/55,56/16/57,58/17/59,60/18/61,62/19/63,64/20/65,66/21/67,68/22/69,70/23/71,72/24/73,74/25/75	-	-	1,2,3,4,5,6,7,8,9,10,11,12,13,14,15,16,17,18,19,20,21,22,23,24,25,1,1,2,2,3,3,4,4,5,5,6,6,7,7,8,8,9,9,10,10,11,11,12,12,13,13,14,14,15,15,16,16,17,17,18,18,19,19,20,20,21,21,22,22,23,23,24,24,25,25
maceoff_water_1596	6,6,6,6,6,6,6,6,6,6,6,6,6,6,6,6,6,6,6,6,6,6,6,6,6,1,1,1,1,1,1,1,1,1,1,1,1,1,1,1,1,1,1,1,1,1,1,1,1,1,1,1,1,1,1,1,1,1,1,1,1,1,1,1,1,1,1,1,1,1,1,1,1,1,1	0.0,0.0,0.0,0.0,0.0,0.0,0.0,0.0,0.0,0.0,0.0,0.0,0.0,0.0,0.0,0.0,0.0,0.0,0.0,0.0,0.0,0.0,0.0,0.0,0.0,0.0,0.0,0.0,0.0,0.0,0.0,0.0,0.0,0.0,0.0,0.0,0.0,0.0,0.0,0.0,0.0,0.0,0.0,0.0,0.0,0.0,0.0,0.0,0.0,0.0,0.0,0.0,0.0,0.0,0.0,0.0,0.0,0.0,0.0,0.0,0.0,0.0,0.0,0.0,0.0,0.0,0.0,0.0,0.0,0.0,0.0,0.0,0.0,0.0,0.0	0,0,0,0,0,0,0,0,0,0,0,0,0,0,0,0,0,0,0,0,0,0,0,0,0,0,0,0,0,0,0,0,0,0,0,0,0,0,0,0,0,0,0,0,0,0,0,0,0,0,0,0,0,0,0,0,0,0,0,0,0,0,0,0,0,0,0,0,0,0,0,0,0,0,0	2,2,2,2,2,2,2,2,2,2,2,2,2,2,2,2,2,2,2,2,2,2,2,2,2,1,1,1,1,1,1,1,1,1,1,1,1,1,1,1,1,1,1,1,1,1,1,1,1,1,1,1,1,1,1,1,1,1,1,1,1,1,1,1,1,1,1,1,1,1,1,1,1,1,1	1/26,1/27,2/28,2/29,3/30,3/31,4/32,4/33,5/34,5/35,6/36,6/37,7/38,7/39,8/40,8/41,9/42,9/43,10/44,10/45,11/46,11/47,12/48,12/49,13/50,13/51,14/52,14/53,15/54,15/55,16/56,16/57,17/58,17/59,18/60,18/61,19/62,19/63,20/64,20/65,21/66,21/67,22/68,22/69,23/70,23/71,24/72,24/73,25/74,25/75	26/1/27,28/2/29,30/3/31,32/4/33,34/5/35,36/6/37,38/7/39,40/8/41,42/9/43,44/10/45,46/11/47,48/12/49,50/13/51,52/14/53,54/15/55,56/16/57,58/17/59,60/18/61,62/19/63,64/20/65,66/21/67,68/22/69,70/23/71,72/24/73,74/25/75	-	-	1,2,3,4,5,6,7,8,9,10,11,12,13,14,15,16,17,18,19,20,21,22,23,24,25,1,1,2,2,3,3,4,4,5,5,6,6,7,7,8,8,9,9,10,10,11,11,12,12,13,13,14,14,15,15,16,16,17,17,18,18,19,19,20,20,21,21,22,22,23,23,24,24,25,25
maceoff_water_1597	6,6,6,6,6,1,1,1,1,1,1,1,1,1,1	0.0,0.0,0.0,0.0,0.0,0.0,0.0,0.0,0.0,0.0,0.0,0.0,0.0,0.0,0.0	0,0,0,0,0,0,0,0,0,0,0,0,0,0,0	2,2,2,2,2,1,1,1,1,1,1,1,1,1,1	1/6,1/7,2/8,2/9,3/10,3/11,4/12,4/13,5/14,5/15	6/1/7,8/2/9,10/3/11,12/4/13,14/5/15	-	-	1,2,3,4,5,1,1,2,2,3,3,4,4,5,5
maceoff_water_1598	6,6,1,1,1,1	0.0,0.0,0.0,0.0,0.0,0.0	0,0,0,0,0,0	2,2,1,1,1,1	1/3,1/4,2/5,2/6	3/1/4,5/2/6	-	-	1,2,1,1,2,2
maceoff_water_1599	6,6,6,1,1,1,1,1,1	0.0,0.0,0.0,0.0,0.0,0.0,0.0,0.0,0.0	0,0,0,0,0,0,0,0,0	2,2,2,1,1,1,1,1,1	1/4,1/5,2/6,2/7,3/8,3/9	4/1/5,6/2/7,8/3/9	-	-	1,2,3,1,1,2,2,3,3
maceoff_water_1600	6,6,6,1,1,1,1,1,1	0.0,0.0,0.0,0.0,0.0,0.0,0.0,0.0,0.0	0,0,0,0,0,0,0,0,0	2,2,2,1,1,1,1,1,1	1/4,1/5,2/6,2/7,3/8,3/9	4/1/5,6/2/7,8/3/9	-	-	1,2,3,1,1,2,2,3,3
maceoff_water_1601	6,6,6,6,6,6,6,6,6,6,6,6,1,1,1,1,1,1,1,1,1,1,1,1,1,1,1,1,1,1,1,1,1,1,1,1	0.0,0.0,0.0,0.0,0.0,0.0,0.0,0.0,0.0,0.0,0.0,0.0,0.0,0.0,0.0,0.0,0.0,0.0,0.0,0.0,0.0,0.0,0.0,0.0,0.0,0.0,0.0,0.0,0.0,0.0,0.0,0.0,0.0,0.0,0.0,0.0	0,0,0,0,0,0,0,0,0,0,0,0,0,0,0,0,0,0,0,0,0,0,0,0,0,0,0,0,0,0,0,0,0,0,0,0	2,2,2,2,2,2,2,2,2,2,2,2,1,1,1,1,1,1,1,1,1,1,1,1,1,1,1,1,1,1,1,1,1,1,1,1	1/13,1/14,2/15,2/16,3/17,3/18,4/19,4/20,5/21,5/22,6/23,6/24,7/25,7/26,8/27,8/28,9/29,9/30,10/31,10/32,11/33,11/34,12/35,12/36	13/1/14,15/2/16,17/3/18,19/4/20,21/5/22,23/6/24,25/7/26,27/8/28,29/9/30,31/10/32,33/11/34,35/12/36	-	-	1,2,3,4,5,6,7,8,9,10,11,12,1,1,2,2,3,3,4,4,5,5,6,6,7,7,8,8,9,9,10,10,11,11,12,12
maceoff_water_1602	6,6,6,6,6,6,6,6,1,1,1,1,1,1,1,1,1,1,1,1,1,1,1,1	0.0,0.0,0.0,0.0,0.0,0.0,0.0,0.0,0.0,0.0,0.0,0.0,0.0,0.0,0.0,0.0,0.0,0.0,0.0,0.0,0.0,0.0,0.0,0.0	0,0,0,0,0,0,0,0,0,0,0,0,0,0,0,0,0,0,0,0,0,0,0,0	2,2,2,2,2,2,2,2,1,1,1,1,1,1,1,1,1,1,1,1,1,1,1,1	1/9,1/10,2/11,2/12,3/13,3/14,4/15,4/16,5/17,5/18,6/19,6/20,7/21,7/22,8/23,8/24	9/1/10,11/2/12,13/3/14,15/4/16,17/5/18,19/6/20,21/7/22,23/8/24	-	-	1,2,3,4,5,6,7,8,1,1,2,2,3,3,4,4,5,5,6,6,7,7,8,8
maceoff_water_1603	6,6,6,6,6,6,6,6,6,6,1,1,1,1,1,1,1,1,1,1,1,1,1,1,1,1,1,1,1,1	0.0,0.0,0.0,0.0,0.0,0.0,0.0,0.0,0.0,0.0,0.0,0.0,0.0,0.0,0.0,0.0,0.0,0.0,0.0,0.0,0.0,0.0,0.0,0.0,0.0,0.0,0.0,0.0,0.0,0.0	0,0,0,0,0,0,0,0,0,0,0,0,0,0,0,0,0,0,0,0,0,0,0,0,0,0,0,0,0,0	2,2,2,2,2,2,2,2,2,2,1,1,1,1,1,1,1,1,1,1,1,1,1,1,1,1,1,1,1,1	1/11,1/12,2/13,2/14,3/15,3/16,4/17,4/18,5/19,5/20,6/21,6/22,7/23,7/24,8/25,8/26,9/27,9/28,10/29,10/30	11/1/12,13/2/14,15/3/16,17/4/18,19/5/20,21/6/22,23/7/24,25/8/26,27/9/28,29/10/30	-	-	1,2,3,4,5,6,7,8,9,10,1,1,2,2,3,3,4,4,5,5,6,6,7,7,8,8,9,9,10,10
maceoff_water_1604	6,6,1,1,1,1	0.0,0.0,0.0,0.0,0.0,0.0	0,0,0,0,0,0	2,2,1,1,1,1	1/3,1/4,2/5,2/6	3/1/4,5/2/6	-	-	1,2,1,1,2,2
maceoff_water_1605	6,6,6,6,6,6,6,6,6,6,6,1,1,1,1,1,1,1,1,1,1,1,1,1,1,1,1,1,1,1,1,1,1	0.0,0.0,0.0,0.0,0.0,0.0,0.0,0.0,0.0,0.0,0.0,0.0,0.0,0.0,0.0,0.0,0.0,0.0,0.0,0.0,0.0,0.0,0.0,0.0,0.0,0.0,0.0,0.0,0.0,0.0,0.0,0.0,0.0	0,0,0,0,0,0,0,0,0,0,0,0,0,0,0,0,0,0,0,0,0,0,0,0,0,0,0,0,0,0,0,0,0	2,2,2,2,2,2,2,2,2,2,2,1,1,1,1,1,1,1,1,1,1,1,1,1,1,1,1,1,1,1,1,1,1	1/12,1/13,2/14,2/15,3/16,3/17,4/18,4/19,5/20,5/21,6/22,6/23,7/24,7/25,8/26,8/27,9/28,9/29,10/30,10/31,11/32,11/33	12/1/13,14/2/15,16/3/17,18/4/19,20/5/21,22/6/23,24/7/25,26/8/27,28/9/29,30/10/31,32/11/33	-	-	1,2,3,4,5,6,7,8,9,10,11,1,1,2,2,3,3,4,4,5,5,6,6,7,7,8,8,9,9,10,10,11,11
maceoff_water_1606	6,6,6,1,1,1,1,1,1	0.0,0.0,0.0,0.0,0.0,0.0,0.0,0.0,0.0	0,0,0,0,0,0,0,0,0	2,2,2,1,1,1,1,1,1	1/4,1/5,2/6,2/7,3/8,3/9	4/1/5,6/2/7,8/3/9	-	-	1,2,3,1,1,2,2,3,3
maceoff_water_1607	6,6,6,6,6,1,1,1,1,1,1,1,1,1,1	0.0,0.0,0.0,0.0,0.0,0.0,0.0,0.0,0.0,0.0,0.0,0.0,0.0,0.0,0.0	0,0,0,0,0,0,0,0,0,0,0,0,0,0,0	2,2,2,2,2,1,1,1,1,1,1,1,1,1,1	1/6,1/7,2/8,2/9,3/10,3/11,4/12,4/13,5/14,5/15	6/1/7,8/2/9,10/3/11,12/4/13,14/5/15	-	-	1,2,3,4,5,1,1,2,2,3,3,4,4,5,5
maceoff_water_1608	6,6,6,6,6,6,6,6,6,6,6,1,1,1,1,1,1,1,1,1,1,1,1,1,1,1,1,1,1,1,1,1,1	0.0,0.0,0.0,0.0,0.0,0.0,0.0,0.0,0.0,0.0,0.0,0.0,0.0,0.0,0.0,0.0,0.0,0.0,0.0,0.0,0.0,0.0,0.0,0.0,0.0,0.0,0.0,0.0,0.0,0.0,0.0,0.0,0.0	0,0,0,0,0,0,0,0,0,0,0,0,0,0,0,0,0,0,0,0,0,0,0,0,0,0,0,0,0,0,0,0,0	2,2,2,2,2,2,2,2,2,2,2,1,1,1,1,1,1,1,1,1,1,1,1,1,1,1,1,1,1,1,1,1,1	1/12,1/13,2/14,2/15,3/16,3/17,4/18,4/19,5/20,5/21,6/22,6/23,7/24,7/25,8/26,8/27,9/28,9/29,10/30,10/31,11/32,11/33	12/1/13,14/2/15,16/3/17,18/4/19,20/5/21,22/6/23,24/7/25,26/8/27,28/9/29,30/10/31,32/11/33	-	-	1,2,3,4,5,6,7,8,9,10,11,1,1,2,2,3,3,4,4,5,5,6,6,7,7,8,8,9,9,10,10,11,11
maceoff_water_1609	6,1,1	0.0,0.0,0.0	0,0,0	2,1,1	1/2,1/3	2/1/3	-	-	1,1,1
maceoff_water_1610	6,6,6,1,1,1,1,1,1	0.0,0.0,0.0,0.0,0.0,0.0,0.0,0.0,0.0	0,0,0,0,0,0,0,0,0	2,2,2,1,1,1,1,1,1	1/4,1/5,2/6,2/7,3/8,3/9	4/1/5,6/2/7,8/3/9	-	-	1,2,3,1,1,2,2,3,3
maceoff_water_1611	6,6,6,6,1,1,1,1,1,1,1,1	0.0,0.0,0.0,0.0,0.0,0.0,0.0,0.0,0.0,0.0,0.0,0.0	0,0,0,0,0,0,0,0,0,0,0,0	2,2,2,2,1,1,1,1,1,1,1,1	1/5,1/6,2/7,2/8,3/9,3/10,4/11,4/12	5/1/6,7/2/8,9/3/10,11/4/12	-	-	1,2,3,4,1,1,2,2,3,3,4,4
maceoff_water_1612	6,6,6,6,6,6,6,6,1,1,1,1,1,1,1,1,1,1,1,1,1,1,1,1	0.0,0.0,0.0,0.0,0.0,0.0,0.0,0.0,0.0,0.0,0.0,0.0,0.0,0.0,0.0,0.0,0.0,0.0,0.0,0.0,0.0,0.0,0.0,0.0	0,0,0,0,0,0,0,0,0,0,0,0,0,0,0,0,0,0,0,0,0,0,0,0	2,2,2,2,2,2,2,2,1,1,1,1,1,1,1,1,1,1,1,1,1,1,1,1	1/9,1/10,2/11,2/12,3/13,3/14,4/15,4/16,5/17,5/18,6/19,6/20,7/21,7/22,8/23,8/24	9/1/10,11/2/12,13/3/14,15/4/16,17/5/18,19/6/20,21/7/22,23/8/24	-	-	1,2,3,4,5,6,7,8,1,1,2,2,3,3,4,4,5,5,6,6,7,7,8,8
maceoff_water_1613	6,6,6,1,1,1,1,1,1	0.0,0.0,0.0,0.0,0.0,0.0,0.0,0.0,0.0	0,0,0,0,0,0,0,0,0	2,2,2,1,1,1,1,1,1	1/4,1/5,2/6,2/7,3/8,3/9	4/1/5,6/2/7,8/3/9	-	-	1,2,3,1,1,2,2,3,3
maceoff_water_1614	6,6,6,6,6,6,1,1,1,1,1,1,1,1,1,1,1,1	0.0,0.0,0.0,0.0,0.0,0.0,0.0,0.0,0.0,0.0,0.0,0.0,0.0,0.0,0.0,0.0,0.0,0.0	0,0,0,0,0,0,0,0,0,0,0,0,0,0,0,0,0,0	2,2,2,2,2,2,1,1,1,1,1,1,1,1,1,1,1,1	1/7,1/8,2/9,2/10,3/11,3/12,4/13,4/14,5/15,5/16,6/17,6/18	7/1/8,9/2/10,11/3/12,13/4/14,15/5/16,17/6/18	-	-	1,2,3,4,5,6,1,1,2,2,3,3,4,4,5,5,6,6
maceoff_water_1615	6,6,6,6,1,1,1,1,1,1,1,1	0.0,0.0,0.0,0.0,0.0,0.0,0.0,0.0,0.0,0.0,0.0,0.0	0,0,0,0,0,0,0,0,0,0,0,0	2,2,2,2,1,1,1,1,1,1,1,1	1/5,1/6,2/7,2/8,3/9,3/10,4/11,4/12	5/1/6,7/2/8,9/3/10,11/4/12	-	-	1,2,3,4,1,1,2,2,3,3,4,4
maceoff_water_1616	6,6,6,6,6,6,6,6,6,6,6,6,6,6,6,6,6,6,6,6,6,6,6,6,6,1,1,1,1,1,1,1,1,1,1,1,1,1,1,1,1,1,1,1,1,1,1,1,1,1,1,1,1,1,1,1,1,1,1,1,1,1,1,1,1,1,1,1,1,1,1,1,1,1,1	0.0,0.0,0.0,0.0,0.0,0.0,0.0,0.0,0.0,0.0,0.0,0.0,0.0,0.0,0.0,0.0,0.0,0.0,0.0,0.0,0.0,0.0,0.0,0.0,0.0,0.0,0.0,0.0,0.0,0.0,0.0,0.0,0.0,0.0,0.0,0.0,0.0,0.0,0.0,0.0,0.0,0.0,0.0,0.0,0.0,0.0,0.0,0.0,0.0,0.0,0.0,0.0,0.0,0.0,0.0,0.0,0.0,0.0,0.0,0.0,0.0,0.0,0.0,0.0,0.0,0.0,0.0,0.0,0.0,0.0,0.0,0.0,0.0,0.0,0.0	0,0,0,0,0,0,0,0,0,0,0,0,0,0,0,0,0,0,0,0,0,0,0,0,0,0,0,0,0,0,0,0,0,0,0,0,0,0,0,0,0,0,0,0,0,0,0,0,0,0,0,0,0,0,0,0,0,0,0,0,0,0,0,0,0,0,0,0,0,0,0,0,0,0,0	2,2,2,2,2,2,2,2,2,2,2,2,2,2,2,2,2,2,2,2,2,2,2,2,2,1,1,1,1,1,1,1,1,1,1,1,1,1,1,1,1,1,1,1,1,1,1,1,1,1,1,1,1,1,1,1,1,1,1,1,1,1,1,1,1,1,1,1,1,1,1,1,1,1,1	1/26,1/27,2/28,2/29,3/30,3/31,4/32,4/33,5/34,5/35,6/36,6/37,7/38,7/39,8/40,8/41,9/42,9/43,10/44,10/45,11/46,11/47,12/48,12/49,13/50,13/51,14/52,14/53,15/54,15/55,16/56,16/57,17/58,17/59,18/60,18/61,19/62,19/63,20/64,20/65,21/66,21/67,22/68,22/69,23/70,23/71,24/72,24/73,25/74,25/75	26/1/27,28/2/29,30/3/31,32/4/33,34/5/35,36/6/37,38/7/39,40/8/41,42/9/43,44/10/45,46/11/47,48/12/49,50/13/51,52/14/53,54/15/55,56/16/57,58/17/59,60/18/61,62/19/63,64/20/65,66/21/67,68/22/69,70/23/71,72/24/73,74/25/75	-	-	1,2,3,4,5,6,7,8,9,10,11,12,13,14,15,16,17,18,19,20,21,22,23,24,25,1,1,2,2,3,3,4,4,5,5,6,6,7,7,8,8,9,9,10,10,11,11,12,12,13,13,14,14,15,15,16,16,17,17,18,18,19,19,20,20,21,21,22,22,23,23,24,24,25,25
maceoff_water_1617	6,6,6,6,6,6,6,6,1,1,1,1,1,1,1,1,1,1,1,1,1,1,1,1	0.0,0.0,0.0,0.0,0.0,0.0,0.0,0.0,0.0,0.0,0.0,0.0,0.0,0.0,0.0,0.0,0.0,0.0,0.0,0.0,0.0,0.0,0.0,0.0	0,0,0,0,0,0,0,0,0,0,0,0,0,0,0,0,0,0,0,0,0,0,0,0	2,2,2,2,2,2,2,2,1,1,1,1,1,1,1,1,1,1,1,1,1,1,1,1	1/9,1/10,2/11,2/12,3/13,3/14,4/15,4/16,5/17,5/18,6/19,6/20,7/21,7/22,8/23,8/24	9/1/10,11/2/12,13/3/14,15/4/16,17/5/18,19/6/20,21/7/22,23/8/24	-	-	1,2,3,4,5,6,7,8,1,1,2,2,3,3,4,4,5,5,6,6,7,7,8,8
maceoff_water_1618	6,6,6,6,6,6,6,1,1,1,1,1,1,1,1,1,1,1,1,1,1	0.0,0.0,0.0,0.0,0.0,0.0,0.0,0.0,0.0,0.0,0.0,0.0,0.0,0.0,0.0,0.0,0.0,0.0,0.0,0.0,0.0	0,0,0,0,0,0,0,0,0,0,0,0,0,0,0,0,0,0,0,0,0	2,2,2,2,2,2,2,1,1,1,1,1,1,1,1,1,1,1,1,1,1	1/8,1/9,2/10,2/11,3/12,3/13,4/14,4/15,5/16,5/17,6/18,6/19,7/20,7/21	8/1/9,10/2/11,12/3/13,14/4/15,16/5/17,18/6/19,20/7/21	-	-	1,2,3,4,5,6,7,1,1,2,2,3,3,4,4,5,5,6,6,7,7
maceoff_water_1619	6,6,6,6,6,6,1,1,1,1,1,1,1,1,1,1,1,1	0.0,0.0,0.0,0.0,0.0,0.0,0.0,0.0,0.0,0.0,0.0,0.0,0.0,0.0,0.0,0.0,0.0,0.0	0,0,0,0,0,0,0,0,0,0,0,0,0,0,0,0,0,0	2,2,2,2,2,2,1,1,1,1,1,1,1,1,1,1,1,1	1/7,1/8,2/9,2/10,3/11,3/12,4/13,4/14,5/15,5/16,6/17,6/18	7/1/8,9/2/10,11/3/12,13/4/14,15/5/16,17/6/18	-	-	1,2,3,4,5,6,1,1,2,2,3,3,4,4,5,5,6,6
maceoff_water_1620	6,1,1	0.0,0.0,0.0	0,0,0	2,1,1	1/2,1/3	2/1/3	-	-	1,1,1
maceoff_water_1621	6,6,6,1,1,1,1,1,1	0.0,0.0,0.0,0.0,0.0,0.0,0.0,0.0,0.0	0,0,0,0,0,0,0,0,0	2,2,2,1,1,1,1,1,1	1/4,1/5,2/6,2/7,3/8,3/9	4/1/5,6/2/7,8/3/9	-	-	1,2,3,1,1,2,2,3,3
maceoff_water_1622	6,6,6,6,6,6,6,6,6,1,1,1,1,1,1,1,1,1,1,1,1,1,1,1,1,1,1	0.0,0.0,0.0,0.0,0.0,0.0,0.0,0.0,0.0,0.0,0.0,0.0,0.0,0.0,0.0,0.0,0.0,0.0,0.0,0.0,0.0,0.0,0.0,0.0,0.0,0.0,0.0	0,0,0,0,0,0,0,0,0,0,0,0,0,0,0,0,0,0,0,0,0,0,0,0,0,0,0	2,2,2,2,2,2,2,2,2,1,1,1,1,1,1,1,1,1,1,1,1,1,1,1,1,1,1	1/10,1/11,2/12,2/13,3/14,3/15,4/16,4/17,5/18,5/19,6/20,6/21,7/22,7/23,8/24,8/25,9/26,9/27	10/1/11,12/2/13,14/3/15,16/4/17,18/5/19,20/6/21,22/7/23,24/8/25,26/9/27	-	-	1,2,3,4,5,6,7,8,9,1,1,2,2,3,3,4,4,5,5,6,6,7,7,8,8,9,9
maceoff_water_1623	6,6,6,6,6,6,6,6,6,1,1,1,1,1,1,1,1,1,1,1,1,1,1,1,1,1,1	0.0,0.0,0.0,0.0,0.0,0.0,0.0,0.0,0.0,0.0,0.0,0.0,0.0,0.0,0.0,0.0,0.0,0.0,0.0,0.0,0.0,0.0,0.0,0.0,0.0,0.0,0.0	0,0,0,0,0,0,0,0,0,0,0,0,0,0,0,0,0,0,0,0,0,0,0,0,0,0,0	2,2,2,2,2,2,2,2,2,1,1,1,1,1,1,1,1,1,1,1,1,1,1,1,1,1,1	1/10,1/11,2/12,2/13,3/14,3/15,4/16,4/17,5/18,5/19,6/20,6/21,7/22,7/23,8/24,8/25,9/26,9/27	10/1/11,12/2/13,14/3/15,16/4/17,18/5/19,20/6/21,22/7/23,24/8/25,26/9/27	-	-	1,2,3,4,5,6,7,8,9,1,1,2,2,3,3,4,4,5,5,6,6,7,7,8,8,9,9
maceoff_water_1624	6,6,1,1,1,1	0.0,0.0,0.0,0.0,0.0,0.0	0,0,0,0,0,0	2,2,1,1,1,1	1/3,1/4,2/5,2/6	3/1/4,5/2/6	-	-	1,2,1,1,2,2
maceoff_water_1625	6,6,6,6,6,6,6,6,6,6,6,6,1,1,1,1,1,1,1,1,1,1,1,1,1,1,1,1,1,1,1,1,1,1,1,1	0.0,0.0,0.0,0.0,0.0,0.0,0.0,0.0,0.0,0.0,0.0,0.0,0.0,0.0,0.0,0.0,0.0,0.0,0.0,0.0,0.0,0.0,0.0,0.0,0.0,0.0,0.0,0.0,0.0,0.0,0.0,0.0,0.0,0.0,0.0,0.0	0,0,0,0,0,0,0,0,0,0,0,0,0,0,0,0,0,0,0,0,0,0,0,0,0,0,0,0,0,0,0,0,0,0,0,0	2,2,2,2,2,2,2,2,2,2,2,2,1,1,1,1,1,1,1,1,1,1,1,1,1,1,1,1,1,1,1,1,1,1,1,1	1/13,1/14,2/15,2/16,3/17,3/18,4/19,4/20,5/21,5/22,6/23,6/24,7/25,7/26,8/27,8/28,9/29,9/30,10/31,10/32,11/33,11/34,12/35,12/36	13/1/14,15/2/16,17/3/18,19/4/20,21/5/22,23/6/24,25/7/26,27/8/28,29/9/30,31/10/32,33/11/34,35/12/36	-	-	1,2,3,4,5,6,7,8,9,10,11,12,1,1,2,2,3,3,4,4,5,5,6,6,7,7,8,8,9,9,10,10,11,11,12,12
maceoff_water_1626	6,1,1	0.0,0.0,0.0	0,0,0	2,1,1	1/2,1/3	2/1/3	-	-	1,1,1
maceoff_water_1627	6,6,6,6,6,6,6,1,1,1,1,1,1,1,1,1,1,1,1,1,1	0.0,0.0,0.0,0.0,0.0,0.0,0.0,0.0,0.0,0.0,0.0,0.0,0.0,0.0,0.0,0.0,0.0,0.0,0.0,0.0,0.0	0,0,0,0,0,0,0,0,0,0,0,0,0,0,0,0,0,0,0,0,0	2,2,2,2,2,2,2,1,1,1,1,1,1,1,1,1,1,1,1,1,1	1/8,1/9,2/10,2/11,3/12,3/13,4/14,4/15,5/16,5/17,6/18,6/19,7/20,7/21	8/1/9,10/2/11,12/3/13,14/4/15,16/5/17,18/6/19,20/7/21	-	-	1,2,3,4,5,6,7,1,1,2,2,3,3,4,4,5,5,6,6,7,7
maceoff_water_1628	6,6,6,6,6,6,1,1,1,1,1,1,1,1,1,1,1,1	0.0,0.0,0.0,0.0,0.0,0.0,0.0,0.0,0.0,0.0,0.0,0.0,0.0,0.0,0.0,0.0,0.0,0.0	0,0,0,0,0,0,0,0,0,0,0,0,0,0,0,0,0,0	2,2,2,2,2,2,1,1,1,1,1,1,1,1,1,1,1,1	1/7,1/8,2/9,2/10,3/11,3/12,4/13,4/14,5/15,5/16,6/17,6/18	7/1/8,9/2/10,11/3/12,13/4/14,15/5/16,17/6/18	-	-	1,2,3,4,5,6,1,1,2,2,3,3,4,4,5,5,6,6
maceoff_water_1629	6,6,6,6,1,1,1,1,1,1,1,1	0.0,0.0,0.0,0.0,0.0,0.0,0.0,0.0,0.0,0.0,0.0,0.0	0,0,0,0,0,0,0,0,0,0,0,0	2,2,2,2,1,1,1,1,1,1,1,1	1/5,1/6,2/7,2/8,3/9,3/10,4/11,4/12	5/1/6,7/2/8,9/3/10,11/4/12	-	-	1,2,3,4,1,1,2,2,3,3,4,4
maceoff_water_1630	6,6,6,1,1,1,1,1,1	0.0,0.0,0.0,0.0,0.0,0.0,0.0,0.0,0.0	0,0,0,0,0,0,0,0,0	2,2,2,1,1,1,1,1,1	1/4,1/5,2/6,2/7,3/8,3/9	4/1/5,6/2/7,8/3/9	-	-	1,2,3,1,1,2,2,3,3
maceoff_water_1631	6,6,6,6,6,6,6,6,6,6,6,1,1,1,1,1,1,1,1,1,1,1,1,1,1,1,1,1,1,1,1,1,1	0.0,0.0,0.0,0.0,0.0,0.0,0.0,0.0,0.0,0.0,0.0,0.0,0.0,0.0,0.0,0.0,0.0,0.0,0.0,0.0,0.0,0.0,0.0,0.0,0.0,0.0,0.0,0.0,0.0,0.0,0.0,0.0,0.0	0,0,0,0,0,0,0,0,0,0,0,0,0,0,0,0,0,0,0,0,0,0,0,0,0,0,0,0,0,0,0,0,0	2,2,2,2,2,2,2,2,2,2,2,1,1,1,1,1,1,1,1,1,1,1,1,1,1,1,1,1,1,1,1,1,1	1/12,1/13,2/14,2/15,3/16,3/17,4/18,4/19,5/20,5/21,6/22,6/23,7/24,7/25,8/26,8/27,9/28,9/29,10/30,10/31,11/32,11/33	12/1/13,14/2/15,16/3/17,18/4/19,20/5/21,22/6/23,24/7/25,26/8/27,28/9/29,30/10/31,32/11/33	-	-	1,2,3,4,5,6,7,8,9,10,11,1,1,2,2,3,3,4,4,5,5,6,6,7,7,8,8,9,9,10,10,11,11
maceoff_water_1632	6,6,6,6,6,6,6,6,6,6,6,6,1,1,1,1,1,1,1,1,1,1,1,1,1,1,1,1,1,1,1,1,1,1,1,1	0.0,0.0,0.0,0.0,0.0,0.0,0.0,0.0,0.0,0.0,0.0,0.0,0.0,0.0,0.0,0.0,0.0,0.0,0.0,0.0,0.0,0.0,0.0,0.0,0.0,0.0,0.0,0.0,0.0,0.0,0.0,0.0,0.0,0.0,0.0,0.0	0,0,0,0,0,0,0,0,0,0,0,0,0,0,0,0,0,0,0,0,0,0,0,0,0,0,0,0,0,0,0,0,0,0,0,0	2,2,2,2,2,2,2,2,2,2,2,2,1,1,1,1,1,1,1,1,1,1,1,1,1,1,1,1,1,1,1,1,1,1,1,1	1/13,1/14,2/15,2/16,3/17,3/18,4/19,4/20,5/21,5/22,6/23,6/24,7/25,7/26,8/27,8/28,9/29,9/30,10/31,10/32,11/33,11/34,12/35,12/36	13/1/14,15/2/16,17/3/18,19/4/20,21/5/22,23/6/24,25/7/26,27/8/28,29/9/30,31/10/32,33/11/34,35/12/36	-	-	1,2,3,4,5,6,7,8,9,10,11,12,1,1,2,2,3,3,4,4,5,5,6,6,7,7,8,8,9,9,10,10,11,11,12,12
maceoff_water_1633	6,6,6,6,6,6,6,6,1,1,1,1,1,1,1,1,1,1,1,1,1,1,1,1	0.0,0.0,0.0,0.0,0.0,0.0,0.0,0.0,0.0,0.0,0.0,0.0,0.0,0.0,0.0,0.0,0.0,0.0,0.0,0.0,0.0,0.0,0.0,0.0	0,0,0,0,0,0,0,0,0,0,0,0,0,0,0,0,0,0,0,0,0,0,0,0	2,2,2,2,2,2,2,2,1,1,1,1,1,1,1,1,1,1,1,1,1,1,1,1	1/9,1/10,2/11,2/12,3/13,3/14,4/15,4/16,5/17,5/18,6/19,6/20,7/21,7/22,8/23,8/24	9/1/10,11/2/12,13/3/14,15/4/16,17/5/18,19/6/20,21/7/22,23/8/24	-	-	1,2,3,4,5,6,7,8,1,1,2,2,3,3,4,4,5,5,6,6,7,7,8,8
maceoff_water_1634	6,6,6,6,6,6,6,6,6,6,6,6,6,6,6,6,6,6,6,6,6,6,6,6,6,6,6,6,6,6,6,6,6,6,6,6,6,6,6,6,6,6,6,6,6,6,6,6,6,6,1,1,1,1,1,1,1,1,1,1,1,1,1,1,1,1,1,1,1,1,1,1,1,1,1,1,1,1,1,1,1,1,1,1,1,1,1,1,1,1,1,1,1,1,1,1,1,1,1,1,1,1,1,1,1,1,1,1,1,1,1,1,1,1,1,1,1,1,1,1,1,1,1,1,1,1,1,1,1,1,1,1,1,1,1,1,1,1,1,1,1,1,1,1,1,1,1,1,1,1	0.0,0.0,0.0,0.0,0.0,0.0,0.0,0.0,0.0,0.0,0.0,0.0,0.0,0.0,0.0,0.0,0.0,0.0,0.0,0.0,0.0,0.0,0.0,0.0,0.0,0.0,0.0,0.0,0.0,0.0,0.0,0.0,0.0,0.0,0.0,0.0,0.0,0.0,0.0,0.0,0.0,0.0,0.0,0.0,0.0,0.0,0.0,0.0,0.0,0.0,0.0,0.0,0.0,0.0,0.0,0.0,0.0,0.0,0.0,0.0,0.0,0.0,0.0,0.0,0.0,0.0,0.0,0.0,0.0,0.0,0.0,0.0,0.0,0.0,0.0,0.0,0.0,0.0,0.0,0.0,0.0,0.0,0.0,0.0,0.0,0.0,0.0,0.0,0.0,0.0,0.0,0.0,0.0,0.0,0.0,0.0,0.0,0.0,0.0,0.0,0.0,0.0,0.0,0.0,0.0,0.0,0.0,0.0,0.0,0.0,0.0,0.0,0.0,0.0,0.0,0.0,0.0,0.0,0.0,0.0,0.0,0.0,0.0,0.0,0.0,0.0,0.0,0.0,0.0,0.0,0.0,0.0,0.0,0.0,0.0,0.0,0.0,0.0,0.0,0.0,0.0,0.0,0.0,0.0,0.0,0.0,0.0,0.0,0.0,0.0	0,0,0,0,0,0,0,0,0,0,0,0,0,0,0,0,0,0,0,0,0,0,0,0,0,0,0,0,0,0,0,0,0,0,0,0,0,0,0,0,0,0,0,0,0,0,0,0,0,0,0,0,0,0,0,0,0,0,0,0,0,0,0,0,0,0,0,0,0,0,0,0,0,0,0,0,0,0,0,0,0,0,0,0,0,0,0,0,0,0,0,0,0,0,0,0,0,0,0,0,0,0,0,0,0,0,0,0,0,0,0,0,0,0,0,0,0,0,0,0,0,0,0,0,0,0,0,0,0,0,0,0,0,0,0,0,0,0,0,0,0,0,0,0,0,0,0,0,0,0	2,2,2,2,2,2,2,2,2,2,2,2,2,2,2,2,2,2,2,2,2,2,2,2,2,2,2,2,2,2,2,2,2,2,2,2,2,2,2,2,2,2,2,2,2,2,2,2,2,2,1,1,1,1,1,1,1,1,1,1,1,1,1,1,1,1,1,1,1,1,1,1,1,1,1,1,1,1,1,1,1,1,1,1,1,1,1,1,1,1,1,1,1,1,1,1,1,1,1,1,1,1,1,1,1,1,1,1,1,1,1,1,1,1,1,1,1,1,1,1,1,1,1,1,1,1,1,1,1,1,1,1,1,1,1,1,1,1,1,1,1,1,1,1,1,1,1,1,1,1	1/51,1/52,2/53,2/54,3/55,3/56,4/57,4/58,5/59,5/60,6/61,6/62,7/63,7/64,8/65,8/66,9/67,9/68,10/69,10/70,11/71,11/72,12/73,12/74,13/75,13/76,14/77,14/78,15/79,15/80,16/81,16/82,17/83,17/84,18/85,18/86,19/87,19/88,20/89,20/90,21/91,21/92,22/93,22/94,23/95,23/96,24/97,24/98,25/99,25/100,26/101,26/102,27/103,27/104,28/105,28/106,29/107,29/108,30/109,30/110,31/111,31/112,32/113,32/114,33/115,33/116,34/117,34/118,35/119,35/120,36/121,36/122,37/123,37/124,38/125,38/126,39/127,39/128,40/129,40/130,41/131,41/132,42/133,42/134,43/135,43/136,44/137,44/138,45/139,45/140,46/141,46/142,47/143,47/144,48/145,48/146,49/147,49/148,50/149,50/150	51/1/52,53/2/54,55/3/56,57/4/58,59/5/60,61/6/62,63/7/64,65/8/66,67/9/68,69/10/70,71/11/72,73/12/74,75/13/76,77/14/78,79/15/80,81/16/82,83/17/84,85/18/86,87/19/88,89/20/90,91/21/92,93/22/94,95/23/96,97/24/98,99/25/100,101/26/102,103/27/104,105/28/106,107/29/108,109/30/110,111/31/112,113/32/114,115/33/116,117/34/118,119/35/120,121/36/122,123/37/124,125/38/126,127/39/128,129/40/130,131/41/132,133/42/134,135/43/136,137/44/138,139/45/140,141/46/142,143/47/144,145/48/146,147/49/148,149/50/150	-	-	1,2,3,4,5,6,7,8,9,10,11,12,13,14,15,16,17,18,19,20,21,22,23,24,25,26,27,28,29,30,31,32,33,34,35,36,37,38,39,40,41,42,43,44,45,46,47,48,49,50,1,1,2,2,3,3,4,4,5,5,6,6,7,7,8,8,9,9,10,10,11,11,12,12,13,13,14,14,15,15,16,16,17,17,18,18,19,19,20,20,21,21,22,22,23,23,24,24,25,25,26,26,27,27,28,28,29,29,30,30,31,31,32,32,33,33,34,34,35,35,36,36,37,37,38,38,39,39,40,40,41,41,42,42,43,43,44,44,45,45,46,46,47,47,48,48,49,49,50,50
maceoff_water_1635	6,6,6,1,1,1,1,1,1	0.0,0.0,0.0,0.0,0.0,0.0,0.0,0.0,0.0	0,0,0,0,0,0,0,0,0	2,2,2,1,1,1,1,1,1	1/4,1/5,2/6,2/7,3/8,3/9	4/1/5,6/2/7,8/3/9	-	-	1,2,3,1,1,2,2,3,3
maceoff_water_1636	6,6,6,6,6,6,6,6,6,6,6,6,6,6,6,6,6,6,6,6,6,6,6,6,6,6,6,6,6,6,6,6,6,6,6,6,6,6,6,6,6,6,6,6,6,6,6,6,6,6,1,1,1,1,1,1,1,1,1,1,1,1,1,1,1,1,1,1,1,1,1,1,1,1,1,1,1,1,1,1,1,1,1,1,1,1,1,1,1,1,1,1,1,1,1,1,1,1,1,1,1,1,1,1,1,1,1,1,1,1,1,1,1,1,1,1,1,1,1,1,1,1,1,1,1,1,1,1,1,1,1,1,1,1,1,1,1,1,1,1,1,1,1,1,1,1,1,1,1,1	0.0,0.0,0.0,0.0,0.0,0.0,0.0,0.0,0.0,0.0,0.0,0.0,0.0,0.0,0.0,0.0,0.0,0.0,0.0,0.0,0.0,0.0,0.0,0.0,0.0,0.0,0.0,0.0,0.0,0.0,0.0,0.0,0.0,0.0,0.0,0.0,0.0,0.0,0.0,0.0,0.0,0.0,0.0,0.0,0.0,0.0,0.0,0.0,0.0,0.0,0.0,0.0,0.0,0.0,0.0,0.0,0.0,0.0,0.0,0.0,0.0,0.0,0.0,0.0,0.0,0.0,0.0,0.0,0.0,0.0,0.0,0.0,0.0,0.0,0.0,0.0,0.0,0.0,0.0,0.0,0.0,0.0,0.0,0.0,0.0,0.0,0.0,0.0,0.0,0.0,0.0,0.0,0.0,0.0,0.0,0.0,0.0,0.0,0.0,0.0,0.0,0.0,0.0,0.0,0.0,0.0,0.0,0.0,0.0,0.0,0.0,0.0,0.0,0.0,0.0,0.0,0.0,0.0,0.0,0.0,0.0,0.0,0.0,0.0,0.0,0.0,0.0,0.0,0.0,0.0,0.0,0.0,0.0,0.0,0.0,0.0,0.0,0.0,0.0,0.0,0.0,0.0,0.0,0.0,0.0,0.0,0.0,0.0,0.0,0.0	0,0,0,0,0,0,0,0,0,0,0,0,0,0,0,0,0,0,0,0,0,0,0,0,0,0,0,0,0,0,0,0,0,0,0,0,0,0,0,0,0,0,0,0,0,0,0,0,0,0,0,0,0,0,0,0,0,0,0,0,0,0,0,0,0,0,0,0,0,0,0,0,0,0,0,0,0,0,0,0,0,0,0,0,0,0,0,0,0,0,0,0,0,0,0,0,0,0,0,0,0,0,0,0,0,0,0,0,0,0,0,0,0,0,0,0,0,0,0,0,0,0,0,0,0,0,0,0,0,0,0,0,0,0,0,0,0,0,0,0,0,0,0,0,0,0,0,0,0,0	2,2,2,2,2,2,2,2,2,2,2,2,2,2,2,2,2,2,2,2,2,2,2,2,2,2,2,2,2,2,2,2,2,2,2,2,2,2,2,2,2,2,2,2,2,2,2,2,2,2,1,1,1,1,1,1,1,1,1,1,1,1,1,1,1,1,1,1,1,1,1,1,1,1,1,1,1,1,1,1,1,1,1,1,1,1,1,1,1,1,1,1,1,1,1,1,1,1,1,1,1,1,1,1,1,1,1,1,1,1,1,1,1,1,1,1,1,1,1,1,1,1,1,1,1,1,1,1,1,1,1,1,1,1,1,1,1,1,1,1,1,1,1,1,1,1,1,1,1,1	1/51,1/52,2/53,2/54,3/55,3/56,4/57,4/58,5/59,5/60,6/61,6/62,7/63,7/64,8/65,8/66,9/67,9/68,10/69,10/70,11/71,11/72,12/73,12/74,13/75,13/76,14/77,14/78,15/79,15/80,16/81,16/82,17/83,17/84,18/85,18/86,19/87,19/88,20/89,20/90,21/91,21/92,22/93,22/94,23/95,23/96,24/97,24/98,25/99,25/100,26/101,26/102,27/103,27/104,28/105,28/106,29/107,29/108,30/109,30/110,31/111,31/112,32/113,32/114,33/115,33/116,34/117,34/118,35/119,35/120,36/121,36/122,37/123,37/124,38/125,38/126,39/127,39/128,40/129,40/130,41/131,41/132,42/133,42/134,43/135,43/136,44/137,44/138,45/139,45/140,46/141,46/142,47/143,47/144,48/145,48/146,49/147,49/148,50/149,50/150	51/1/52,53/2/54,55/3/56,57/4/58,59/5/60,61/6/62,63/7/64,65/8/66,67/9/68,69/10/70,71/11/72,73/12/74,75/13/76,77/14/78,79/15/80,81/16/82,83/17/84,85/18/86,87/19/88,89/20/90,91/21/92,93/22/94,95/23/96,97/24/98,99/25/100,101/26/102,103/27/104,105/28/106,107/29/108,109/30/110,111/31/112,113/32/114,115/33/116,117/34/118,119/35/120,121/36/122,123/37/124,125/38/126,127/39/128,129/40/130,131/41/132,133/42/134,135/43/136,137/44/138,139/45/140,141/46/142,143/47/144,145/48/146,147/49/148,149/50/150	-	-	1,2,3,4,5,6,7,8,9,10,11,12,13,14,15,16,17,18,19,20,21,22,23,24,25,26,27,28,29,30,31,32,33,34,35,36,37,38,39,40,41,42,43,44,45,46,47,48,49,50,1,1,2,2,3,3,4,4,5,5,6,6,7,7,8,8,9,9,10,10,11,11,12,12,13,13,14,14,15,15,16,16,17,17,18,18,19,19,20,20,21,21,22,22,23,23,24,24,25,25,26,26,27,27,28,28,29,29,30,30,31,31,32,32,33,33,34,34,35,35,36,36,37,37,38,38,39,39,40,40,41,41,42,42,43,43,44,44,45,45,46,46,47,47,48,48,49,49,50,50
maceoff_water_1637	6,6,6,6,6,6,6,6,6,6,1,1,1,1,1,1,1,1,1,1,1,1,1,1,1,1,1,1,1,1	0.0,0.0,0.0,0.0,0.0,0.0,0.0,0.0,0.0,0.0,0.0,0.0,0.0,0.0,0.0,0.0,0.0,0.0,0.0,0.0,0.0,0.0,0.0,0.0,0.0,0.0,0.0,0.0,0.0,0.0	0,0,0,0,0,0,0,0,0,0,0,0,0,0,0,0,0,0,0,0,0,0,0,0,0,0,0,0,0,0	2,2,2,2,2,2,2,2,2,2,1,1,1,1,1,1,1,1,1,1,1,1,1,1,1,1,1,1,1,1	1/11,1/12,2/13,2/14,3/15,3/16,4/17,4/18,5/19,5/20,6/21,6/22,7/23,7/24,8/25,8/26,9/27,9/28,10/29,10/30	11/1/12,13/2/14,15/3/16,17/4/18,19/5/20,21/6/22,23/7/24,25/8/26,27/9/28,29/10/30	-	-	1,2,3,4,5,6,7,8,9,10,1,1,2,2,3,3,4,4,5,5,6,6,7,7,8,8,9,9,10,10
maceoff_water_1638	6,6,6,6,6,6,6,6,6,1,1,1,1,1,1,1,1,1,1,1,1,1,1,1,1,1,1	0.0,0.0,0.0,0.0,0.0,0.0,0.0,0.0,0.0,0.0,0.0,0.0,0.0,0.0,0.0,0.0,0.0,0.0,0.0,0.0,0.0,0.0,0.0,0.0,0.0,0.0,0.0	0,0,0,0,0,0,0,0,0,0,0,0,0,0,0,0,0,0,0,0,0,0,0,0,0,0,0	2,2,2,2,2,2,2,2,2,1,1,1,1,1,1,1,1,1,1,1,1,1,1,1,1,1,1	1/10,1/11,2/12,2/13,3/14,3/15,4/16,4/17,5/18,5/19,6/20,6/21,7/22,7/23,8/24,8/25,9/26,9/27	10/1/11,12/2/13,14/3/15,16/4/17,18/5/19,20/6/21,22/7/23,24/8/25,26/9/27	-	-	1,2,3,4,5,6,7,8,9,1,1,2,2,3,3,4,4,5,5,6,6,7,7,8,8,9,9
maceoff_water_1639	6,6,1,1,1,1	0.0,0.0,0.0,0.0,0.0,0.0	0,0,0,0,0,0	2,2,1,1,1,1	1/3,1/4,2/5,2/6	3/1/4,5/2/6	-	-	1,2,1,1,2,2
maceoff_water_1640	6,6,6,6,6,6,6,6,6,6,6,1,1,1,1,1,1,1,1,1,1,1,1,1,1,1,1,1,1,1,1,1,1	0.0,0.0,0.0,0.0,0.0,0.0,0.0,0.0,0.0,0.0,0.0,0.0,0.0,0.0,0.0,0.0,0.0,0.0,0.0,0.0,0.0,0.0,0.0,0.0,0.0,0.0,0.0,0.0,0.0,0.0,0.0,0.0,0.0	0,0,0,0,0,0,0,0,0,0,0,0,0,0,0,0,0,0,0,0,0,0,0,0,0,0,0,0,0,0,0,0,0	2,2,2,2,2,2,2,2,2,2,2,1,1,1,1,1,1,1,1,1,1,1,1,1,1,1,1,1,1,1,1,1,1	1/12,1/13,2/14,2/15,3/16,3/17,4/18,4/19,5/20,5/21,6/22,6/23,7/24,7/25,8/26,8/27,9/28,9/29,10/30,10/31,11/32,11/33	12/1/13,14/2/15,16/3/17,18/4/19,20/5/21,22/6/23,24/7/25,26/8/27,28/9/29,30/10/31,32/11/33	-	-	1,2,3,4,5,6,7,8,9,10,11,1,1,2,2,3,3,4,4,5,5,6,6,7,7,8,8,9,9,10,10,11,11
maceoff_water_1641	6,6,6,1,1,1,1,1,1	0.0,0.0,0.0,0.0,0.0,0.0,0.0,0.0,0.0	0,0,0,0,0,0,0,0,0	2,2,2,1,1,1,1,1,1	1/4,1/5,2/6,2/7,3/8,3/9	4/1/5,6/2/7,8/3/9	-	-	1,2,3,1,1,2,2,3,3
maceoff_water_1642	6,6,6,6,6,6,6,6,6,6,6,6,1,1,1,1,1,1,1,1,1,1,1,1,1,1,1,1,1,1,1,1,1,1,1,1	0.0,0.0,0.0,0.0,0.0,0.0,0.0,0.0,0.0,0.0,0.0,0.0,0.0,0.0,0.0,0.0,0.0,0.0,0.0,0.0,0.0,0.0,0.0,0.0,0.0,0.0,0.0,0.0,0.0,0.0,0.0,0.0,0.0,0.0,0.0,0.0	0,0,0,0,0,0,0,0,0,0,0,0,0,0,0,0,0,0,0,0,0,0,0,0,0,0,0,0,0,0,0,0,0,0,0,0	2,2,2,2,2,2,2,2,2,2,2,2,1,1,1,1,1,1,1,1,1,1,1,1,1,1,1,1,1,1,1,1,1,1,1,1	1/13,1/14,2/15,2/16,3/17,3/18,4/19,4/20,5/21,5/22,6/23,6/24,7/25,7/26,8/27,8/28,9/29,9/30,10/31,10/32,11/33,11/34,12/35,12/36	13/1/14,15/2/16,17/3/18,19/4/20,21/5/22,23/6/24,25/7/26,27/8/28,29/9/30,31/10/32,33/11/34,35/12/36	-	-	1,2,3,4,5,6,7,8,9,10,11,12,1,1,2,2,3,3,4,4,5,5,6,6,7,7,8,8,9,9,10,10,11,11,12,12
maceoff_water_1643	6,6,6,6,1,1,1,1,1,1,1,1	0.0,0.0,0.0,0.0,0.0,0.0,0.0,0.0,0.0,0.0,0.0,0.0	0,0,0,0,0,0,0,0,0,0,0,0	2,2,2,2,1,1,1,1,1,1,1,1	1/5,1/6,2/7,2/8,3/9,3/10,4/11,4/12	5/1/6,7/2/8,9/3/10,11/4/12	-	-	1,2,3,4,1,1,2,2,3,3,4,4
maceoff_water_1644	6,6,6,6,6,6,6,6,6,6,6,1,1,1,1,1,1,1,1,1,1,1,1,1,1,1,1,1,1,1,1,1,1	0.0,0.0,0.0,0.0,0.0,0.0,0.0,0.0,0.0,0.0,0.0,0.0,0.0,0.0,0.0,0.0,0.0,0.0,0.0,0.0,0.0,0.0,0.0,0.0,0.0,0.0,0.0,0.0,0.0,0.0,0.0,0.0,0.0	0,0,0,0,0,0,0,0,0,0,0,0,0,0,0,0,0,0,0,0,0,0,0,0,0,0,0,0,0,0,0,0,0	2,2,2,2,2,2,2,2,2,2,2,1,1,1,1,1,1,1,1,1,1,1,1,1,1,1,1,1,1,1,1,1,1	1/12,1/13,2/14,2/15,3/16,3/17,4/18,4/19,5/20,5/21,6/22,6/23,7/24,7/25,8/26,8/27,9/28,9/29,10/30,10/31,11/32,11/33	12/1/13,14/2/15,16/3/17,18/4/19,20/5/21,22/6/23,24/7/25,26/8/27,28/9/29,30/10/31,32/11/33	-	-	1,2,3,4,5,6,7,8,9,10,11,1,1,2,2,3,3,4,4,5,5,6,6,7,7,8,8,9,9,10,10,11,11
maceoff_water_1645	6,6,6,6,6,6,6,6,1,1,1,1,1,1,1,1,1,1,1,1,1,1,1,1	0.0,0.0,0.0,0.0,0.0,0.0,0.0,0.0,0.0,0.0,0.0,0.0,0.0,0.0,0.0,0.0,0.0,0.0,0.0,0.0,0.0,0.0,0.0,0.0	0,0,0,0,0,0,0,0,0,0,0,0,0,0,0,0,0,0,0,0,0,0,0,0	2,2,2,2,2,2,2,2,1,1,1,1,1,1,1,1,1,1,1,1,1,1,1,1	1/9,1/10,2/11,2/12,3/13,3/14,4/15,4/16,5/17,5/18,6/19,6/20,7/21,7/22,8/23,8/24	9/1/10,11/2/12,13/3/14,15/4/16,17/5/18,19/6/20,21/7/22,23/8/24	-	-	1,2,3,4,5,6,7,8,1,1,2,2,3,3,4,4,5,5,6,6,7,7,8,8
maceoff_water_1646	6,6,6,6,6,6,6,6,6,6,1,1,1,1,1,1,1,1,1,1,1,1,1,1,1,1,1,1,1,1	0.0,0.0,0.0,0.0,0.0,0.0,0.0,0.0,0.0,0.0,0.0,0.0,0.0,0.0,0.0,0.0,0.0,0.0,0.0,0.0,0.0,0.0,0.0,0.0,0.0,0.0,0.0,0.0,0.0,0.0	0,0,0,0,0,0,0,0,0,0,0,0,0,0,0,0,0,0,0,0,0,0,0,0,0,0,0,0,0,0	2,2,2,2,2,2,2,2,2,2,1,1,1,1,1,1,1,1,1,1,1,1,1,1,1,1,1,1,1,1	1/11,1/12,2/13,2/14,3/15,3/16,4/17,4/18,5/19,5/20,6/21,6/22,7/23,7/24,8/25,8/26,9/27,9/28,10/29,10/30	11/1/12,13/2/14,15/3/16,17/4/18,19/5/20,21/6/22,23/7/24,25/8/26,27/9/28,29/10/30	-	-	1,2,3,4,5,6,7,8,9,10,1,1,2,2,3,3,4,4,5,5,6,6,7,7,8,8,9,9,10,10
maceoff_water_1647	6,6,1,1,1,1	0.0,0.0,0.0,0.0,0.0,0.0	0,0,0,0,0,0	2,2,1,1,1,1	1/3,1/4,2/5,2/6	3/1/4,5/2/6	-	-	1,2,1,1,2,2
maceoff_water_1648	6,6,6,6,6,6,6,6,6,6,6,1,1,1,1,1,1,1,1,1,1,1,1,1,1,1,1,1,1,1,1,1,1	0.0,0.0,0.0,0.0,0.0,0.0,0.0,0.0,0.0,0.0,0.0,0.0,0.0,0.0,0.0,0.0,0.0,0.0,0.0,0.0,0.0,0.0,0.0,0.0,0.0,0.0,0.0,0.0,0.0,0.0,0.0,0.0,0.0	0,0,0,0,0,0,0,0,0,0,0,0,0,0,0,0,0,0,0,0,0,0,0,0,0,0,0,0,0,0,0,0,0	2,2,2,2,2,2,2,2,2,2,2,1,1,1,1,1,1,1,1,1,1,1,1,1,1,1,1,1,1,1,1,1,1	1/12,1/13,2/14,2/15,3/16,3/17,4/18,4/19,5/20,5/21,6/22,6/23,7/24,7/25,8/26,8/27,9/28,9/29,10/30,10/31,11/32,11/33	12/1/13,14/2/15,16/3/17,18/4/19,20/5/21,22/6/23,24/7/25,26/8/27,28/9/29,30/10/31,32/11/33	-	-	1,2,3,4,5,6,7,8,9,10,11,1,1,2,2,3,3,4,4,5,5,6,6,7,7,8,8,9,9,10,10,11,11
maceoff_water_1649	6,6,6,6,6,1,1,1,1,1,1,1,1,1,1	0.0,0.0,0.0,0.0,0.0,0.0,0.0,0.0,0.0,0.0,0.0,0.0,0.0,0.0,0.0	0,0,0,0,0,0,0,0,0,0,0,0,0,0,0	2,2,2,2,2,1,1,1,1,1,1,1,1,1,1	1/6,1/7,2/8,2/9,3/10,3/11,4/12,4/13,5/14,5/15	6/1/7,8/2/9,10/3/11,12/4/13,14/5/15	-	-	1,2,3,4,5,1,1,2,2,3,3,4,4,5,5
maceoff_water_1650	6,6,6,6,6,6,6,6,6,6,6,6,6,6,6,6,6,6,6,6,6,6,6,6,6,1,1,1,1,1,1,1,1,1,1,1,1,1,1,1,1,1,1,1,1,1,1,1,1,1,1,1,1,1,1,1,1,1,1,1,1,1,1,1,1,1,1,1,1,1,1,1,1,1,1	0.0,0.0,0.0,0.0,0.0,0.0,0.0,0.0,0.0,0.0,0.0,0.0,0.0,0.0,0.0,0.0,0.0,0.0,0.0,0.0,0.0,0.0,0.0,0.0,0.0,0.0,0.0,0.0,0.0,0.0,0.0,0.0,0.0,0.0,0.0,0.0,0.0,0.0,0.0,0.0,0.0,0.0,0.0,0.0,0.0,0.0,0.0,0.0,0.0,0.0,0.0,0.0,0.0,0.0,0.0,0.0,0.0,0.0,0.0,0.0,0.0,0.0,0.0,0.0,0.0,0.0,0.0,0.0,0.0,0.0,0.0,0.0,0.0,0.0,0.0	0,0,0,0,0,0,0,0,0,0,0,0,0,0,0,0,0,0,0,0,0,0,0,0,0,0,0,0,0,0,0,0,0,0,0,0,0,0,0,0,0,0,0,0,0,0,0,0,0,0,0,0,0,0,0,0,0,0,0,0,0,0,0,0,0,0,0,0,0,0,0,0,0,0,0	2,2,2,2,2,2,2,2,2,2,2,2,2,2,2,2,2,2,2,2,2,2,2,2,2,1,1,1,1,1,1,1,1,1,1,1,1,1,1,1,1,1,1,1,1,1,1,1,1,1,1,1,1,1,1,1,1,1,1,1,1,1,1,1,1,1,1,1,1,1,1,1,1,1,1	1/26,1/27,2/28,2/29,3/30,3/31,4/32,4/33,5/34,5/35,6/36,6/37,7/38,7/39,8/40,8/41,9/42,9/43,10/44,10/45,11/46,11/47,12/48,12/49,13/50,13/51,14/52,14/53,15/54,15/55,16/56,16/57,17/58,17/59,18/60,18/61,19/62,19/63,20/64,20/65,21/66,21/67,22/68,22/69,23/70,23/71,24/72,24/73,25/74,25/75	26/1/27,28/2/29,30/3/31,32/4/33,34/5/35,36/6/37,38/7/39,40/8/41,42/9/43,44/10/45,46/11/47,48/12/49,50/13/51,52/14/53,54/15/55,56/16/57,58/17/59,60/18/61,62/19/63,64/20/65,66/21/67,68/22/69,70/23/71,72/24/73,74/25/75	-	-	1,2,3,4,5,6,7,8,9,10,11,12,13,14,15,16,17,18,19,20,21,22,23,24,25,1,1,2,2,3,3,4,4,5,5,6,6,7,7,8,8,9,9,10,10,11,11,12,12,13,13,14,14,15,15,16,16,17,17,18,18,19,19,20,20,21,21,22,22,23,23,24,24,25,25
maceoff_water_1651	6,6,1,1,1,1	0.0,0.0,0.0,0.0,0.0,0.0	0,0,0,0,0,0	2,2,1,1,1,1	1/3,1/4,2/5,2/6	3/1/4,5/2/6	-	-	1,2,1,1,2,2
maceoff_water_1652	6,6,6,6,6,6,6,6,6,6,6,1,1,1,1,1,1,1,1,1,1,1,1,1,1,1,1,1,1,1,1,1,1	0.0,0.0,0.0,0.0,0.0,0.0,0.0,0.0,0.0,0.0,0.0,0.0,0.0,0.0,0.0,0.0,0.0,0.0,0.0,0.0,0.0,0.0,0.0,0.0,0.0,0.0,0.0,0.0,0.0,0.0,0.0,0.0,0.0	0,0,0,0,0,0,0,0,0,0,0,0,0,0,0,0,0,0,0,0,0,0,0,0,0,0,0,0,0,0,0,0,0	2,2,2,2,2,2,2,2,2,2,2,1,1,1,1,1,1,1,1,1,1,1,1,1,1,1,1,1,1,1,1,1,1	1/12,1/13,2/14,2/15,3/16,3/17,4/18,4/19,5/20,5/21,6/22,6/23,7/24,7/25,8/26,8/27,9/28,9/29,10/30,10/31,11/32,11/33	12/1/13,14/2/15,16/3/17,18/4/19,20/5/21,22/6/23,24/7/25,26/8/27,28/9/29,30/10/31,32/11/33	-	-	1,2,3,4,5,6,7,8,9,10,11,1,1,2,2,3,3,4,4,5,5,6,6,7,7,8,8,9,9,10,10,11,11
maceoff_water_1653	6,6,1,1,1,1	0.0,0.0,0.0,0.0,0.0,0.0	0,0,0,0,0,0	2,2,1,1,1,1	1/3,1/4,2/5,2/6	3/1/4,5/2/6	-	-	1,2,1,1,2,2
maceoff_water_1654	6,6,6,6,6,6,6,6,6,6,6,1,1,1,1,1,1,1,1,1,1,1,1,1,1,1,1,1,1,1,1,1,1	0.0,0.0,0.0,0.0,0.0,0.0,0.0,0.0,0.0,0.0,0.0,0.0,0.0,0.0,0.0,0.0,0.0,0.0,0.0,0.0,0.0,0.0,0.0,0.0,0.0,0.0,0.0,0.0,0.0,0.0,0.0,0.0,0.0	0,0,0,0,0,0,0,0,0,0,0,0,0,0,0,0,0,0,0,0,0,0,0,0,0,0,0,0,0,0,0,0,0	2,2,2,2,2,2,2,2,2,2,2,1,1,1,1,1,1,1,1,1,1,1,1,1,1,1,1,1,1,1,1,1,1	1/12,1/13,2/14,2/15,3/16,3/17,4/18,4/19,5/20,5/21,6/22,6/23,7/24,7/25,8/26,8/27,9/28,9/29,10/30,10/31,11/32,11/33	12/1/13,14/2/15,16/3/17,18/4/19,20/5/21,22/6/23,24/7/25,26/8/27,28/9/29,30/10/31,32/11/33	-	-	1,2,3,4,5,6,7,8,9,10,11,1,1,2,2,3,3,4,4,5,5,6,6,7,7,8,8,9,9,10,10,11,11
maceoff_water_1655	6,6,6,6,6,6,6,6,6,6,6,1,1,1,1,1,1,1,1,1,1,1,1,1,1,1,1,1,1,1,1,1,1	0.0,0.0,0.0,0.0,0.0,0.0,0.0,0.0,0.0,0.0,0.0,0.0,0.0,0.0,0.0,0.0,0.0,0.0,0.0,0.0,0.0,0.0,0.0,0.0,0.0,0.0,0.0,0.0,0.0,0.0,0.0,0.0,0.0	0,0,0,0,0,0,0,0,0,0,0,0,0,0,0,0,0,0,0,0,0,0,0,0,0,0,0,0,0,0,0,0,0	2,2,2,2,2,2,2,2,2,2,2,1,1,1,1,1,1,1,1,1,1,1,1,1,1,1,1,1,1,1,1,1,1	1/12,1/13,2/14,2/15,3/16,3/17,4/18,4/19,5/20,5/21,6/22,6/23,7/24,7/25,8/26,8/27,9/28,9/29,10/30,10/31,11/32,11/33	12/1/13,14/2/15,16/3/17,18/4/19,20/5/21,22/6/23,24/7/25,26/8/27,28/9/29,30/10/31,32/11/33	-	-	1,2,3,4,5,6,7,8,9,10,11,1,1,2,2,3,3,4,4,5,5,6,6,7,7,8,8,9,9,10,10,11,11
maceoff_water_1656	6,6,6,6,6,6,6,6,1,1,1,1,1,1,1,1,1,1,1,1,1,1,1,1	0.0,0.0,0.0,0.0,0.0,0.0,0.0,0.0,0.0,0.0,0.0,0.0,0.0,0.0,0.0,0.0,0.0,0.0,0.0,0.0,0.0,0.0,0.0,0.0	0,0,0,0,0,0,0,0,0,0,0,0,0,0,0,0,0,0,0,0,0,0,0,0	2,2,2,2,2,2,2,2,1,1,1,1,1,1,1,1,1,1,1,1,1,1,1,1	1/9,1/10,2/11,2/12,3/13,3/14,4/15,4/16,5/17,5/18,6/19,6/20,7/21,7/22,8/23,8/24	9/1/10,11/2/12,13/3/14,15/4/16,17/5/18,19/6/20,21/7/22,23/8/24	-	-	1,2,3,4,5,6,7,8,1,1,2,2,3,3,4,4,5,5,6,6,7,7,8,8
maceoff_water_1657	6,6,6,6,6,6,6,6,6,6,6,6,6,6,6,6,6,6,6,6,6,6,6,6,6,1,1,1,1,1,1,1,1,1,1,1,1,1,1,1,1,1,1,1,1,1,1,1,1,1,1,1,1,1,1,1,1,1,1,1,1,1,1,1,1,1,1,1,1,1,1,1,1,1,1	0.0,0.0,0.0,0.0,0.0,0.0,0.0,0.0,0.0,0.0,0.0,0.0,0.0,0.0,0.0,0.0,0.0,0.0,0.0,0.0,0.0,0.0,0.0,0.0,0.0,0.0,0.0,0.0,0.0,0.0,0.0,0.0,0.0,0.0,0.0,0.0,0.0,0.0,0.0,0.0,0.0,0.0,0.0,0.0,0.0,0.0,0.0,0.0,0.0,0.0,0.0,0.0,0.0,0.0,0.0,0.0,0.0,0.0,0.0,0.0,0.0,0.0,0.0,0.0,0.0,0.0,0.0,0.0,0.0,0.0,0.0,0.0,0.0,0.0,0.0	0,0,0,0,0,0,0,0,0,0,0,0,0,0,0,0,0,0,0,0,0,0,0,0,0,0,0,0,0,0,0,0,0,0,0,0,0,0,0,0,0,0,0,0,0,0,0,0,0,0,0,0,0,0,0,0,0,0,0,0,0,0,0,0,0,0,0,0,0,0,0,0,0,0,0	2,2,2,2,2,2,2,2,2,2,2,2,2,2,2,2,2,2,2,2,2,2,2,2,2,1,1,1,1,1,1,1,1,1,1,1,1,1,1,1,1,1,1,1,1,1,1,1,1,1,1,1,1,1,1,1,1,1,1,1,1,1,1,1,1,1,1,1,1,1,1,1,1,1,1	1/26,1/27,2/28,2/29,3/30,3/31,4/32,4/33,5/34,5/35,6/36,6/37,7/38,7/39,8/40,8/41,9/42,9/43,10/44,10/45,11/46,11/47,12/48,12/49,13/50,13/51,14/52,14/53,15/54,15/55,16/56,16/57,17/58,17/59,18/60,18/61,19/62,19/63,20/64,20/65,21/66,21/67,22/68,22/69,23/70,23/71,24/72,24/73,25/74,25/75	26/1/27,28/2/29,30/3/31,32/4/33,34/5/35,36/6/37,38/7/39,40/8/41,42/9/43,44/10/45,46/11/47,48/12/49,50/13/51,52/14/53,54/15/55,56/16/57,58/17/59,60/18/61,62/19/63,64/20/65,66/21/67,68/22/69,70/23/71,72/24/73,74/25/75	-	-	1,2,3,4,5,6,7,8,9,10,11,12,13,14,15,16,17,18,19,20,21,22,23,24,25,1,1,2,2,3,3,4,4,5,5,6,6,7,7,8,8,9,9,10,10,11,11,12,12,13,13,14,14,15,15,16,16,17,17,18,18,19,19,20,20,21,21,22,22,23,23,24,24,25,25
maceoff_water_1658	6,6,6,6,6,6,6,6,6,6,1,1,1,1,1,1,1,1,1,1,1,1,1,1,1,1,1,1,1,1	0.0,0.0,0.0,0.0,0.0,0.0,0.0,0.0,0.0,0.0,0.0,0.0,0.0,0.0,0.0,0.0,0.0,0.0,0.0,0.0,0.0,0.0,0.0,0.0,0.0,0.0,0.0,0.0,0.0,0.0	0,0,0,0,0,0,0,0,0,0,0,0,0,0,0,0,0,0,0,0,0,0,0,0,0,0,0,0,0,0	2,2,2,2,2,2,2,2,2,2,1,1,1,1,1,1,1,1,1,1,1,1,1,1,1,1,1,1,1,1	1/11,1/12,2/13,2/14,3/15,3/16,4/17,4/18,5/19,5/20,6/21,6/22,7/23,7/24,8/25,8/26,9/27,9/28,10/29,10/30	11/1/12,13/2/14,15/3/16,17/4/18,19/5/20,21/6/22,23/7/24,25/8/26,27/9/28,29/10/30	-	-	1,2,3,4,5,6,7,8,9,10,1,1,2,2,3,3,4,4,5,5,6,6,7,7,8,8,9,9,10,10
maceoff_water_1659	6,6,6,6,6,6,6,6,6,1,1,1,1,1,1,1,1,1,1,1,1,1,1,1,1,1,1	0.0,0.0,0.0,0.0,0.0,0.0,0.0,0.0,0.0,0.0,0.0,0.0,0.0,0.0,0.0,0.0,0.0,0.0,0.0,0.0,0.0,0.0,0.0,0.0,0.0,0.0,0.0	0,0,0,0,0,0,0,0,0,0,0,0,0,0,0,0,0,0,0,0,0,0,0,0,0,0,0	2,2,2,2,2,2,2,2,2,1,1,1,1,1,1,1,1,1,1,1,1,1,1,1,1,1,1	1/10,1/11,2/12,2/13,3/14,3/15,4/16,4/17,5/18,5/19,6/20,6/21,7/22,7/23,8/24,8/25,9/26,9/27	10/1/11,12/2/13,14/3/15,16/4/17,18/5/19,20/6/21,22/7/23,24/8/25,26/9/27	-	-	1,2,3,4,5,6,7,8,9,1,1,2,2,3,3,4,4,5,5,6,6,7,7,8,8,9,9
maceoff_water_1660	6,6,6,6,6,6,6,1,1,1,1,1,1,1,1,1,1,1,1,1,1	0.0,0.0,0.0,0.0,0.0,0.0,0.0,0.0,0.0,0.0,0.0,0.0,0.0,0.0,0.0,0.0,0.0,0.0,0.0,0.0,0.0	0,0,0,0,0,0,0,0,0,0,0,0,0,0,0,0,0,0,0,0,0	2,2,2,2,2,2,2,1,1,1,1,1,1,1,1,1,1,1,1,1,1	1/8,1/9,2/10,2/11,3/12,3/13,4/14,4/15,5/16,5/17,6/18,6/19,7/20,7/21	8/1/9,10/2/11,12/3/13,14/4/15,16/5/17,18/6/19,20/7/21	-	-	1,2,3,4,5,6,7,1,1,2,2,3,3,4,4,5,5,6,6,7,7
maceoff_water_1661	6,6,1,1,1,1	0.0,0.0,0.0,0.0,0.0,0.0	0,0,0,0,0,0	2,2,1,1,1,1	1/3,1/4,2/5,2/6	3/1/4,5/2/6	-	-	1,2,1,1,2,2
maceoff_water_1662	6,1,1	0.0,0.0,0.0	0,0,0	2,1,1	1/2,1/3	2/1/3	-	-	1,1,1
maceoff_water_1663	6,6,6,6,1,1,1,1,1,1,1,1	0.0,0.0,0.0,0.0,0.0,0.0,0.0,0.0,0.0,0.0,0.0,0.0	0,0,0,0,0,0,0,0,0,0,0,0	2,2,2,2,1,1,1,1,1,1,1,1	1/5,1/6,2/7,2/8,3/9,3/10,4/11,4/12	5/1/6,7/2/8,9/3/10,11/4/12	-	-	1,2,3,4,1,1,2,2,3,3,4,4
maceoff_water_1664	6,6,6,6,1,1,1,1,1,1,1,1	0.0,0.0,0.0,0.0,0.0,0.0,0.0,0.0,0.0,0.0,0.0,0.0	0,0,0,0,0,0,0,0,0,0,0,0	2,2,2,2,1,1,1,1,1,1,1,1	1/5,1/6,2/7,2/8,3/9,3/10,4/11,4/12	5/1/6,7/2/8,9/3/10,11/4/12	-	-	1,2,3,4,1,1,2,2,3,3,4,4
maceoff_water_1665	6,6,6,1,1,1,1,1,1	0.0,0.0,0.0,0.0,0.0,0.0,0.0,0.0,0.0	0,0,0,0,0,0,0,0,0	2,2,2,1,1,1,1,1,1	1/4,1/5,2/6,2/7,3/8,3/9	4/1/5,6/2/7,8/3/9	-	-	1,2,3,1,1,2,2,3,3
maceoff_water_1666	6,6,6,6,6,6,1,1,1,1,1,1,1,1,1,1,1,1	0.0,0.0,0.0,0.0,0.0,0.0,0.0,0.0,0.0,0.0,0.0,0.0,0.0,0.0,0.0,0.0,0.0,0.0	0,0,0,0,0,0,0,0,0,0,0,0,0,0,0,0,0,0	2,2,2,2,2,2,1,1,1,1,1,1,1,1,1,1,1,1	1/7,1/8,2/9,2/10,3/11,3/12,4/13,4/14,5/15,5/16,6/17,6/18	7/1/8,9/2/10,11/3/12,13/4/14,15/5/16,17/6/18	-	-	1,2,3,4,5,6,1,1,2,2,3,3,4,4,5,5,6,6
maceoff_water_1667	6,6,6,6,6,6,6,6,6,6,6,6,6,6,6,6,6,6,6,6,6,6,6,6,6,1,1,1,1,1,1,1,1,1,1,1,1,1,1,1,1,1,1,1,1,1,1,1,1,1,1,1,1,1,1,1,1,1,1,1,1,1,1,1,1,1,1,1,1,1,1,1,1,1,1	0.0,0.0,0.0,0.0,0.0,0.0,0.0,0.0,0.0,0.0,0.0,0.0,0.0,0.0,0.0,0.0,0.0,0.0,0.0,0.0,0.0,0.0,0.0,0.0,0.0,0.0,0.0,0.0,0.0,0.0,0.0,0.0,0.0,0.0,0.0,0.0,0.0,0.0,0.0,0.0,0.0,0.0,0.0,0.0,0.0,0.0,0.0,0.0,0.0,0.0,0.0,0.0,0.0,0.0,0.0,0.0,0.0,0.0,0.0,0.0,0.0,0.0,0.0,0.0,0.0,0.0,0.0,0.0,0.0,0.0,0.0,0.0,0.0,0.0,0.0	0,0,0,0,0,0,0,0,0,0,0,0,0,0,0,0,0,0,0,0,0,0,0,0,0,0,0,0,0,0,0,0,0,0,0,0,0,0,0,0,0,0,0,0,0,0,0,0,0,0,0,0,0,0,0,0,0,0,0,0,0,0,0,0,0,0,0,0,0,0,0,0,0,0,0	2,2,2,2,2,2,2,2,2,2,2,2,2,2,2,2,2,2,2,2,2,2,2,2,2,1,1,1,1,1,1,1,1,1,1,1,1,1,1,1,1,1,1,1,1,1,1,1,1,1,1,1,1,1,1,1,1,1,1,1,1,1,1,1,1,1,1,1,1,1,1,1,1,1,1	1/26,1/27,2/28,2/29,3/30,3/31,4/32,4/33,5/34,5/35,6/36,6/37,7/38,7/39,8/40,8/41,9/42,9/43,10/44,10/45,11/46,11/47,12/48,12/49,13/50,13/51,14/52,14/53,15/54,15/55,16/56,16/57,17/58,17/59,18/60,18/61,19/62,19/63,20/64,20/65,21/66,21/67,22/68,22/69,23/70,23/71,24/72,24/73,25/74,25/75	26/1/27,28/2/29,30/3/31,32/4/33,34/5/35,36/6/37,38/7/39,40/8/41,42/9/43,44/10/45,46/11/47,48/12/49,50/13/51,52/14/53,54/15/55,56/16/57,58/17/59,60/18/61,62/19/63,64/20/65,66/21/67,68/22/69,70/23/71,72/24/73,74/25/75	-	-	1,2,3,4,5,6,7,8,9,10,11,12,13,14,15,16,17,18,19,20,21,22,23,24,25,1,1,2,2,3,3,4,4,5,5,6,6,7,7,8,8,9,9,10,10,11,11,12,12,13,13,14,14,15,15,16,16,17,17,18,18,19,19,20,20,21,21,22,22,23,23,24,24,25,25
maceoff_water_1668	6,6,6,6,6,6,6,6,1,1,1,1,1,1,1,1,1,1,1,1,1,1,1,1	0.0,0.0,0.0,0.0,0.0,0.0,0.0,0.0,0.0,0.0,0.0,0.0,0.0,0.0,0.0,0.0,0.0,0.0,0.0,0.0,0.0,0.0,0.0,0.0	0,0,0,0,0,0,0,0,0,0,0,0,0,0,0,0,0,0,0,0,0,0,0,0	2,2,2,2,2,2,2,2,1,1,1,1,1,1,1,1,1,1,1,1,1,1,1,1	1/9,1/10,2/11,2/12,3/13,3/14,4/15,4/16,5/17,5/18,6/19,6/20,7/21,7/22,8/23,8/24	9/1/10,11/2/12,13/3/14,15/4/16,17/5/18,19/6/20,21/7/22,23/8/24	-	-	1,2,3,4,5,6,7,8,1,1,2,2,3,3,4,4,5,5,6,6,7,7,8,8
maceoff_water_1669	6,6,1,1,1,1	0.0,0.0,0.0,0.0,0.0,0.0	0,0,0,0,0,0	2,2,1,1,1,1	1/3,1/4,2/5,2/6	3/1/4,5/2/6	-	-	1,2,1,1,2,2
maceoff_water_1670	6,6,6,6,6,6,6,6,1,1,1,1,1,1,1,1,1,1,1,1,1,1,1,1	0.0,0.0,0.0,0.0,0.0,0.0,0.0,0.0,0.0,0.0,0.0,0.0,0.0,0.0,0.0,0.0,0.0,0.0,0.0,0.0,0.0,0.0,0.0,0.0	0,0,0,0,0,0,0,0,0,0,0,0,0,0,0,0,0,0,0,0,0,0,0,0	2,2,2,2,2,2,2,2,1,1,1,1,1,1,1,1,1,1,1,1,1,1,1,1	1/9,1/10,2/11,2/12,3/13,3/14,4/15,4/16,5/17,5/18,6/19,6/20,7/21,7/22,8/23,8/24	9/1/10,11/2/12,13/3/14,15/4/16,17/5/18,19/6/20,21/7/22,23/8/24	-	-	1,2,3,4,5,6,7,8,1,1,2,2,3,3,4,4,5,5,6,6,7,7,8,8
maceoff_water_1671	6,6,6,6,1,1,1,1,1,1,1,1	0.0,0.0,0.0,0.0,0.0,0.0,0.0,0.0,0.0,0.0,0.0,0.0	0,0,0,0,0,0,0,0,0,0,0,0	2,2,2,2,1,1,1,1,1,1,1,1	1/5,1/6,2/7,2/8,3/9,3/10,4/11,4/12	5/1/6,7/2/8,9/3/10,11/4/12	-	-	1,2,3,4,1,1,2,2,3,3,4,4
maceoff_water_1672	6,6,6,1,1,1,1,1,1	0.0,0.0,0.0,0.0,0.0,0.0,0.0,0.0,0.0	0,0,0,0,0,0,0,0,0	2,2,2,1,1,1,1,1,1	1/4,1/5,2/6,2/7,3/8,3/9	4/1/5,6/2/7,8/3/9	-	-	1,2,3,1,1,2,2,3,3
maceoff_water_1673	6,6,1,1,1,1	0.0,0.0,0.0,0.0,0.0,0.0	0,0,0,0,0,0	2,2,1,1,1,1	1/3,1/4,2/5,2/6	3/1/4,5/2/6	-	-	1,2,1,1,2,2
maceoff_water_1674	6,6,6,6,6,1,1,1,1,1,1,1,1,1,1	0.0,0.0,0.0,0.0,0.0,0.0,0.0,0.0,0.0,0.0,0.0,0.0,0.0,0.0,0.0	0,0,0,0,0,0,0,0,0,0,0,0,0,0,0	2,2,2,2,2,1,1,1,1,1,1,1,1,1,1	1/6,1/7,2/8,2/9,3/10,3/11,4/12,4/13,5/14,5/15	6/1/7,8/2/9,10/3/11,12/4/13,14/5/15	-	-	1,2,3,4,5,1,1,2,2,3,3,4,4,5,5
maceoff_water_1675	6,6,6,6,6,1,1,1,1,1,1,1,1,1,1	0.0,0.0,0.0,0.0,0.0,0.0,0.0,0.0,0.0,0.0,0.0,0.0,0.0,0.0,0.0	0,0,0,0,0,0,0,0,0,0,0,0,0,0,0	2,2,2,2,2,1,1,1,1,1,1,1,1,1,1	1/6,1/7,2/8,2/9,3/10,3/11,4/12,4/13,5/14,5/15	6/1/7,8/2/9,10/3/11,12/4/13,14/5/15	-	-	1,2,3,4,5,1,1,2,2,3,3,4,4,5,5
maceoff_water_1676	6,6,6,6,6,6,6,6,6,6,1,1,1,1,1,1,1,1,1,1,1,1,1,1,1,1,1,1,1,1	0.0,0.0,0.0,0.0,0.0,0.0,0.0,0.0,0.0,0.0,0.0,0.0,0.0,0.0,0.0,0.0,0.0,0.0,0.0,0.0,0.0,0.0,0.0,0.0,0.0,0.0,0.0,0.0,0.0,0.0	0,0,0,0,0,0,0,0,0,0,0,0,0,0,0,0,0,0,0,0,0,0,0,0,0,0,0,0,0,0	2,2,2,2,2,2,2,2,2,2,1,1,1,1,1,1,1,1,1,1,1,1,1,1,1,1,1,1,1,1	1/11,1/12,2/13,2/14,3/15,3/16,4/17,4/18,5/19,5/20,6/21,6/22,7/23,7/24,8/25,8/26,9/27,9/28,10/29,10/30	11/1/12,13/2/14,15/3/16,17/4/18,19/5/20,21/6/22,23/7/24,25/8/26,27/9/28,29/10/30	-	-	1,2,3,4,5,6,7,8,9,10,1,1,2,2,3,3,4,4,5,5,6,6,7,7,8,8,9,9,10,10
maceoff_water_1677	6,6,6,6,6,6,6,6,6,6,1,1,1,1,1,1,1,1,1,1,1,1,1,1,1,1,1,1,1,1	0.0,0.0,0.0,0.0,0.0,0.0,0.0,0.0,0.0,0.0,0.0,0.0,0.0,0.0,0.0,0.0,0.0,0.0,0.0,0.0,0.0,0.0,0.0,0.0,0.0,0.0,0.0,0.0,0.0,0.0	0,0,0,0,0,0,0,0,0,0,0,0,0,0,0,0,0,0,0,0,0,0,0,0,0,0,0,0,0,0	2,2,2,2,2,2,2,2,2,2,1,1,1,1,1,1,1,1,1,1,1,1,1,1,1,1,1,1,1,1	1/11,1/12,2/13,2/14,3/15,3/16,4/17,4/18,5/19,5/20,6/21,6/22,7/23,7/24,8/25,8/26,9/27,9/28,10/29,10/30	11/1/12,13/2/14,15/3/16,17/4/18,19/5/20,21/6/22,23/7/24,25/8/26,27/9/28,29/10/30	-	-	1,2,3,4,5,6,7,8,9,10,1,1,2,2,3,3,4,4,5,5,6,6,7,7,8,8,9,9,10,10
maceoff_water_1678	6,6,6,6,6,6,6,6,1,1,1,1,1,1,1,1,1,1,1,1,1,1,1,1	0.0,0.0,0.0,0.0,0.0,0.0,0.0,0.0,0.0,0.0,0.0,0.0,0.0,0.0,0.0,0.0,0.0,0.0,0.0,0.0,0.0,0.0,0.0,0.0	0,0,0,0,0,0,0,0,0,0,0,0,0,0,0,0,0,0,0,0,0,0,0,0	2,2,2,2,2,2,2,2,1,1,1,1,1,1,1,1,1,1,1,1,1,1,1,1	1/9,1/10,2/11,2/12,3/13,3/14,4/15,4/16,5/17,5/18,6/19,6/20,7/21,7/22,8/23,8/24	9/1/10,11/2/12,13/3/14,15/4/16,17/5/18,19/6/20,21/7/22,23/8/24	-	-	1,2,3,4,5,6,7,8,1,1,2,2,3,3,4,4,5,5,6,6,7,7,8,8
maceoff_water_1679	6,6,6,6,6,6,6,1,1,1,1,1,1,1,1,1,1,1,1,1,1	0.0,0.0,0.0,0.0,0.0,0.0,0.0,0.0,0.0,0.0,0.0,0.0,0.0,0.0,0.0,0.0,0.0,0.0,0.0,0.0,0.0	0,0,0,0,0,0,0,0,0,0,0,0,0,0,0,0,0,0,0,0,0	2,2,2,2,2,2,2,1,1,1,1,1,1,1,1,1,1,1,1,1,1	1/8,1/9,2/10,2/11,3/12,3/13,4/14,4/15,5/16,5/17,6/18,6/19,7/20,7/21	8/1/9,10/2/11,12/3/13,14/4/15,16/5/17,18/6/19,20/7/21	-	-	1,2,3,4,5,6,7,1,1,2,2,3,3,4,4,5,5,6,6,7,7
maceoff_water_1680	6,1,1	0.0,0.0,0.0	0,0,0	2,1,1	1/2,1/3	2/1/3	-	-	1,1,1
maceoff_water_1681	6,6,6,6,1,1,1,1,1,1,1,1	0.0,0.0,0.0,0.0,0.0,0.0,0.0,0.0,0.0,0.0,0.0,0.0	0,0,0,0,0,0,0,0,0,0,0,0	2,2,2,2,1,1,1,1,1,1,1,1	1/5,1/6,2/7,2/8,3/9,3/10,4/11,4/12	5/1/6,7/2/8,9/3/10,11/4/12	-	-	1,2,3,4,1,1,2,2,3,3,4,4
